Amino_acid,Pos1,Pos2,Pos3,Pos4,Pos5,Pos6,Pos6A,Pos7,Pos8,Pos9,Pos10,Pos11,Pos11A,Pos11B,Pos12,Pos13,Pos14,Pos14A,Pos14B,Pos14C,Pos15,Pos15A,Pos15B,Pos15C,Pos16,Pos17,Pos18,Pos19,Pos20,Pos21,Pos21A,Pos21B,Pos22,Pos22A,Pos22B,Pos22C,Pos23,Pos24,Pos25,Pos26,Pos27,Pos28,Pos29,Pos30,Pos31,Pos32,Pos33,Pos34,Pos35,Pos35A,Pos35B,Pos35C,Pos35D,Pos35E,Pos35F,Pos35G,Pos35H,Pos35I,Pos35J,Pos35K,Pos35L,Pos35M,Pos35N,Pos35O,Pos35P,Pos35Q,Pos36,Pos36A,Pos36B,Pos36C,Pos36D,Pos36E,Pos36F,Pos36G,Pos36H,Pos36I,Pos36J,Pos36K,Pos37,Pos37A,Pos37B,Pos37C,Pos37D,Pos38,Pos38A,Pos38B,Pos38C,Pos38D,Pos39,Pos39A,Pos39B,Pos39C,Pos39D,Pos39E,Pos39F,Pos40,Pos40A,Pos40B,Pos40C,Pos40D,Pos40E,Pos41,Pos41A,Pos41B,Pos41C,Pos41D,Pos41E,Pos42,Pos42A,Pos42B,Pos42C,Pos42D,Pos43,Pos43A,Pos43B,Pos43C,Pos43D,Pos43E,Pos43F,Pos43G,Pos43H,Pos43I,Pos44,Pos44A,Pos44B,Pos44C,Pos44D,Pos44E,Pos44F,Pos44G,Pos44H,Pos45,Pos45A,Pos45B,Pos45C,Pos45D,Pos45E,Pos45F,Pos45G,Pos45H,Pos45I,Pos46,Pos46A,Pos46B,Pos46C,Pos46D,Pos47,Pos47A,Pos47B,Pos47C,Pos47D,Pos47E,Pos47F,Pos48,Pos49,Pos50,Pos51,Pos52,Pos52A,Pos52B,Pos52C,Pos52D,Pos52E,Pos52F,Pos52G,Pos52H,Pos52I,Pos52J,Pos52K,Pos52L,Pos52M,Pos52N,Pos53,Pos54,Pos55,Pos56,Pos57,Pos58,Pos59,Pos59A,Pos59B,Pos59C,Pos59D,Pos59E,Pos60,Pos60A,Pos60B,Pos60C,Pos61,Pos61A,Pos61B,Pos61C,Pos61D,Pos62,Pos62A,Pos62B,Pos62C,Pos62D,Pos62E,Pos63,Pos63A,Pos63B,Pos63C,Pos64,Pos64A,Pos64B,Pos64C,Pos64D,Pos64E,Pos64F,Pos64G,Pos65,Pos65A,Pos65B,Pos65C,Pos66,Pos67,Pos67A,Pos67B,Pos67C,Pos67D,Pos67E,Pos67F,Pos67G,Pos67H,Pos68,Pos68A,Pos68B,Pos68C,Pos69,Pos69A,Pos69B,Pos69C,Pos69D,Pos69E,Pos69F,Pos69G,Pos69H,Pos69I,Pos70,Pos70A,Pos70B,Pos70C,Pos70D,Pos70E,Pos71,Pos71A,Pos71B,Pos71C,Pos71D,Pos71E,Pos71F,Pos71G,Pos72,Pos72A,Pos72B,Pos72C,Pos72D,Pos72E,Pos72F,Pos72G,Pos73,Pos73A,Pos73B,Pos73C,Pos73D,Pos73E,Pos73F,Pos73G,Pos74,Pos74A,Pos74B,Pos74C,Pos74D,Pos74E,Pos74F,Pos74G,Pos74H,Pos75,Pos75A,Pos75B,Pos75C,Pos75D,Pos75E,Pos75F,Pos76,Pos76A,Pos76B,Pos76C,Pos76D,Pos76E,Pos76F,Pos76G,Pos76H,Pos77,Pos77A,Pos77B,Pos77C,Pos77D,Pos77E,Pos78,Pos78A,Pos78B,Pos78C,Pos79,Pos79A,Pos79B,Pos79C,Pos79D,Pos79E,Pos80,Pos80A,Pos80B,Pos81,Pos82,Pos82A,Pos82B,Pos82C,Pos82D,Pos82E,Pos83,Pos84,Pos84A,Pos85,Pos85A,Pos86,Pos86A,Pos87,Pos87A,Pos88,Pos88A,Pos89,Pos89A,Pos89B,Pos89C,Pos89D,Pos89E,Pos89F,Pos89G,Pos89H,Pos90,Pos91,Pos92,Pos93,Pos94,Pos95,Pos96,Pos97,Pos98,Pos99,Pos100,Pos100A,Pos100B,Pos100C,Pos100D,Pos100E,Pos100F,Pos100G,Pos100H,Pos100I,Pos100J,Pos100K,Pos100L,Pos100M,Pos100N,Pos100O,Pos100P,Pos100Q,Pos100R,Pos100S,Pos100T,Pos100U,Pos100V,Pos100W,Pos100X,Pos101,Pos102,Pos103,Pos104,Pos104A,Pos104B,Pos104C,Pos104D,Pos104E,Pos104F,Pos105,Pos105A,Pos105B,Pos105C,Pos105D,Pos105E,Pos105F,Pos106,Pos107,Pos108,Pos108A,Pos109,Pos110,Pos111,Pos112,Pos113
-,12246,602,264,223,194,189,16969,172,165,166,161,149,16978,16979,139,120,106,16979,16979,16979,73,16979,16979,16980,73,61,49,44,36,33,16979,16980,30,16977,16979,16980,1,1,2,6,11,14,15,17,18,40,158,305,983,16291,16573,16770,16858,16913,16942,16964,16974,16979,16980,16980,16980,16980,16980,16980,16980,16980,1,16979,16979,16979,16979,16979,16979,16979,16979,16979,16979,16979,0,16980,16980,16980,16980,0,16976,16978,16979,16979,16,16975,16977,16979,16979,16980,16980,15,16978,16978,16978,16978,16978,15,16968,16979,16979,16980,16980,3,16972,16977,16978,16979,4,16962,16972,16974,16977,16978,16978,16978,16978,16979,2,16841,16937,16939,16977,16979,16979,16979,16979,7,16940,16955,16961,16967,16979,16979,16979,16979,16979,7,16963,16967,16970,16978,7,16976,16976,16976,16978,16979,16980,7,2,12,26,183,3727,16426,16603,16775,16841,16898,16926,16946,16953,16964,16968,16977,16979,16979,0,0,0,0,0,17,10,16976,16979,16979,16980,16980,2,16976,16978,16978,3,16980,16980,16980,16980,7,16980,16980,16980,16980,16980,10,16979,16979,16979,4,16967,16980,16980,16980,16980,16980,16980,2,16980,16980,16980,1,1,16979,16979,16979,16979,16979,16979,16979,16979,1,16980,16980,16980,4,16972,16972,16978,16980,16980,16980,16980,16980,16980,4,16978,16979,16980,16980,16980,3,16976,16978,16979,16979,16979,16979,16979,17,16975,16976,16976,16978,16979,16979,16980,57,16964,16972,16974,16976,16978,16978,16980,72,16950,16970,16977,16978,16980,16980,16980,16980,44,16972,16974,16977,16978,16978,16978,43,16973,16974,16978,16979,16980,16980,16980,16980,30,16971,16973,16977,16979,16979,3,16965,16974,16978,3,16973,16978,16979,16980,16980,0,16978,16978,0,0,0,1,1,16980,16980,0,0,16979,0,16980,0,16980,0,16980,0,16980,0,16980,16980,16980,16980,16980,16980,16980,16980,0,0,0,0,0,0,0,0,0,0,0,0,0,0,0,0,0,0,0,0,0,0,6084,9997,12314,14306,15000,16190,16652,16831,16908,16956,16965,16976,16979,0,0,0,0,16978,16980,16980,16980,16980,16980,0,16978,16980,16980,16980,16980,16980,2,25,47,16980,47,58,86,281,3371
A,0,17,1,0,9,26,0,17,7,4,255,88,0,0,527,10,4901,0,0,0,12,0,0,0,88,116,61,21,1,408,0,0,2,0,0,0,9495,12350,350,268,373,749,291,538,553,663,8219,195,2261,84,55,51,26,4,16,2,5,0,0,0,0,0,0,0,0,0,2,0,0,0,1,0,0,0,0,0,0,0,84,0,0,0,0,3,0,0,0,0,5,1,0,0,0,0,0,14023,0,0,0,0,0,165,0,0,0,0,0,24,0,1,1,0,122,1,0,0,0,0,0,0,1,0,654,0,16,0,0,0,0,1,0,18,0,0,0,0,0,0,0,0,0,94,1,0,0,0,1391,0,0,0,0,0,0,97,6804,2314,99,636,702,22,16,13,2,10,2,2,4,0,2,1,0,0,410,800,461,502,859,419,11,0,0,0,0,0,11071,0,0,0,434,0,0,0,0,527,0,0,0,0,0,807,0,0,0,77,1,0,0,0,0,0,0,95,0,0,0,0,37,0,0,1,0,0,0,0,0,636,0,0,0,139,0,0,0,0,0,0,0,0,0,335,1,0,0,0,0,125,1,0,1,0,0,0,0,157,1,1,0,1,0,0,0,242,4,0,0,0,0,0,0,12788,10,0,0,2,0,0,0,0,189,0,0,0,0,0,0,127,1,0,0,0,0,0,0,0,611,0,0,0,0,0,1004,0,0,1,127,0,0,0,0,0,0,0,0,15,14,109,210,22,0,0,67,328,0,150,0,137,0,290,0,14287,0,119,0,0,0,0,0,0,0,0,1,19,3,14958,12029,1491,855,1171,859,1003,814,1379,2185,901,1074,1335,1261,1162,1163,1102,1147,680,657,226,172,110,48,28,16,4,0,0,0,0,0,719,431,12,43,0,0,0,0,0,0,24,0,0,0,0,0,0,7,222,43,0,25,369,48,297,984
C,0,0,1,0,0,0,0,5,1,2,3,0,0,0,0,0,2,0,0,0,0,0,0,0,0,6,0,1,0,5,0,0,16765,0,1,0,1,4,38,1,40,17,21,70,70,128,1323,68,105,26,14,4,2,3,0,1,0,0,0,0,0,0,0,0,0,0,60,0,0,0,0,0,0,0,0,0,0,0,55,0,0,0,0,43,0,0,0,0,0,0,0,0,0,0,0,2,0,0,0,0,0,0,0,0,0,0,0,0,0,0,0,0,1,0,0,0,0,0,0,0,0,0,1,0,0,0,0,0,0,0,1,203,1,0,0,0,0,0,0,0,0,1,0,0,0,0,23,0,0,0,0,0,0,1,13,9430,9,62,31,0,0,1,0,0,0,0,0,0,0,0,0,0,38,17,20,15,1,28,27,0,0,0,0,0,3,0,0,0,0,0,0,0,0,7,0,0,0,0,0,3,0,0,0,0,0,0,0,0,0,0,0,37,0,0,0,5,47,0,0,0,0,0,0,0,0,1,0,0,0,5,0,0,0,0,0,0,0,0,0,15,0,0,0,0,0,6,0,0,0,0,0,0,0,1,0,0,0,0,0,0,0,0,0,0,0,0,0,0,0,3,0,0,0,0,0,0,0,0,1,0,0,0,0,0,0,0,0,0,0,0,0,0,0,0,0,0,0,0,0,0,3,0,0,0,21,0,0,0,0,0,0,0,0,0,0,2,18,1,0,0,0,4,0,0,0,0,0,0,0,5,0,3,0,0,0,0,0,0,0,0,28,67,16082,3,9,37,570,151,474,501,1040,866,837,1472,1551,1385,1205,845,1278,348,256,139,70,133,9,11,10,6,12,0,3,0,0,0,0,16,64,16,24,0,0,0,0,0,0,0,0,0,0,0,0,0,0,0,0,0,0,0,0,9,0
D,426,0,0,0,0,8,0,0,1,0,381,0,0,0,0,30,26,0,0,0,2,0,0,0,299,2,0,3,0,22,0,0,0,0,0,0,60,35,39,155,498,205,364,6446,2628,337,668,32,82,6,10,12,4,7,0,0,0,0,0,0,0,0,0,0,0,0,0,0,0,0,0,0,0,0,0,1,0,0,12,0,0,0,0,0,0,0,0,0,6,0,0,0,0,0,0,46,0,0,0,0,0,5,0,1,0,0,0,40,0,0,0,0,27,1,0,0,0,2,0,0,0,0,425,1,1,20,1,0,0,0,0,4,0,3,4,0,1,0,0,1,0,243,1,2,1,0,23,0,1,0,0,0,0,12,0,297,39,1269,415,24,75,14,10,2,1,4,1,6,0,0,0,0,662,4217,1609,996,21,830,97,1,1,0,0,0,207,3,0,2,13901,0,0,0,0,168,0,0,0,0,0,6,0,1,0,15,0,0,0,0,0,0,0,442,0,0,0,0,0,0,0,0,0,1,0,1,0,12,0,0,0,3,0,0,0,0,0,0,0,0,0,27,0,0,0,0,0,3,0,0,0,0,0,0,0,15746,0,0,2,0,0,1,0,1396,2,0,0,0,2,0,0,736,3,0,0,0,0,0,0,0,695,0,1,2,0,0,0,406,0,1,0,0,0,0,0,0,1,0,0,0,0,0,8,0,0,0,328,1,0,0,0,0,0,0,0,98,0,2405,915,0,0,0,77,43,0,858,0,16503,0,1,0,123,0,188,0,0,0,0,0,0,0,0,109,104,5,33,49,5407,648,953,634,1101,975,764,1285,1066,855,630,1160,929,903,1516,1900,1221,784,408,956,476,198,103,93,8,2,1,1,0,0,9110,480,0,64,0,0,0,0,0,0,24,0,0,0,0,0,0,0,1,0,0,12,7,4,6,0
E,2704,10,2,0,12,16709,0,1,6,14,32,118,0,0,34,291,14,0,0,0,24,0,0,0,903,0,0,28,0,2,0,0,0,0,0,0,497,6,26,651,73,71,346,1103,248,84,84,82,21,4,14,2,0,0,0,0,0,0,0,0,0,0,0,0,0,0,0,0,0,0,0,0,0,0,1,0,1,0,0,0,0,0,0,0,0,0,0,0,118,1,0,0,0,0,0,7,0,1,1,2,0,11,0,0,0,0,0,132,1,1,0,0,403,9,0,6,0,0,0,0,0,0,12308,4,3,19,2,0,0,0,0,8,19,14,8,0,0,0,0,0,0,15913,8,1,7,2,339,0,2,1,1,0,0,11,24,68,7,179,82,14,10,3,3,1,1,0,1,1,0,0,0,0,128,269,333,145,160,486,10,1,0,0,0,0,298,0,0,0,1154,0,0,0,0,4,0,0,0,0,0,37,0,0,1,1204,4,0,0,0,0,0,0,28,0,0,0,0,0,0,0,0,0,0,0,0,0,0,0,0,0,0,0,0,0,0,0,0,0,0,0,17,0,0,0,0,0,60,1,0,0,0,0,0,0,244,0,0,0,0,0,0,0,37,0,1,1,0,0,0,0,117,6,0,0,0,0,0,0,0,1058,0,0,0,0,0,2,46,0,0,1,0,0,0,0,0,67,0,0,0,1,0,40,0,0,0,33,0,0,0,0,0,0,0,0,823,0,151,92,2,0,0,1388,26,1,15377,0,189,0,2,0,4,0,67,0,0,0,0,0,0,0,0,7,2,3,149,188,2007,696,594,467,357,568,468,631,579,470,492,459,643,999,632,1797,1325,757,535,261,670,89,34,11,30,5,1,2,0,0,1267,65,23,5,0,0,0,0,0,0,427,0,0,0,0,0,0,28,0,80,0,1,0,0,0,0
F,0,4,0,11,0,0,0,11,0,0,1,97,0,0,3,0,38,0,0,0,1,0,0,0,0,33,1,0,17,15,0,0,27,0,0,0,8,118,55,32,7117,208,5091,95,339,579,154,116,24,40,4,5,0,0,0,0,0,0,0,0,0,0,0,0,0,0,14,1,0,0,0,0,0,0,0,0,0,0,13443,0,0,0,0,0,0,0,0,0,0,0,0,0,0,0,0,21,0,0,0,0,0,2,0,0,0,0,0,0,0,0,0,0,6,0,0,0,0,0,0,0,0,0,2,0,0,0,0,0,0,0,0,35,0,0,1,0,0,0,0,0,0,3,0,0,0,0,1545,0,0,0,0,0,0,40,16,174,306,47,124,3,27,10,1,0,1,8,0,3,0,0,0,0,168,88,60,216,35,803,169,0,0,0,0,0,9,0,0,0,5,0,0,0,0,348,0,0,0,0,0,15,0,0,0,1,0,0,0,0,0,0,0,0,0,0,0,0,16373,0,0,0,0,0,0,0,0,30,0,0,0,58,0,0,0,0,0,0,0,0,0,147,0,0,0,0,0,22,0,0,0,0,0,0,1,0,0,0,0,0,0,0,0,31,0,0,0,0,0,0,0,67,1,0,1,0,0,0,0,0,1,0,0,0,0,0,0,3,0,0,0,0,0,0,0,0,2,0,0,0,0,0,79,0,1,0,668,0,0,0,0,0,7,0,0,3,3,1,6,3,0,0,175,95,0,0,0,0,0,0,0,1,0,60,0,0,0,0,0,0,0,0,45,1138,28,3,31,101,730,630,563,533,463,339,342,395,431,435,395,524,304,366,393,980,745,439,225,172,81,77,23,18,21,3,4,1,0,44,734,70,0,0,0,0,0,0,0,2,0,0,0,0,0,0,0,0,1,0,12,2,14,5,0
G,0,709,0,0,27,23,4,11,16756,16763,16014,4,0,0,64,2,12,0,0,0,16819,1,0,0,15069,3,2,104,0,2,0,0,46,0,0,0,92,544,36,14770,565,233,186,1622,625,293,786,606,11168,224,161,55,29,21,8,8,0,1,0,0,0,0,0,0,0,0,82,0,0,0,0,0,1,0,0,0,0,1,14,0,0,0,0,15,1,1,1,0,12,0,0,1,0,0,0,234,0,1,0,0,0,8,3,0,0,0,0,16530,5,1,0,1,165,0,0,0,2,0,1,0,1,0,1898,0,0,0,0,1,0,0,0,96,1,0,0,0,0,0,0,0,0,272,6,0,0,0,9809,0,0,2,1,1,0,159,362,780,10,698,747,109,81,70,10,4,14,1,8,0,0,0,0,1,2060,8877,9117,669,42,122,4,0,0,0,0,0,557,0,0,0,239,0,0,0,0,21,0,0,0,0,0,217,0,0,0,42,1,0,0,0,0,0,0,16156,0,0,0,28,1,0,0,0,0,0,0,0,0,11,0,0,0,39,0,0,0,0,0,0,0,0,0,29,0,0,0,0,0,382,0,0,0,0,0,0,0,198,0,0,1,0,0,0,0,251,2,0,0,0,0,0,0,786,1,0,0,0,0,0,0,0,303,0,0,0,0,0,0,312,1,0,0,0,0,0,0,0,2,0,1,0,0,0,246,0,0,0,7,0,0,0,0,0,1,0,0,7,5,56,1356,0,0,0,49,12,0,281,0,57,0,10,0,2399,0,52,0,0,0,0,0,0,0,0,0,12,356,431,358,1331,1237,2085,1883,1580,2421,1900,2140,2050,1457,1367,1122,1370,1501,1359,2204,1406,638,707,339,179,110,55,38,4,5,2,0,0,0,2198,78,102,16724,0,0,0,0,0,0,42,0,0,0,0,0,0,16909,3,5,0,15,0,25,3,0
H,462,0,10,4,0,0,0,0,0,0,0,0,0,0,0,152,9,0,0,0,0,0,0,0,0,0,5,1,14,0,0,0,1,0,0,0,6,28,28,7,134,33,81,191,643,576,271,11,83,7,1,0,7,0,2,0,0,0,0,0,0,0,0,0,0,0,0,0,0,0,0,0,0,0,0,0,0,0,35,0,0,0,0,109,0,0,0,0,100,0,0,0,0,0,0,8,0,0,0,0,0,5,0,0,0,0,0,0,0,0,0,0,6,0,0,0,0,0,0,0,0,0,5,0,0,0,0,0,0,0,0,88,0,2,0,0,0,0,0,0,0,3,0,4,0,0,6,1,0,0,0,0,0,0,2,105,21,139,190,2,3,0,6,0,0,0,0,0,0,0,0,0,122,450,160,115,3,720,168,0,0,0,0,0,60,0,0,0,185,0,0,0,0,25,0,0,0,0,0,0,0,0,0,1,0,0,0,0,0,0,0,2,0,0,0,4,0,0,0,0,0,0,0,0,0,15,0,0,0,9,0,1,0,0,0,0,0,0,0,14,0,0,0,0,0,104,0,0,0,0,0,0,0,76,0,0,0,0,0,0,0,194,0,0,0,0,0,0,0,25,0,1,0,0,0,0,0,0,11,0,0,0,0,0,0,114,0,0,0,0,0,0,0,0,3,0,0,0,0,0,15,0,0,0,303,5,0,1,0,0,6,1,0,250,0,250,44,4,0,0,23,86,0,1,0,14,0,5,0,2,0,14,0,0,0,0,0,0,0,0,34,233,1,16,29,149,360,262,266,402,240,152,167,267,302,187,201,305,288,276,234,229,170,142,74,14,9,5,0,4,0,5,0,1,0,220,697,8,5,0,0,0,0,0,0,215,0,0,0,0,0,0,0,9,48,0,0,1,0,0,0
I,0,0,0,10,0,0,0,2,0,0,1,0,0,0,3,0,88,0,0,0,0,0,0,0,0,2,3,46,56,3,0,0,0,0,0,0,478,697,22,20,559,1337,288,126,1017,108,620,7739,98,91,37,11,18,14,8,0,0,0,0,0,0,0,0,0,0,0,0,0,0,0,0,0,0,0,0,0,0,0,133,0,0,0,0,0,0,0,0,0,0,0,0,0,0,0,0,94,0,0,0,0,0,9,0,0,0,0,0,0,0,0,0,0,7,0,0,0,0,0,0,0,0,0,1,0,0,0,0,0,0,0,0,21,0,0,0,0,0,0,0,0,0,15,0,0,0,0,52,0,0,0,0,0,0,1834,24,147,13908,178,280,23,12,7,12,1,1,2,1,0,0,0,0,0,317,70,303,473,821,209,69,1,0,0,0,0,151,0,0,0,7,0,0,0,0,9,0,0,0,0,0,33,0,0,0,12,0,0,0,0,0,0,0,1,0,0,0,0,57,0,1,0,0,0,0,0,0,357,0,0,0,14384,0,3,2,0,0,0,0,0,0,9,0,0,0,0,0,137,0,0,0,0,0,0,0,3,0,0,0,0,0,0,0,208,2,1,0,0,0,0,0,42,0,0,0,0,0,0,0,0,24,0,1,0,0,0,0,29,0,1,0,0,0,0,0,0,281,0,0,1,0,0,239,0,0,0,46,0,0,0,0,0,11,0,0,6,306,74,57,13,0,0,72,49,0,0,0,0,0,10,0,0,0,817,0,0,0,0,0,0,0,0,0,106,1,23,141,163,404,558,545,591,534,479,349,360,480,827,403,826,343,680,435,344,141,90,60,11,14,6,3,2,1,0,0,0,0,128,546,7,0,0,0,0,0,0,0,2,0,0,0,0,0,0,0,166,0,0,92,294,41,0,0
K,0,0,15,0,1,5,0,0,2,0,1,15,0,0,1,80,0,0,0,0,0,0,0,0,23,0,0,886,0,2,0,0,0,0,0,0,231,6,6,57,121,67,23,146,144,107,44,27,29,1,0,10,0,0,0,0,0,0,0,0,0,0,0,0,0,0,0,0,0,0,0,0,0,1,0,0,0,0,0,0,0,0,0,1,0,0,0,0,31,0,0,0,0,0,0,7,0,0,0,0,0,6,1,0,0,0,0,4,0,0,0,0,14920,1,1,0,0,0,0,0,0,1,204,78,18,1,0,0,0,0,0,25,4,0,0,0,0,0,0,0,0,130,0,1,0,0,54,1,0,0,0,0,0,0,1,12,11,96,217,8,9,2,0,8,0,0,1,0,0,0,1,0,325,37,95,506,1034,856,4,0,0,0,0,0,106,0,0,0,75,0,0,0,0,1,0,0,0,0,0,7,0,0,0,13967,4,0,0,0,0,0,0,1,0,0,0,3,0,0,0,0,0,0,0,0,0,6,0,0,0,0,0,0,0,0,0,0,0,0,0,1,0,0,0,0,0,1158,0,0,0,1,0,0,0,2,0,0,0,0,0,0,0,541,1,1,0,0,0,0,0,17,6,7,0,0,0,0,0,0,13018,2,0,0,0,0,0,835,1,0,1,0,0,0,0,0,124,0,1,0,0,0,3,1,0,0,6,0,0,0,0,0,3,0,0,255,38,217,91,2,0,0,12194,0,0,36,0,2,0,60,0,0,0,66,0,0,0,0,0,0,0,0,2,13,1,13,376,554,647,294,167,227,175,189,191,156,767,156,188,196,249,367,300,191,478,127,113,36,8,25,3,1,1,0,0,0,0,181,35,11,0,0,0,0,0,0,0,2972,0,0,0,0,0,0,0,10,46,0,0,2,0,0,0
L,2,4284,11,16698,8,0,0,4,0,1,0,12679,0,0,20,48,27,0,1,0,1,0,0,0,0,4,16514,24,16607,15,0,0,2,0,0,0,154,121,18,49,1100,294,6582,95,297,287,83,551,41,22,15,3,1,3,0,3,0,0,0,0,0,0,0,0,0,0,45,0,0,1,0,0,0,0,0,0,0,0,249,0,0,0,0,63,0,0,0,0,151,1,0,0,0,0,0,58,1,0,0,0,0,148,1,0,0,0,0,5,0,0,0,0,34,0,0,0,0,0,0,0,0,0,43,0,1,0,0,0,0,0,0,1080,0,0,0,0,0,0,0,0,0,8,0,0,0,0,1189,0,0,0,0,0,0,501,116,121,696,62,179,12,16,5,1,4,1,0,0,4,0,1,0,0,161,92,168,127,252,260,142,0,0,0,0,0,375,1,0,0,13,0,0,0,0,18,0,0,0,0,0,285,0,0,0,62,0,0,0,0,0,0,0,0,0,0,0,21,117,0,0,0,0,0,0,0,1,35,0,0,0,261,0,1,0,0,0,0,0,0,0,17,1,0,0,0,0,100,0,0,0,0,0,0,0,5,0,1,1,0,0,0,0,25,0,0,0,0,0,0,0,128,0,0,0,0,0,0,0,0,112,2,0,0,0,0,0,14,0,1,0,0,0,0,0,0,69,1,0,0,0,0,2319,0,1,0,87,1,0,0,0,0,16587,0,2,105,722,26,9,16397,0,0,58,189,0,1,0,1,0,5,0,0,0,413,0,0,0,0,0,0,0,0,1,103,12,4,326,493,1387,1146,1770,1257,911,1483,728,742,880,1452,1828,1335,1449,750,1528,660,458,271,484,92,52,44,11,18,1,0,0,0,0,201,296,36,0,0,0,0,0,0,0,70,0,0,0,0,0,0,0,2,2314,0,9,4,4,0,0
M,0,6,0,2,13,0,0,1,0,0,0,105,0,0,32,3,0,0,0,0,0,0,0,0,8,0,49,12,2,0,0,0,0,0,0,0,9,38,3,9,34,453,172,37,168,122,131,5069,129,57,34,18,8,4,2,0,1,0,0,0,0,0,0,0,0,0,0,0,0,0,0,0,0,0,0,0,0,0,1,0,0,0,0,0,0,0,0,0,5,0,0,0,0,0,0,1,0,0,0,0,0,0,0,0,0,0,0,6,0,0,0,0,60,0,0,0,0,0,0,0,0,0,21,0,2,0,0,0,0,0,0,2,0,0,0,0,0,0,0,0,0,11,0,0,0,0,124,0,0,0,0,0,0,13,6,22,388,53,78,4,1,8,1,0,1,0,0,0,0,0,0,0,74,8,41,197,49,145,2,0,0,0,0,0,5,0,0,0,3,0,0,0,0,0,0,0,0,0,0,232,0,0,0,69,0,0,0,0,0,0,0,0,0,0,0,0,1,0,0,0,0,0,0,0,0,1,0,0,0,244,0,2,0,0,0,0,0,0,0,0,0,0,0,0,0,18,0,0,0,0,0,1,0,1,0,1,0,0,0,0,0,32,0,0,0,0,0,0,0,3,0,0,0,0,0,0,0,0,54,0,0,0,0,0,0,29,0,0,0,0,0,0,0,0,823,0,0,2,0,0,466,1,1,0,0,0,0,0,0,0,55,0,0,5,15651,6,43,108,0,0,43,2,0,2,0,0,0,25,0,0,0,1702,0,0,0,0,0,0,0,0,0,4,0,26,17,184,116,146,163,132,146,216,180,617,525,437,540,689,198,339,133,1425,609,306,273,103,102,57,27,11,1,0,1,0,0,37,10,4,0,0,0,0,0,0,0,11,0,0,0,0,0,0,0,2,16,0,0,3,1,0,0
N,0,0,0,0,0,0,0,0,0,0,21,2,0,0,0,39,14,0,0,0,0,0,0,0,39,4,0,183,0,12,0,0,0,0,0,0,13,27,49,45,249,466,138,1063,1075,1271,283,33,224,19,6,0,3,0,0,0,0,0,0,0,0,0,0,0,0,0,0,0,0,0,0,0,0,0,0,0,0,0,23,0,0,0,0,0,0,0,0,0,0,0,0,0,0,0,0,11,0,0,1,0,0,1,0,0,0,0,0,7,0,0,0,0,235,1,0,0,0,0,0,0,0,0,26,5,0,0,0,0,0,0,0,6,3,0,0,0,0,0,0,0,0,6,0,0,0,0,3,0,0,0,0,0,0,0,0,79,39,1228,902,31,18,3,2,5,10,0,1,1,1,0,0,0,974,308,311,1013,25,4367,78,0,0,0,0,0,17,0,0,0,414,0,0,0,0,14,0,0,0,0,0,2,0,0,0,310,1,0,0,0,0,0,0,73,0,0,0,0,0,0,0,0,0,0,1,0,0,85,0,0,0,47,0,0,0,0,0,0,0,0,0,15,0,0,0,0,0,20,1,0,0,0,1,0,0,299,1,1,0,0,0,0,0,11980,1,3,1,2,0,1,0,116,0,0,2,0,0,0,0,0,415,2,0,0,2,0,0,13828,0,1,0,1,0,0,0,0,22,1,0,0,0,0,16,0,0,0,209,0,0,0,0,0,0,0,0,14,0,11957,2807,0,0,0,559,12,0,59,0,34,0,10,0,1,0,427,0,0,0,0,0,0,0,0,29,32,4,195,31,295,264,275,181,356,244,355,316,366,292,705,712,602,393,529,434,344,220,78,85,39,44,6,11,1,0,2,0,1,0,892,294,2,1,0,0,0,0,0,0,94,0,0,0,0,0,0,0,46,2,0,0,435,0,0,0
P,0,0,17,11,0,0,0,13,0,2,0,75,0,0,0,115,10572,0,0,0,1,0,0,0,0,58,51,12,95,93,0,0,1,0,0,0,32,176,340,47,167,630,143,98,191,68,353,10,9,2,0,0,0,0,1,0,0,0,0,0,0,0,0,0,0,0,1,0,0,0,0,1,0,0,0,0,0,0,4,0,0,0,0,27,0,0,0,0,118,1,1,0,0,0,0,256,0,0,0,0,0,16284,0,0,0,0,0,1,1,0,1,0,16,3,3,0,0,0,0,0,0,0,38,21,0,0,0,0,0,0,0,340,0,1,0,0,0,0,0,0,0,1,0,1,0,0,242,1,0,1,0,0,0,4,72,8,0,226,959,2,16,2,8,11,0,1,0,0,0,1,0,0,189,58,57,95,504,18,76,0,0,0,0,0,155,0,0,0,158,0,0,0,0,373,0,0,0,0,0,3,0,0,0,7,0,0,0,0,0,0,0,0,0,0,0,13,3,0,0,0,0,0,0,0,0,192,0,0,0,5,0,0,0,0,0,0,0,0,0,412,0,0,0,0,0,15,0,0,0,0,0,0,0,3,0,0,0,0,0,0,0,18,1,0,0,0,0,0,0,165,0,0,0,0,0,0,0,0,21,2,0,0,0,0,0,21,0,0,0,0,0,0,0,0,158,1,0,0,0,0,14,0,0,1,5,0,0,0,0,0,104,0,0,39,0,13,11,115,0,0,14,14558,0,0,0,0,0,194,0,40,0,12,0,0,0,0,0,0,0,0,0,12,1,37,139,284,2097,1385,1854,1036,912,732,641,613,715,1003,901,991,1402,1216,1068,628,483,186,124,48,48,11,10,5,1,0,0,0,0,276,135,1,1,0,0,0,0,0,0,115,0,0,0,0,0,0,1,77,979,0,0,46,0,57,143
Q,1139,3,16645,4,0,2,0,0,0,0,1,22,0,1,2,15779,7,0,0,0,1,0,0,0,25,1,32,36,0,0,0,0,0,0,0,0,114,8,8,46,20,24,44,140,130,49,51,7,27,0,4,0,0,0,0,0,0,0,0,0,0,0,0,0,0,0,0,0,0,0,0,0,0,0,0,0,0,0,1,0,0,0,0,9,1,0,0,0,16010,0,2,0,1,0,0,2,0,0,0,0,0,69,0,0,0,0,0,9,1,0,0,0,372,0,0,0,0,0,0,0,0,0,1139,2,0,0,0,0,0,0,0,42,0,0,0,1,0,0,0,0,0,97,0,0,0,0,31,0,0,0,0,0,0,1,9,43,14,22,58,1,0,7,1,1,0,0,0,0,0,0,0,0,31,18,137,110,92,121,8,0,0,0,0,0,64,0,0,0,24,0,0,0,0,5,0,0,0,0,0,3,0,0,0,443,2,0,0,0,0,0,0,0,0,0,0,41,0,0,0,0,0,0,0,0,0,2,0,0,0,0,0,0,0,0,0,0,0,0,0,2,0,0,0,0,0,732,0,1,0,0,0,0,0,3,0,0,0,0,0,0,0,14,0,0,0,0,0,0,0,6,0,0,0,0,0,0,0,0,317,0,0,0,0,0,0,29,0,0,0,0,0,0,0,0,17,0,0,0,0,1,24,9,0,0,11,0,0,0,0,0,31,1,0,14706,5,21,10,28,0,0,665,10,0,51,0,0,0,25,0,0,0,10,0,0,0,0,0,0,0,0,1,14,1,21,115,447,1264,1280,239,469,497,439,587,379,404,281,297,415,356,237,399,410,169,1091,54,28,10,2,2,0,2,0,0,0,0,114,49,24,0,2,0,0,0,0,0,11903,1,0,0,0,0,0,0,0,13005,0,0,1,0,0,3
R,0,0,14,8,0,0,0,3,10,17,49,11,0,0,3,201,17,0,0,1,22,0,0,0,345,2,104,13569,19,4,1,0,49,0,0,0,116,39,75,395,1518,317,188,470,901,218,241,68,64,13,1,0,1,0,1,0,0,0,0,0,0,0,0,0,0,0,48,0,1,0,0,0,0,0,0,0,0,0,0,0,0,0,0,16683,2,1,0,0,381,1,0,0,0,0,0,124,0,0,0,0,2,48,3,0,0,0,0,83,0,0,0,0,417,1,4,0,1,0,0,0,0,0,66,18,0,1,0,0,0,0,0,14895,12,4,6,12,0,0,0,0,1,26,1,4,2,0,299,0,1,0,0,0,0,9,2,323,49,626,1106,36,4,9,4,3,2,0,0,0,0,0,0,0,1114,283,582,1322,298,451,4,0,0,0,0,0,310,0,0,0,46,0,0,0,0,16,0,0,0,0,0,2,0,0,0,524,0,0,0,0,0,0,0,26,0,0,0,16858,0,0,0,0,1,0,0,0,0,25,0,0,0,6,0,1,0,0,0,0,0,0,0,12,0,0,0,0,0,12573,0,0,0,0,0,0,0,6,0,0,0,0,1,0,0,171,0,2,0,1,0,0,0,86,2,0,0,0,0,0,0,0,489,0,0,0,0,0,0,213,0,0,0,0,0,0,0,0,82,1,0,0,0,0,15,0,0,0,88,0,0,0,0,0,106,0,0,560,117,98,415,124,0,0,891,37,0,91,0,0,0,7,0,3,0,162,0,0,0,0,0,0,0,0,0,100,77,32,175,1100,1966,1912,1198,1965,882,1131,1088,1466,1114,890,960,1514,1316,999,1259,749,417,197,94,64,39,34,5,9,2,0,0,0,0,277,89,496,9,0,0,0,0,0,0,997,1,0,0,0,0,0,16,1,118,0,0,5,0,0,0
S,0,1,0,3,0,3,7,14815,1,0,29,2834,1,0,2,5,574,0,0,0,1,0,0,0,53,16606,5,194,2,15922,0,0,13,0,0,0,1055,204,15557,146,2608,2332,1401,3926,2667,672,832,79,878,15,8,6,15,3,0,0,0,0,0,0,0,0,0,0,0,0,6,0,0,0,0,0,0,0,0,0,0,0,87,0,0,0,0,16,0,0,0,0,5,0,0,0,0,0,0,147,0,0,0,0,0,138,3,0,0,0,0,6,0,0,0,0,63,0,0,0,0,0,1,1,0,0,32,9,0,0,0,0,0,0,0,53,0,1,0,0,0,0,0,0,0,18,0,0,0,0,97,0,0,0,0,0,0,25,9303,962,272,8775,4623,187,60,30,61,6,3,12,1,1,8,0,0,0,8185,884,2069,6539,523,801,136,1,0,1,0,0,1205,0,2,0,145,0,0,0,0,15212,0,0,0,0,0,9,0,0,0,40,0,0,0,0,0,0,0,71,0,0,0,2,147,1,0,0,0,0,0,0,0,385,0,0,0,86,8,0,0,0,0,0,0,0,0,15416,0,0,0,0,0,1104,0,1,0,0,0,0,0,72,2,0,0,0,0,0,0,963,0,0,4,0,0,1,0,475,0,2,0,0,0,0,0,0,52,0,1,0,0,2,0,556,0,0,0,0,0,0,0,0,193,0,0,0,0,0,13,0,0,0,459,0,0,0,0,0,2,0,0,27,4,957,10578,4,0,0,208,985,0,24,0,1,0,606,0,47,0,36,0,0,0,0,0,0,0,0,76,595,77,289,568,828,1175,1192,2204,1890,1723,1800,1891,1412,1529,1314,1745,1319,1320,1876,973,942,1124,273,110,107,50,18,7,7,3,2,0,0,0,384,1823,94,75,0,0,0,0,0,0,10,0,0,0,0,0,0,2,95,29,0,1,94,4,16259,12359
T,0,0,0,1,1,1,0,1918,0,0,22,129,0,0,12,103,416,1,0,0,0,0,0,0,20,72,7,1791,0,426,0,0,0,0,0,0,2036,773,248,128,243,9269,146,368,729,239,1192,198,323,8,10,8,0,3,0,0,0,0,0,0,0,0,0,0,0,0,2,0,0,0,0,0,0,0,0,0,0,0,5,0,0,0,0,0,0,0,0,0,11,0,0,0,0,0,0,552,1,0,0,0,0,54,0,0,0,0,0,9,0,0,0,0,109,0,0,0,0,0,0,0,0,0,31,0,0,0,0,0,0,0,0,6,0,0,0,0,0,0,1,0,0,21,0,0,0,0,11,0,0,0,0,0,0,17,111,867,289,1857,1056,46,21,11,12,14,6,0,8,0,0,0,0,0,1198,218,681,2559,11993,831,35,0,0,0,0,0,898,0,0,0,73,0,0,0,0,144,0,0,0,0,0,21,0,0,0,148,0,0,0,0,0,0,0,4,0,0,0,0,11,0,0,0,0,0,0,0,0,15106,0,0,0,322,0,0,0,0,0,0,0,0,0,347,0,0,0,0,0,284,0,0,0,0,0,0,0,9,1,0,0,1,0,0,0,351,2,0,0,1,0,0,0,878,1,0,0,0,0,0,0,0,124,0,2,0,0,0,0,323,3,2,0,0,0,0,0,0,14328,0,3,0,0,0,49,1,1,0,321,0,0,0,0,0,2,0,0,37,48,549,250,11,0,0,472,244,0,15,0,3,0,15728,0,27,0,706,0,0,0,0,0,0,0,0,1,223,2,217,1342,779,811,1212,1133,1148,1259,1149,1089,1005,1133,741,1036,1096,834,1145,667,472,250,158,54,54,96,16,8,0,1,1,0,0,0,453,236,21,12,0,0,0,0,0,0,49,0,0,0,0,0,0,0,16311,18,0,0,15643,0,40,120
V,1,11344,0,5,16715,14,0,1,17,9,9,431,1,0,16136,1,155,0,0,0,9,0,1,0,22,3,94,22,131,6,0,0,6,3,0,0,2538,1718,44,117,356,160,472,209,268,256,819,1598,116,34,9,7,3,0,0,2,0,0,0,0,0,0,0,0,0,0,4,0,0,0,0,0,0,0,0,0,0,0,1336,0,0,0,0,2,0,0,0,0,9,0,0,0,0,0,0,1360,0,0,0,0,0,11,1,0,1,0,0,14,0,0,0,0,9,1,0,0,0,0,0,1,0,0,74,0,1,0,0,0,1,0,0,33,0,0,0,0,0,1,0,0,0,109,0,0,0,0,296,1,0,0,0,0,0,14237,98,564,763,94,214,8,5,6,4,12,0,2,1,0,1,0,0,0,554,183,590,1101,238,369,171,0,0,0,0,0,1477,0,0,0,44,0,0,0,0,33,0,0,0,0,0,15260,0,0,0,45,0,0,0,0,0,0,0,38,0,0,0,0,144,0,0,0,0,0,0,0,0,78,0,0,0,1367,0,0,0,0,0,0,0,0,0,40,0,1,0,0,0,111,1,0,0,0,0,0,0,96,0,0,0,0,0,0,0,141,0,0,0,0,0,0,0,457,0,0,0,0,0,0,0,0,36,0,1,1,0,0,0,10,0,0,0,0,0,0,0,0,154,4,1,0,0,0,12361,0,2,0,55,0,1,0,0,0,56,0,0,15,65,32,52,140,0,0,22,290,0,29,0,14,0,1,0,38,0,12108,0,0,0,0,0,0,0,0,0,124,8,490,1017,1139,756,806,1130,632,847,989,937,971,944,951,1155,963,1043,573,437,490,647,185,58,63,21,14,7,1,0,0,0,0,0,293,1285,11,11,0,0,0,0,0,0,17,0,0,0,0,0,0,6,10,226,0,16766,15,16753,2,0
W,0,0,0,0,0,0,0,0,14,2,0,108,0,0,2,0,0,0,0,0,14,0,0,0,11,1,3,1,0,0,0,0,25,0,0,0,0,4,2,14,48,8,141,9,51,158,185,33,78,4,0,0,0,4,0,0,0,0,0,0,0,0,0,0,0,0,16696,0,0,0,0,0,0,0,0,0,0,0,130,0,0,0,0,2,0,0,0,1,1,0,0,0,0,0,0,0,0,0,0,0,0,0,0,0,0,0,0,106,0,0,0,0,1,0,0,0,0,0,0,0,0,0,5,1,1,0,0,0,0,0,0,0,0,0,0,0,0,0,0,0,0,0,0,0,0,0,1398,0,0,0,0,0,0,1,4,471,6,57,1191,1,1,1,1,0,0,0,0,0,0,0,0,0,93,14,13,37,5,225,5,0,0,0,0,0,4,0,0,0,2,0,0,0,0,5,0,0,0,0,0,18,0,0,0,4,0,0,0,0,0,0,0,0,0,0,0,4,4,0,0,0,0,0,0,0,0,0,0,0,0,1,0,0,0,0,0,0,0,0,0,8,0,0,0,0,0,8,0,0,0,0,0,0,0,0,0,0,0,0,0,0,0,0,0,0,0,0,0,0,0,4,0,0,0,0,0,0,0,0,11,0,0,0,0,0,0,0,0,0,0,0,0,0,0,0,1,0,0,0,0,0,56,0,0,0,104,0,0,0,0,0,9,0,0,2,2,1,0,4,0,0,0,0,0,4,0,0,0,0,0,0,0,8,0,0,0,0,0,0,0,0,0,17,263,2,7,48,342,401,368,483,722,388,362,486,370,551,440,413,347,526,268,943,139,135,48,31,12,17,1,0,0,0,0,0,0,12,60,15947,4,0,0,0,0,0,0,3,0,0,0,0,0,0,9,0,3,0,0,0,0,0,0
Y,0,0,0,0,0,0,0,6,0,0,0,113,0,0,0,1,2,0,0,0,0,0,0,0,2,6,0,2,0,10,0,0,13,0,0,0,44,83,34,17,1146,93,847,211,4218,10725,483,153,237,32,24,18,5,1,0,0,0,0,0,0,0,0,0,0,0,0,19,0,0,0,0,0,0,0,0,0,0,0,1368,0,0,0,0,7,0,0,0,0,1,0,0,0,0,0,0,12,0,0,0,0,0,1,0,0,0,0,0,1,0,0,0,0,3,0,0,0,0,0,0,0,0,0,5,0,0,0,0,0,0,0,0,18,0,0,0,0,0,0,0,0,0,2,0,0,0,0,41,0,0,0,0,0,0,11,11,181,28,493,99,21,2,3,0,0,11,2,0,0,0,0,0,0,177,89,173,243,25,4902,15754,0,0,0,0,0,6,0,0,0,55,0,0,0,0,43,0,0,0,0,0,10,1,0,0,5,0,0,0,0,0,0,0,4,0,0,0,0,37,0,0,0,0,0,0,0,0,2,0,0,0,0,0,0,0,0,0,0,0,0,0,113,0,0,0,0,0,15,0,0,0,0,0,0,0,42,0,0,0,0,0,0,0,328,1,0,0,0,0,0,0,9,0,0,0,0,0,0,0,0,5,0,0,0,0,0,0,42,1,0,0,0,0,0,0,0,12,1,1,0,0,0,7,3,0,0,14099,0,1,0,0,0,0,0,0,13,0,55,15,1,0,0,3,10,0,1,0,25,0,1,0,3,0,10,0,0,0,0,0,0,0,0,16646,14062,55,38,33,143,655,527,882,1317,1607,1762,1034,1677,1687,1841,972,843,1294,2144,1148,3402,1940,1296,1073,366,939,232,40,26,23,7,7,1,1,158,9573,95,2,0,0,0,0,0,0,3,0,0,0,0,0,0,0,0,0,0,0,1,0,21,0