Amino_acid,Pos1,Pos2,Pos3,Pos4,Pos5,Pos6,Pos7,Pos8,Pos9,Pos10,Pos11,Pos12,Pos13,Pos14,Pos15,Pos16,Pos17,Pos18,Pos19,Pos20,Pos21,Pos22,Pos23,Pos24,Pos25,Pos26,Pos27,Pos28,Pos29,Pos30,Pos31,Pos32,Pos33,Pos34,Pos35,Pos36,Pos37,Pos38,Pos39,Pos40,Pos41,Pos42,Pos43,Pos44,Pos45,Pos46,Pos47,Pos48,Pos49,Pos50,Pos51,Pos52,Pos53,Pos54,Pos55,Pos56,Pos57,Pos58,Pos59,Pos60,Pos61,Pos62,Pos63,Pos64,Pos65,Pos66,Pos67,Pos68,Pos69,Pos70,Pos71,Pos72,Pos73,Pos74,Pos75,Pos76,Pos77,Pos78,Pos79,Pos80,Pos81,Pos82,Pos83,Pos84,Pos85,Pos86,Pos87,Pos88,Pos89,Pos90,Pos91,Pos92,Pos93,Pos94,Pos95,Pos96,Pos97,Pos98,Pos99,Pos100,Pos101,Pos102,Pos103,Pos104,Pos105,Pos106,Pos107,Pos108,Pos109,Pos110,Pos111,Pos112,Pos113,Pos114,Pos115,Pos116,Pos117,Pos118,Pos119,Pos120,Pos121,Pos122,Pos123,Pos124,Pos125,Pos126,Pos127,Pos128,Pos129,Pos130,Pos131,Pos132,Pos133
A,0,0,0,0,0,0,0,0,0,0,0,0,0,114233,0,0,0,0,0,0,0,0,45,114034,1,4,29,6,6,80,46,30,58174,29,703,20,63,58,29,9,14,69,49,113981,11,6,19,20,114004,113973,6,4,7,54,24,114011,18,45,24,16,113969,9,31,53,114013,15,11,50,18,12,11,6,32,24,113969,41,3,1,10,20,25,5,42,7,40,16,9,4,8,58,48,113994,32,11,66,34,113849,113918,26,9,53,29,12027,12622,19367,5,3,10954,24192,17317,27155,4,0,91,2,0,4,15,39,13,4,7,16,4,51,12,0,0,0,0,0,0,0
R,0,0,0,0,0,0,0,0,0,0,0,0,0,0,0,0,0,0,114233,0,0,24,0,1,15,203,62417,70121,27,14245,62,7,53,4780,18,19,8,114029,32,15,48,6,16,12,113967,0,0,0,0,0,2,0,0,0,1,17,24,23,68,47,63,56,19,20,76,41,113994,85,51,69,33,113993,25,46,7,3,9,5,0,1,31,61,17,61,28,15,52,10,17,61,52,14,5,11,12,27,19,15,43,42,38,58,39,62,31,20919,16735,69,80,48,28988,29,36,62,112580,4,51,12,0,0,2,0,0,0,0,0,0,0,0,0,0,0,0
N,0,0,0,0,0,0,0,0,0,0,0,0,0,0,0,0,0,0,0,0,0,0,0,0,166,0,81,1,1,21343,137,7,4,11,0,0,0,0,0,0,0,0,0,0,0,0,0,0,0,0,0,0,0,0,0,0,0,0,0,0,0,0,0,0,1,4,39,8,10,42,10,21,4,113968,33,29,114012,87,16,12,15,21,18,113965,113964,0,0,0,0,2,2,0,0,0,0,0,4,9,10,19,16,6,12,9,4,20003,11370,36840,1,4,2,116,28,18,41,5,9,41,17,0,0,0,0,0,0,0,0,0,0,0,0,0,0
D,0,114233,0,0,0,0,0,0,0,0,0,0,0,0,0,0,0,0,0,0,0,0,0,0,1,0,1,3,465,20667,55437,13,6,0,254,0,0,1,0,2,0,0,0,0,0,0,0,0,0,0,0,0,1,4,39,7,6,3,3,15,2,113981,23,6,45,42,8,17,6,3,15,1,113964,0,0,0,0,0,2,0,1,4,39,7,6,3,3,15,1,113964,0,0,0,0,7,12,4,16,12,9,16,15,16,11,68,8808,5541,17483,27,62,19,113655,20,113515,4,51,12,2,0,2,0,0,0,0,0,0,0,0,0,0,0,0,0
C,0,0,0,0,0,0,0,0,0,0,0,0,0,0,0,0,0,0,0,0,0,114037,4,0,5,0,4,0,224,3,1,14,1,1,5,0,0,0,1,18,41,45,69,49,45,13,14,29,26,5,41,4,18,32,8,41,3,1,9,3,0,0,0,0,0,0,0,0,0,0,0,14,38,11,3,2,9,2,4,2,0,0,0,0,0,0,1,5,52,26,11,44,5,16,9,96163,0,0,1,3,3,1,2,0,1,10,4,0,1,0,1,2,15,3,90,18,26,7,41,5,9,41,17,0,0,0,0,0,0,0,0,0,0
Q,0,0,114233,0,114233,0,0,0,0,0,0,0,114233,0,0,0,0,0,0,0,0,0,0,19,0,0,1,9,4,14,27,39,7,8,21,26,20,42,113967,1,9,3,0,0,2,0,0,0,0,1,17,23,5,42,20,24,28,82,14,4,11,13,19,27,7,41,3,1,9,3,0,0,1,4,39,7,6,3,3,29,39,113975,3,16,47,13,7,7,10,3,15,3,1,0,0,9,20,17,22,8,26,21,5,10,3,9583,21,5,7,10,54,15,19,50,21,34,689,113110,33,721,113109,9,6,10,25,680,113101,0,0,0,0,0,2
E,0,0,0,0,0,114233,0,0,0,0,0,0,0,0,0,0,0,0,0,0,0,0,6,9,0,229,21,12,0,14,6,0,0,0,0,0,1,5,39,7,6,3,3,15,1,113964,0,0,0,0,0,2,0,0,0,0,0,0,0,0,0,0,0,0,0,0,0,1,17,23,5,41,3,1,10,20,23,6,58,27,10,89,13,7,12,6,15,1,113964,0,0,0,0,0,2,0,51,3,7,16,4,19,15,8,3,7441,14,4,5,4,21,48,16,17,10,16,4,51,12,0,0,0,0,0,0,0,0,0,0,0,0,0,0
G,0,0,0,0,0,0,0,114233,114233,114233,0,0,0,0,114233,114233,0,0,0,0,0,4,3,5,23,113767,68,101,74,22598,162,9,20,70,112852,14,47,6,4,24,4,113964,0,0,14,39,15,44,9,15,5,7,17,1,113964,0,1,4,39,7,8,3,3,15,1,113964,0,0,0,0,0,2,0,0,0,0,0,0,0,0,1,17,23,5,41,3,1,9,4,19,58,105,65,72,89,46,41,34,113974,28,14,113926,20,46,16754,8828,66,8306,81,106,23700,186,54,121,172,726,113165,697,113099,0,0,0,2,0,2,0,0,0,0,0,0,0,0
H,0,0,0,0,0,0,0,0,0,0,0,0,0,0,0,0,0,0,0,0,0,0,0,0,0,0,0,2,16578,14529,4,51,34,78,0,0,0,0,0,0,0,1,17,23,5,41,3,15,48,31,26,7,50,5,5,11,3,0,0,0,0,0,0,0,0,0,0,0,0,0,0,0,0,0,0,0,0,0,0,0,0,0,0,0,0,0,0,0,0,0,0,1,17,23,5,47,11,3,27,14,11,12,7,26,0,14270,8243,4,4,1,2,16,45,16,16,7,16,4,51,12,0,0,0,0,0,0,0,0,0,0,0,0,0
I,0,0,0,0,0,0,0,0,0,0,0,0,0,0,0,0,0,0,0,0,0,0,161,0,2,0,1,0,17,1,79,0,2,205,0,0,0,0,0,0,0,1,4,39,7,6,3,4,32,24,113969,41,3,1,9,3,2,0,0,0,1,4,39,7,20,41,14,18,17,114011,13,7,4,9,2,20,40,11,3,2,9,16,42,13,3,2,9,2,4,2,0,0,0,0,0,6,9,2,2,11,95,6,14105,25691,119,17,8596,34,10,48,4,63,0,0,0,0,0,0,0,0,0,0,0,0,0,0,0,0,0,0,0,0,0
L,0,0,0,114233,0,0,0,0,0,0,0,0,0,0,0,0,0,114233,0,114233,0,3,6,0,0,0,1,3,20273,1,2,65,41,40,11,2,9,2,18,54,63,52,17,46,91,68,95,63,18,14,25,7,18,40,11,3,2,9,2,18,40,11,3,2,9,2,18,40,11,3,3,14,45,50,15,9,8,39,78,113977,114011,6,4,24,5,113984,43,44,68,48,34,14,26,50,15,13,11,13,12,152,15,16,19156,20074,22,34,6646,62,58,40,90,14,37,31,149,52,17,11,23,20,55,63,12,0,0,0,0,0,0,0,0,0,0
K,0,0,0,0,0,0,0,0,0,0,0,0,0,0,0,0,0,0,0,0,0,0,0,2,6,1,120,132,0,13,3,0,0,4,18,77,18,9,5,12,17,5,113966,0,0,0,0,0,2,1,4,39,7,6,3,3,15,1,113964,0,0,0,0,0,2,0,1,4,39,7,6,3,3,29,39,113975,3,3,13,41,11,10,3,3,15,1,113964,0,0,0,0,0,2,0,0,1,4,7,9,29,3,1,6,4,8,14927,37861,4,6,0,0,3,17,40,16,6,25,42,11,92,17,9,41,17,0,0,0,0,0,0,0,0,0
M,0,0,0,0,0,0,0,0,0,0,0,0,0,0,0,0,0,0,0,0,0,0,0,0,2,1,2,140,20,4,23,1,8,108297,0,0,0,0,0,0,0,0,0,0,0,0,0,0,0,0,0,14,38,11,3,2,9,2,4,2,0,0,0,0,0,0,0,0,0,0,0,0,0,1,4,39,7,6,3,3,15,1,113964,0,0,0,0,0,2,0,0,0,0,0,2,3,2,1,2,4,2,0,12132,6,0,2,7,0,55,0,1,1,1,1,0,0,0,0,0,0,0,0,0,0,0,0,0,0,0,0,0,0,0
F,0,0,0,0,0,0,0,0,0,0,0,0,0,0,0,0,0,0,0,0,0,2,0,0,0,0,0,1,45093,39,7,9,3,3,17,1,113964,1,4,39,7,6,5,3,15,1,113964,0,0,0,0,0,2,0,0,0,0,0,2,21,62,12,47,6,4,24,4,113964,0,0,14,38,25,43,13,12,4,13,4,4,2,0,0,0,0,0,0,0,0,0,0,0,0,0,0,1,0,0,0,1,1,1,12,2,2,0,6398,0,0,26,0,0,1,0,0,0,0,0,0,0,0,0,0,0,0,0,0,0,0,0,0,0,0
P,0,0,0,0,0,0,0,0,0,0,0,0,0,0,0,0,0,0,0,0,0,0,0,3,0,2,0,0,11,21,44,38,488,90,18,34,73,55,24,114008,113976,17,51,16,3,4,11,2,4,16,38,11,3,2,9,2,4,2,0,0,0,0,1,17,23,5,41,3,1,23,41,11,3,2,9,2,4,2,1,4,39,7,20,41,14,18,3,113973,2,4,3,18,77,20,16,21,23,43,14,113698,36,30,17797,75,28,39,42,37,56,25980,34012,3,13,6,112,1,3,2,18,26,7,41,5,9,41,17,0,0,0,0,0,0,0
S,0,0,0,0,0,0,114233,0,0,0,114233,0,0,0,0,0,114233,0,0,0,114233,2,2,6,113932,1,51469,28,58,20503,57998,79,37,39,284,73,30,24,90,17,4,11,27,44,55,16,47,19,11,22,20,114017,12,113968,6,49,26,36,27,69,23,58,114018,54,19,11,12,5,21,3,113965,17,24,22,64,8,44,12,18,47,14,3,2,10,33,65,18,44,9,14,11,7,3,0,7,17791,15,21,12,147,18,16,64,17877,33659,9176,25,16142,37460,31018,39,3,15,24,41,15,52,54,60,60,32,14,33,705,113779,113099,0,0,0,0,2,2,0
T,0,0,0,0,0,0,0,0,0,0,0,0,0,0,0,0,0,0,0,0,0,0,0,148,43,0,10,43661,1,93,26,316,55336,32,0,0,0,0,0,0,0,0,0,0,0,0,0,0,15,42,50,10,8,26,43,30,6,113966,9,3,8,41,7,8,3,17,53,12,113968,6,48,9,10,5,5,15,15,114002,11,3,2,10,6,45,9,20,55,52,29,6,113975,12,10,46,10,14,30,32,35,21,113857,35,26039,24361,44103,64,79,24207,52082,39521,60,30,201,148,35,129,40,43,727,113124,25,680,113099,0,0,2,0,0,2,0,0,0,0
W,0,0,0,0,0,0,0,0,0,0,0,0,0,0,0,0,0,0,0,0,0,12,0,0,3,19,6,6,41,19,7,6,11,535,8,113964,0,0,0,0,0,2,0,1,4,40,24,29,8,44,18,2,113973,3,0,0,0,0,2,0,0,0,0,0,0,0,0,0,0,0,0,0,0,0,0,0,0,0,0,0,0,0,0,0,0,0,0,0,0,0,0,0,1,17,24,6,41,3,8,9,3,15,1,4,1,9,6,9,49,11,34,8,8,30,684,113099,0,0,0,0,0,2,0,0,0,0,0,0,0,0,0,0,0
Y,0,0,0,0,0,0,0,0,0,0,0,0,0,0,0,0,0,0,0,0,0,147,0,0,0,0,0,2,31260,6,4,113457,0,0,0,0,0,0,2,0,0,0,0,0,0,0,0,1,4,39,8,10,42,10,21,4,113967,15,1,113965,17,23,7,41,3,3,9,3,1,17,23,5,41,3,1,9,3,0,0,0,0,1,17,23,6,46,46,47,22,12,6,18,16,113965,113964,11,0,0,0,2,7,0,4,2,7,67,8153,11,5,4,19,11,113676,6,19,26,7,41,7,9,41,17,0,0,0,0,0,0,0,0,0,0,0
V,114233,0,0,0,0,0,0,0,0,0,0,114233,0,0,0,0,0,0,0,0,0,1,113981,6,34,6,1,5,71,28,158,41,8,11,24,3,0,1,18,27,44,48,9,4,13,35,38,114007,52,6,4,35,28,11,44,7,40,30,61,52,17,20,12,113975,6,6,2,0,0,3,4,39,7,6,3,3,15,1,113964,0,0,0,0,1,6,39,7,20,41,14,18,3,113973,2,4,10,80,93,14,3,3,23,12760,13339,53,4,4397,60,48,33,31,25,15,52,236,20,65,55,30,35,695,113140,684,113150,12,0,0,2,0,2,0,0,0
*,0,0,0,0,0,0,0,0,0,0,0,0,0,0,0,0,0,0,0,0,0,1,25,0,0,0,1,0,9,12,0,51,0,0,0,0,0,0,0,0,0,0,0,0,0,0,0,0,0,0,0,0,1,17,23,19,79,14,4,11,12,2,4,2,1,17,24,22,64,8,42,12,4,9,17,39,28,40,45,61,8,7,20,5,4,2,0,0,0,0,0,0,0,0,1,18,19,3,3,8,12,3,14,4,0,27,26,2,6,0,1,1,16,2,3,18,41,31,30,14,57,9,60,53,17,0,0,0,0,0,0,0,0
