Amino_acid,Pos1,Pos2,Pos3,Pos4,Pos5,Pos6,Pos7,Pos8,Pos9,Pos10,Pos11,Pos12,Pos13,Pos14,Pos15,Pos16,Pos17,Pos18,Pos19,Pos20,Pos21,Pos22,Pos23,Pos24,Pos25,Pos26,Pos27,Pos28,Pos29,Pos30,Pos31,Pos32,Pos33,Pos34,Pos35,Pos36,Pos37,Pos38,Pos39,Pos40,Pos41,Pos42,Pos43,Pos43A,Pos43B,Pos43C,Pos44,Pos45,Pos45A,Pos45B,Pos46,Pos47,Pos48,Pos49,Pos50,Pos51,Pos52,Pos52A,Pos52B,Pos52C,Pos52D,Pos52E,Pos52F,Pos52G,Pos52H,Pos53,Pos54,Pos55,Pos56,Pos57,Pos58,Pos59,Pos60,Pos61,Pos62,Pos63,Pos64,Pos65,Pos66,Pos67,Pos68,Pos69,Pos70,Pos71,Pos72,Pos73,Pos74,Pos75,Pos76,Pos77,Pos78,Pos79,Pos80,Pos81,Pos82,Pos82A,Pos82B,Pos82C,Pos83,Pos84,Pos85,Pos86,Pos87,Pos88,Pos89,Pos90,Pos91,Pos92,Pos93,Pos94,Pos95,Pos96,Pos97,Pos98,Pos99,Pos100,Pos100A,Pos100B,Pos100C,Pos100D,Pos100E,Pos100F,Pos100G,Pos100H,Pos100I,Pos100J,Pos100K,Pos100L,Pos100M,Pos100N,Pos100O,Pos100P,Pos100Q,Pos101,Pos102,Pos103,Pos104,Pos105,Pos106,Pos107,Pos108,Pos109,Pos110,Pos111,Pos112,Pos113,
*,70,6,4,3,2,1,1,1,1,2,1,1,1,1,0,0,0,0,0,0,0,0,0,0,0,0,0,0,0,0,0,0,2,3,6,0,0,0,0,0,0,0,0,99,99,99,0,0,99,99,0,0,0,0,0,0,0,30,97,97,97,97,98,98,99,0,0,0,0,0,0,0,0,0,0,0,0,1,0,0,0,0,0,0,0,0,1,2,1,0,0,0,0,0,0,0,0,0,0,0,0,0,0,0,0,0,2,2,2,2,3,3,3,6,7,9,11,12,16,20,26,29,35,46,60,73,74,81,89,93,98,98,99,3,3,3,3,3,3,3,3,3,3,3,6,21,
A,0,0,0,0,1,0,1,0,0,5,0,2,0,40,0,0,1,0,0,0,5,0,60,71,1,1,0,1,1,2,5,3,42,2,14,0,1,0,0,88,1,1,0,0,0,0,0,0,0,0,0,4,0,56,21,1,4,4,0,0,1,0,0,0,0,3,3,2,3,0,6,3,69,2,2,9,0,0,0,0,4,0,5,0,0,4,79,0,0,6,10,1,0,0,0,0,1,0,0,2,0,0,2,87,0,0,0,0,83,50,8,5,5,6,5,5,9,7,4,1,7,4,4,8,3,3,1,1,0,0,0,0,0,5,1,0,0,0,0,4,0,0,2,0,2,5,
C,0,0,0,0,0,0,0,0,0,0,0,0,0,0,0,0,0,0,0,0,0,99,0,1,0,0,1,0,0,0,0,1,7,0,2,0,0,0,0,0,0,0,0,0,0,0,0,2,0,0,0,0,0,0,33,0,0,1,0,0,0,0,0,0,0,0,0,0,0,0,1,0,0,0,0,0,0,0,0,0,0,0,0,0,0,0,0,0,0,0,0,0,0,0,0,0,0,0,0,0,0,0,0,0,0,0,1,95,0,0,1,2,0,10,1,3,8,11,5,4,3,2,0,3,0,0,0,0,1,0,0,0,0,0,2,0,0,0,0,0,0,0,0,0,0,0,
D,1,0,0,0,0,0,0,0,0,0,0,0,0,0,0,4,0,0,0,0,1,0,1,3,0,1,4,1,2,26,11,0,5,0,1,0,1,0,0,0,0,0,0,0,0,0,2,0,0,0,3,0,0,0,5,0,8,1,0,0,0,0,0,0,0,7,19,11,7,0,1,0,1,89,1,0,0,1,0,0,0,0,0,0,91,5,5,1,2,0,0,0,0,0,0,7,7,0,0,0,6,97,0,0,2,0,0,0,0,1,27,4,3,3,5,5,2,4,8,7,4,3,8,3,0,3,6,1,3,2,1,1,0,46,4,0,0,0,0,0,0,0,0,0,0,0,
E,23,0,0,0,0,99,0,0,1,0,0,0,4,0,0,8,0,0,0,0,0,0,3,0,0,3,0,0,0,5,2,0,1,0,0,0,0,0,0,0,0,1,1,1,0,1,57,0,1,0,96,1,0,0,2,0,2,0,1,0,0,1,0,0,0,1,0,2,1,0,0,0,3,2,0,0,4,1,0,0,0,0,0,0,1,0,1,3,0,0,1,0,0,9,0,2,0,0,6,0,89,3,0,0,1,0,0,0,1,0,5,2,4,3,1,1,4,3,2,6,2,5,5,4,2,3,1,1,0,0,1,0,0,9,2,0,0,1,0,0,0,0,0,0,0,0,
F,0,0,0,0,1,0,0,0,0,0,0,0,0,0,0,0,0,0,0,1,0,0,0,0,0,0,45,3,44,0,1,3,3,0,1,0,56,0,0,0,0,0,0,0,0,0,0,0,0,0,0,15,0,0,0,0,2,0,0,0,0,0,0,0,0,1,0,0,0,0,6,0,0,0,3,0,0,0,0,95,0,0,1,0,0,1,0,0,0,0,0,8,0,0,0,0,0,0,0,1,0,0,0,0,0,1,6,0,0,0,2,3,6,5,2,2,1,0,0,3,1,3,4,2,4,1,3,3,1,2,0,0,0,0,1,0,0,0,0,0,0,0,0,0,0,0,
G,0,4,0,0,0,0,0,98,96,92,0,0,0,0,99,86,1,0,0,0,0,0,1,5,0,87,2,1,0,3,3,1,4,3,61,1,0,0,0,1,1,97,0,0,0,0,21,0,0,0,0,40,1,0,5,0,2,3,0,2,2,0,0,1,0,15,58,64,5,0,3,0,4,1,0,1,1,96,1,0,0,0,1,2,0,1,0,0,2,0,0,0,0,0,0,2,4,0,0,0,3,0,0,13,1,0,1,1,2,4,9,17,11,11,8,14,11,9,10,8,6,5,5,2,1,3,1,1,1,0,0,0,0,15,2,2,97,2,97,0,0,0,0,0,0,0,
H,1,0,0,0,0,0,0,0,0,0,0,0,2,0,0,0,0,0,0,1,0,0,0,0,0,0,0,1,0,3,1,6,5,0,0,0,0,1,0,0,0,0,0,0,0,0,0,0,0,0,0,0,0,0,2,0,1,0,0,0,0,1,0,0,0,1,2,0,4,0,5,3,0,0,0,0,0,0,0,0,0,0,0,0,0,1,0,0,2,0,0,1,0,1,0,0,0,0,1,0,0,0,0,0,0,0,0,0,0,0,1,3,0,2,1,1,0,0,1,3,4,2,3,1,0,0,0,1,0,0,0,0,0,3,3,0,0,0,0,0,0,0,0,0,0,0,
I,0,0,0,0,0,0,0,0,0,0,0,0,0,0,0,0,0,0,0,1,0,0,0,1,0,0,7,17,1,0,14,0,3,28,1,0,2,0,0,0,0,0,0,0,0,0,0,0,0,0,0,0,9,0,2,82,4,0,0,1,0,0,0,0,0,0,2,0,4,5,0,0,0,0,0,0,0,0,0,0,3,85,0,0,0,0,0,0,0,2,2,1,0,0,1,0,0,0,1,0,0,0,0,0,9,0,0,0,0,1,3,0,4,5,4,3,7,2,2,1,4,0,3,0,2,1,1,0,1,0,0,0,0,0,0,0,0,0,0,5,0,0,3,2,0,0,
K,0,0,0,0,0,0,0,0,0,0,0,0,0,0,0,0,0,0,4,0,0,0,1,0,0,1,1,0,0,1,1,3,0,1,0,0,0,0,0,0,0,0,92,0,0,0,2,1,0,0,0,0,0,0,0,0,0,1,0,0,0,0,0,0,0,4,0,0,0,3,3,0,1,0,0,0,83,0,0,0,0,0,0,9,0,0,0,80,8,1,0,0,0,0,0,3,0,0,77,0,1,0,1,0,0,0,0,0,0,9,1,3,1,0,0,2,2,0,1,2,3,3,0,1,0,2,0,0,0,1,0,0,0,0,1,1,0,12,0,0,1,0,0,0,0,0,
L,0,27,0,97,0,0,0,0,0,0,81,1,0,1,0,0,0,99,0,95,0,0,1,0,0,0,3,1,33,1,3,4,0,8,0,1,0,1,3,0,1,0,1,0,0,0,0,14,0,0,0,19,3,0,4,4,1,1,0,0,0,0,0,0,0,2,1,0,1,1,2,2,2,0,0,1,0,0,0,1,0,2,0,0,0,0,1,1,0,0,21,1,100,0,4,0,0,98,0,2,0,0,0,0,2,0,0,0,0,4,1,11,5,6,8,2,4,1,5,9,6,4,1,0,2,4,2,2,0,0,0,0,0,2,0,0,0,0,0,0,7,0,0,0,0,0,
M,0,0,0,0,0,0,0,0,0,0,0,0,0,0,0,0,0,0,0,0,0,0,0,0,0,0,1,0,0,0,2,1,2,48,0,0,0,0,0,0,0,0,0,0,0,0,0,0,0,0,0,0,0,0,0,5,0,0,0,0,0,0,0,0,0,1,0,0,1,1,0,0,0,0,0,0,0,0,0,0,0,1,0,1,0,0,0,0,0,4,2,0,0,0,94,0,0,0,0,0,0,0,1,0,9,0,0,0,1,0,0,0,1,0,1,1,3,1,3,2,1,1,2,4,1,1,2,1,1,1,0,0,0,0,0,0,0,0,0,0,0,0,0,0,0,0,
N,0,0,0,0,0,0,0,0,0,1,0,0,0,0,0,0,0,0,1,0,0,0,0,0,1,0,0,3,0,5,8,17,2,0,2,0,1,0,0,0,0,0,1,0,0,0,1,0,0,0,0,1,0,0,0,0,15,10,0,0,0,0,0,0,0,5,1,2,9,0,26,0,0,3,0,0,1,0,0,0,0,1,0,0,6,78,3,3,85,0,0,1,0,0,0,77,15,0,2,0,0,0,0,0,0,0,0,0,4,1,3,1,7,2,3,2,3,2,0,0,2,2,2,0,3,0,0,0,0,0,0,0,0,4,4,0,0,1,0,0,0,0,2,0,0,0,
P,0,0,0,0,0,0,0,0,0,0,0,0,1,54,0,0,0,0,0,1,1,0,1,3,4,0,0,3,0,2,2,0,2,0,1,0,0,0,0,3,94,0,0,0,1,0,0,3,0,1,0,0,0,0,0,0,0,4,0,0,0,1,1,0,1,0,0,0,0,1,0,0,1,2,3,0,0,0,0,0,1,0,4,0,0,1,0,1,0,1,1,0,0,0,0,0,0,2,0,86,0,0,1,0,0,0,0,0,0,2,5,10,9,7,8,6,4,4,5,5,4,3,2,3,4,1,1,2,0,0,0,0,0,3,0,0,0,0,0,0,8,0,1,0,0,3,
Q,5,0,96,0,0,0,0,0,0,0,0,0,91,1,0,0,0,0,0,0,0,0,2,0,0,0,1,0,0,1,1,1,0,0,0,0,0,0,95,0,1,0,2,0,0,0,16,0,0,0,0,0,0,0,0,0,0,1,0,0,0,0,0,0,0,0,0,0,0,0,0,0,1,0,0,0,1,0,1,0,0,0,0,6,0,0,0,3,0,0,0,0,0,87,0,0,0,0,6,0,0,0,0,0,0,0,0,0,0,1,2,3,2,2,1,1,0,2,1,1,0,1,3,1,0,0,0,0,2,0,0,0,0,0,0,0,0,74,0,0,80,0,0,0,0,0,
R,0,0,0,0,0,0,0,1,1,0,0,0,1,0,0,0,1,1,79,0,0,0,0,0,1,4,14,0,2,6,1,0,1,0,0,0,0,98,2,0,1,0,1,0,0,0,1,79,0,0,0,1,0,0,5,1,3,10,1,0,0,0,0,0,0,6,3,6,8,1,2,0,1,0,0,0,9,0,98,0,0,0,0,72,0,0,1,5,0,0,0,0,0,3,1,0,6,0,4,1,0,0,0,0,0,0,0,0,1,5,4,11,11,6,5,6,5,3,4,5,3,8,4,7,2,2,0,1,0,0,0,0,0,5,0,6,0,6,0,0,1,0,0,0,0,0,
S,0,0,0,0,0,0,88,0,0,0,15,0,0,3,0,2,96,0,5,0,92,1,4,1,92,1,15,11,5,44,17,4,2,0,6,0,2,0,0,0,1,0,1,0,0,0,0,0,0,0,0,0,0,42,9,1,36,20,1,0,0,0,0,0,0,51,6,9,41,6,6,4,5,0,90,0,0,1,0,2,1,0,89,6,1,6,0,0,0,3,0,3,0,0,0,4,65,0,0,2,0,0,3,0,0,0,2,0,1,2,13,11,6,8,14,13,11,14,9,4,5,5,4,1,3,1,0,2,0,0,0,0,0,3,17,0,0,1,0,0,0,0,0,0,91,71,
T,0,0,0,0,0,0,10,0,0,0,0,0,0,0,0,0,1,0,11,0,1,0,7,7,1,1,1,54,1,1,9,1,9,1,3,0,0,0,0,2,0,0,1,0,0,0,0,0,0,0,0,0,0,2,6,0,18,2,0,0,0,0,1,0,0,2,1,2,11,81,6,0,7,1,1,0,1,0,0,0,90,1,0,1,0,1,4,1,0,82,0,0,0,0,0,3,2,0,3,3,1,0,92,0,0,0,2,0,3,13,4,5,8,4,4,7,3,7,7,6,7,4,4,1,0,0,1,0,0,0,0,0,0,1,4,0,0,0,0,88,0,0,88,0,1,0,
V,0,63,0,0,96,0,0,0,1,0,3,96,0,0,1,0,0,0,0,1,0,0,18,8,0,1,0,1,4,0,1,0,7,6,1,0,16,0,0,6,0,1,0,0,0,0,0,0,0,0,1,2,87,0,4,5,1,2,0,0,0,0,0,0,0,1,1,1,4,1,2,0,5,0,0,89,0,0,0,2,1,10,0,2,0,0,5,0,0,1,63,0,0,0,0,0,0,0,0,3,0,0,0,0,76,0,2,0,1,5,5,4,5,3,6,6,3,2,0,4,3,5,3,3,1,0,1,1,0,1,0,0,0,0,4,0,0,0,0,0,0,97,1,95,0,0,
W,0,0,0,0,0,0,0,0,0,0,0,0,0,0,0,0,0,0,0,0,0,0,0,0,0,0,0,0,2,0,2,1,2,0,0,98,0,0,0,0,0,0,0,0,0,0,0,0,0,0,0,17,0,0,0,0,0,10,0,0,0,0,0,0,0,0,0,0,1,0,3,0,0,0,0,0,0,0,0,0,0,0,0,1,0,0,0,0,0,0,0,0,0,0,0,0,0,0,0,0,0,0,0,0,0,0,1,1,0,0,0,2,2,3,3,2,5,3,5,0,1,4,2,0,0,0,1,0,0,0,0,0,0,0,0,88,0,0,0,0,0,0,0,0,0,0,
Y,0,0,0,0,0,0,0,0,0,0,0,0,0,0,0,0,0,0,0,0,0,0,1,0,0,0,5,3,5,0,16,54,1,0,1,0,21,0,0,0,0,0,0,0,0,0,0,1,0,0,0,0,0,0,2,1,3,0,0,0,0,0,0,1,0,0,3,1,0,0,28,88,0,0,0,0,0,0,0,0,0,0,0,0,1,2,0,0,0,0,0,84,0,0,0,2,0,0,0,0,0,0,0,0,0,99,83,1,1,0,3,0,7,8,13,9,4,13,12,9,8,7,6,10,12,2,5,2,1,0,0,1,1,1,52,0,0,0,0,0,0,0,0,0,0,0,
