Amino_acid,Pos1,Pos2,Pos3,Pos4,Pos5,Pos6,Pos6A,Pos7,Pos8,Pos9,Pos10,Pos11,Pos12,Pos12A,Pos12B,Pos12C,Pos12D,Pos12E,Pos12F,Pos12G,Pos12H,Pos13,Pos13A,Pos13B,Pos13C,Pos13D,Pos13E,Pos13F,Pos13G,Pos13H,Pos14,Pos14A,Pos14B,Pos14C,Pos14D,Pos14E,Pos14F,Pos14G,Pos14H,Pos15,Pos15A,Pos15B,Pos15C,Pos15D,Pos15E,Pos15F,Pos15G,Pos15H,Pos15I,Pos16,Pos16A,Pos17,Pos18,Pos19,Pos19A,Pos20,Pos21,Pos22,Pos22A,Pos22B,Pos22C,Pos22D,Pos22E,Pos22F,Pos23,Pos24,Pos25,Pos26,Pos27,Pos28,Pos29,Pos30,Pos31,Pos32,Pos33,Pos34,Pos35,Pos35A,Pos35B,Pos35C,Pos35D,Pos35E,Pos35F,Pos35G,Pos35H,Pos35I,Pos35J,Pos35K,Pos36,Pos37,Pos37A,Pos38,Pos38A,Pos39,Pos39A,Pos39B,Pos39C,Pos40,Pos40A,Pos41,Pos41A,Pos42,Pos42A,Pos42B,Pos43,Pos43A,Pos43B,Pos43C,Pos44,Pos44A,Pos44B,Pos45,Pos45A,Pos45B,Pos45C,Pos45D,Pos46,Pos46A,Pos46B,Pos46C,Pos46D,Pos46E,Pos47,Pos47A,Pos47B,Pos47C,Pos47D,Pos48,Pos49,Pos50,Pos51,Pos52,Pos52A,Pos52B,Pos52C,Pos52D,Pos52E,Pos52F,Pos52G,Pos52H,Pos52I,Pos52J,Pos53,Pos54,Pos55,Pos56,Pos57,Pos58,Pos59,Pos59A,Pos59B,Pos59C,Pos59D,Pos60,Pos60A,Pos61,Pos61A,Pos61B,Pos61C,Pos61D,Pos62,Pos62A,Pos63,Pos64,Pos64A,Pos64B,Pos65,Pos66,Pos67,Pos68,Pos69,Pos69A,Pos69B,Pos69C,Pos70,Pos70A,Pos70B,Pos70C,Pos70D,Pos70E,Pos70F,Pos71,Pos71A,Pos71B,Pos71C,Pos71D,Pos72,Pos72A,Pos73,Pos73A,Pos73B,Pos73C,Pos73D,Pos73E,Pos74,Pos74A,Pos74B,Pos74C,Pos75,Pos75A,Pos75B,Pos75C,Pos76,Pos76A,Pos76B,Pos76C,Pos76D,Pos77,Pos77A,Pos77B,Pos78,Pos78A,Pos78B,Pos79,Pos79A,Pos79B,Pos80,Pos81,Pos82,Pos82A,Pos82B,Pos82C,Pos82D,Pos82E,Pos83,Pos83A,Pos84,Pos85,Pos86,Pos87,Pos88,Pos89,Pos90,Pos91,Pos92,Pos93,Pos94,Pos95,Pos96,Pos97,Pos98,Pos99,Pos100,Pos100A,Pos100B,Pos100C,Pos100D,Pos100E,Pos100F,Pos100G,Pos100H,Pos100I,Pos100J,Pos100K,Pos100L,Pos100M,Pos100N,Pos100O,Pos100P,Pos100Q,Pos100R,Pos100S,Pos100T,Pos100U,Pos100V,Pos100W,Pos100X,Pos101,Pos102,Pos103,Pos104,Pos104A,Pos104B,Pos104C,Pos105,Pos105A,Pos105B,Pos105C,Pos105D,Pos105E,Pos105F,Pos106,Pos107,Pos107A,Pos107B,Pos107C,Pos108,Pos109,Pos110,Pos111,Pos112,Pos113
-,850,315,292,157,157,136,7121,110,88,88,91,57,51,7126,7126,7126,7126,7126,7126,7126,7126,52,7125,7126,7126,7126,7126,7126,7126,7126,46,7126,7126,7126,7126,7126,7126,7126,7126,35,7125,7125,7125,7125,7125,7125,7125,7125,7126,27,7127,2,3,1,7126,1,1,0,7125,7127,7127,7127,7127,7127,0,0,0,0,0,0,0,0,1,17,135,219,263,6861,6947,7025,7095,7102,7122,7122,7123,7125,7125,7125,0,0,7126,0,7127,0,7123,7127,7127,0,7127,1,7127,1,7125,7126,0,7127,7127,7127,0,7125,7127,0,7123,7123,7127,7127,0,7124,7125,7127,7127,7127,0,7127,7127,7127,7127,0,0,0,69,112,1539,6859,6948,7005,7066,7113,7119,7125,7125,7125,0,0,0,0,0,2,0,7125,7126,7126,7126,2,7127,2,7124,7124,7125,7125,2,7127,0,0,7115,7127,4,1,0,0,0,7126,7126,7127,2,7127,7127,7127,7127,7127,7127,0,7121,7121,7121,7121,2,7127,7,7126,7126,7126,7126,7127,8,7122,7125,7125,10,7124,7124,7124,6,7125,7126,7126,7126,4,7120,7120,0,7124,7124,0,7126,7126,0,0,0,4,4,5,7124,7125,0,7126,0,1,1,0,0,0,0,1,0,0,0,0,0,0,0,0,0,0,0,0,0,0,0,1314,3298,4631,5998,7127,7127,7127,7127,7127,7127,7127,7127,7127,7127,7127,7127,7127,7127,0,0,0,0,7125,7126,7126,0,7127,7127,7127,7127,7127,7127,3,12,7127,7127,7127,24,22,36,179,271,388
A,96,2,3,0,34,172,0,1,0,0,25,8,63,0,0,0,0,0,0,0,0,1,1,0,0,0,0,0,0,0,4114,0,0,0,0,0,0,0,0,2,0,0,0,0,0,0,0,0,0,81,0,14,4,3,0,0,62,3,0,0,0,0,0,0,5450,6040,53,73,71,416,103,138,197,205,2611,78,1043,25,20,4,2,0,0,2,0,2,0,0,0,1,0,2,0,6,0,0,0,6251,0,70,0,5,0,0,46,0,0,0,173,0,0,1,3,0,0,0,34,0,0,0,0,0,139,0,0,0,0,46,4929,3157,70,143,156,9,2,5,0,1,2,0,2,0,169,223,307,136,324,220,4,0,0,0,0,5219,0,83,0,2,0,0,87,0,184,33,0,0,29,0,16,193,36,0,0,0,64,0,0,0,0,0,0,229,0,0,6,0,10,0,35,0,0,0,0,0,5450,0,0,0,21,0,1,0,15,0,1,0,0,193,0,0,509,0,0,42,0,0,0,5,9,29,19,3,0,0,36,0,335,27,2,65,6827,89,0,4,0,6063,4998,840,436,471,427,467,475,339,363,360,465,344,534,273,313,100,6,0,0,0,0,0,0,0,0,0,0,0,0,0,0,304,108,25,15,1,0,0,0,0,0,0,0,0,0,0,59,0,0,0,0,1,14,6,12,16
C,2,3,1,1,1,1,0,1,1,1,1,1,1,0,0,0,0,0,0,0,0,1,0,0,0,0,0,0,0,0,1,0,0,0,0,0,0,0,0,1,0,0,0,0,0,0,0,0,0,1,0,1,1,2,0,1,1,7118,0,0,0,0,0,0,1,9,1,1,4,2,3,42,7,60,360,5,12,5,0,0,0,0,0,0,0,0,0,0,3,2,0,5,0,1,0,0,0,6,0,1,0,1,0,0,1,0,0,0,1,0,0,123,0,0,0,0,1,0,0,0,0,0,12,0,0,0,0,1,17,701,3,5,36,0,0,0,0,0,0,0,0,0,4,2,1,1,0,5,8,1,0,0,0,0,0,1,0,0,0,0,2,0,0,1,0,0,1,1,4,1,16,0,0,0,1,0,0,0,0,0,0,23,0,0,0,0,1,0,1,0,0,0,0,0,1,0,0,0,1,0,0,0,1,0,0,0,0,1,0,0,1,0,0,7,0,0,1,2,1,2,3,1,0,0,2,0,1,1,1,1,2,1,5,4,7121,1,6,11,30,105,79,187,285,168,147,131,152,82,60,8,3,3,0,0,0,0,0,0,0,0,0,0,0,0,0,0,0,3,2,3,2,0,0,0,1,0,0,0,0,0,0,3,1,0,0,0,1,1,1,1,15,2
D,370,1,0,0,0,121,0,0,0,0,42,0,0,0,0,0,0,0,1,0,0,1,0,0,0,0,0,1,0,0,24,0,0,0,0,0,1,0,0,8,0,0,0,0,0,1,1,0,0,640,0,7,0,0,0,0,1,0,0,0,0,0,0,0,4,66,8,21,145,112,111,1106,889,233,406,5,42,0,1,0,0,0,0,0,0,0,0,0,0,0,0,4,0,1,1,0,0,13,0,11,0,9,0,1,7,0,0,0,188,0,0,11,0,3,0,0,244,0,1,0,0,0,0,0,0,0,0,0,0,38,19,317,42,11,19,9,0,0,2,0,0,1,275,1204,678,283,11,404,62,0,0,0,0,59,0,5955,0,0,0,2,23,0,1,2,0,0,248,0,2,5,0,0,0,0,18,0,0,0,0,0,0,2,0,0,0,0,6809,0,183,0,0,1,0,0,115,0,0,0,20,0,0,0,152,0,0,0,0,0,0,0,1,0,0,206,0,0,0,27,0,272,124,0,0,0,8,0,53,252,7079,1,16,48,0,6,0,1,15,1309,237,299,338,333,348,335,370,465,365,424,721,491,360,116,4,0,0,0,0,0,0,0,0,0,0,0,0,0,0,3560,202,0,4,0,0,0,1,0,0,0,0,0,0,0,0,0,0,0,2,2,0,0,0,0
E,3270,4,3,0,237,6445,0,0,16,5,11,50,4,0,0,0,0,0,0,0,0,75,0,0,0,0,0,0,0,0,5,0,0,0,0,0,0,0,0,32,0,0,0,0,0,0,0,0,0,138,0,1,0,8,0,0,0,0,0,0,0,0,0,0,182,1,1,220,6,17,20,76,72,20,37,1,12,1,2,0,0,0,0,0,0,0,0,0,0,0,0,0,0,25,1,0,0,4,0,0,0,85,0,0,131,0,0,0,5449,0,0,2,1,0,0,0,6650,0,0,0,0,0,67,0,0,0,0,0,1,27,3,24,16,0,3,2,0,0,0,0,0,0,72,95,122,58,16,44,5,0,0,0,0,149,0,407,0,0,0,0,0,0,17,209,0,0,10,0,1,2,0,0,0,0,1,0,0,0,0,0,0,17,0,0,0,6,72,0,28,0,0,0,0,0,16,0,0,0,276,0,0,1,17,0,0,0,0,7,0,0,6,0,0,7,0,0,0,145,0,12,2,0,0,0,171,0,3,6747,37,2,0,7,0,0,0,2,19,299,144,100,105,72,117,116,135,232,265,544,728,427,321,247,5,0,0,0,0,0,0,0,0,0,0,0,0,0,0,414,20,14,0,0,0,0,24,0,0,0,0,0,0,3,0,0,0,0,8,0,0,0,0,2
F,0,0,0,4,0,0,0,46,0,0,0,35,0,0,0,0,0,0,0,0,0,0,0,0,0,0,0,0,0,0,0,0,0,0,0,0,0,0,0,0,0,0,0,0,0,0,0,0,0,0,0,97,0,0,0,44,2,0,0,0,0,0,0,0,2,44,16,6,1374,48,4240,24,127,171,73,15,10,0,0,0,0,0,0,0,0,0,0,0,4,5819,0,0,0,0,0,0,0,22,0,0,0,0,0,0,0,0,0,0,0,0,0,0,0,0,0,0,0,0,0,0,0,0,3869,0,0,0,0,3,2,71,50,66,75,6,5,0,1,0,0,0,0,0,32,35,31,86,9,219,36,0,0,0,0,2,0,4,0,0,0,0,217,0,12,0,0,0,0,0,6982,12,10,0,0,0,56,0,0,0,0,0,0,5,0,0,0,0,1,0,4,0,0,0,0,0,4,0,0,0,0,0,0,0,0,0,0,0,0,8,0,0,56,0,0,173,0,0,3,0,0,11,4,0,0,0,0,0,16,0,0,0,0,4,2,287,0,13,8,50,279,296,315,203,148,214,133,134,138,197,269,137,209,221,135,0,0,0,0,0,0,0,0,0,0,0,0,0,0,27,271,19,0,0,0,0,0,0,0,0,0,0,0,0,0,0,0,0,0,0,0,0,3,1
G,1,6,0,2,2,0,0,8,7004,6987,6828,3,10,0,0,1,0,0,0,0,0,1,0,0,1,0,0,0,0,0,5,0,0,1,0,0,0,0,0,6985,1,0,1,1,0,0,0,0,0,6133,0,4,1,23,0,0,2,0,0,0,0,0,0,0,16,99,2,6370,485,61,108,388,335,153,698,65,5021,90,31,52,5,20,0,1,4,0,0,2,4,3,0,8,0,0,0,0,0,103,0,5,0,6971,0,0,7,0,0,0,672,0,0,7,0,0,0,0,22,0,0,0,0,0,1325,0,0,0,0,1,294,794,6,261,330,18,96,27,4,2,2,0,0,0,806,4096,3976,267,15,135,41,0,0,0,0,279,0,126,0,0,0,0,25,0,16,9,2,0,6770,0,1,5,7,0,0,0,2,0,0,0,0,0,0,83,0,0,0,0,60,0,58,0,0,0,0,0,102,0,0,0,51,0,0,0,18,0,0,0,0,0,0,0,94,0,0,0,0,0,0,3,2,12,168,0,0,0,6,0,9,49,3,1,248,3,0,0,0,150,205,965,495,1114,1050,915,1140,1092,754,506,478,506,456,309,235,65,10,0,0,0,0,0,0,0,0,0,0,0,0,0,0,405,24,11,7084,0,0,1,1,0,0,0,0,0,0,7111,0,0,0,0,1,0,7,2,13,23
H,16,0,48,0,2,0,0,0,0,0,0,0,0,0,0,0,0,0,0,0,1,32,0,0,0,0,0,0,0,1,11,0,0,0,0,0,0,0,1,0,0,0,0,0,0,0,0,1,1,0,0,0,0,0,0,2,0,0,0,0,0,0,0,0,1,79,5,2,68,15,23,26,69,147,104,10,20,1,0,2,0,0,0,0,0,0,0,0,0,5,0,13,0,14,0,0,0,2,0,4,0,0,0,0,8,0,0,0,0,0,0,22,0,0,0,0,0,0,0,0,0,0,1,0,0,0,0,0,0,86,20,60,17,2,1,0,1,0,0,0,0,0,61,23,52,149,4,204,43,0,0,0,0,8,0,11,0,0,0,0,6,0,0,1,0,0,0,5,0,0,0,0,0,0,2,0,0,0,0,0,0,15,0,0,0,0,7,0,26,0,0,0,0,0,3,0,0,0,1,0,0,0,26,0,0,0,0,0,0,0,0,0,0,83,0,0,0,91,0,25,6,0,0,0,0,1,12,0,0,1,0,2,3,68,0,72,17,196,106,76,66,82,32,65,156,128,132,117,116,55,44,20,8,0,0,0,0,0,0,0,0,0,0,0,0,0,0,90,132,1,0,0,0,0,14,0,0,0,0,0,0,0,0,0,0,0,6,0,0,0,0,1
I,6,9,0,1,5,0,0,0,0,0,0,0,1,0,0,0,0,0,0,0,0,0,0,0,0,0,0,0,0,0,11,0,0,0,0,0,0,0,0,0,0,0,0,0,0,0,0,0,0,1,0,0,0,5,0,30,2,0,0,0,0,0,0,0,36,29,0,30,84,723,247,76,527,66,148,923,29,8,15,1,17,0,1,0,0,0,0,0,0,46,0,0,0,0,0,0,0,16,0,1,0,3,1,0,1,0,0,0,0,0,0,1,0,0,0,0,5,1,1,0,0,0,44,0,0,0,0,182,3,85,5856,91,117,4,2,3,2,0,0,2,0,0,168,50,181,366,319,175,37,0,0,0,0,49,0,4,0,0,0,0,2,0,15,2,1,0,0,0,9,60,6623,0,1,0,3,0,0,0,0,0,0,25,0,0,0,0,1,0,92,0,0,0,0,0,19,0,0,0,4,0,0,0,32,0,0,0,0,65,6,0,114,0,0,12,0,1,1,20,99,23,8,1,0,0,29,0,4,0,0,1,0,515,0,39,0,2,67,77,318,214,199,239,393,301,253,250,156,166,93,73,34,20,20,0,0,0,0,0,0,0,0,0,0,0,0,0,0,65,60,0,0,0,0,0,0,0,0,0,0,0,0,0,56,0,0,0,0,8,14,9,1,8
K,40,0,259,0,3,20,0,3,0,0,2,1,0,0,0,0,0,0,0,0,0,50,0,0,0,0,0,0,0,0,7,0,0,0,0,0,0,0,0,8,0,0,0,0,0,0,0,0,0,4,0,1,0,157,0,0,0,0,0,0,0,0,0,0,34,0,2,19,4,12,6,59,38,67,11,12,25,0,0,0,0,0,0,0,0,0,0,0,0,0,0,1,0,9,0,0,0,0,0,1,0,2,0,0,6417,0,0,0,42,0,0,1,0,0,0,0,48,0,0,0,0,0,6,0,0,0,0,15,1,7,10,40,32,2,0,0,0,0,0,0,0,0,65,32,67,79,195,115,0,0,0,0,0,61,0,10,0,0,0,0,0,0,2,6442,6,0,0,0,0,4,0,0,0,0,1,0,0,0,0,0,0,256,0,0,0,0,9,0,124,0,0,0,0,0,2,2,0,0,6204,0,0,1,210,0,0,0,0,5,0,0,2,0,0,1,0,0,0,8,0,20,23,0,0,0,5558,0,0,5,0,0,0,7,0,0,0,72,230,282,203,130,63,55,34,33,113,103,144,118,125,43,55,37,10,0,0,0,0,0,0,0,0,0,0,0,0,0,0,170,10,10,1,0,0,0,246,0,0,0,0,0,0,0,0,0,0,0,2,0,30,0,76,0
L,0,73,6,6918,172,0,0,1,0,0,5,5417,3,1,0,0,0,0,0,0,0,42,1,0,0,0,0,0,0,0,7,1,0,0,0,0,0,0,0,0,1,1,0,0,0,0,0,0,0,0,0,2,7061,0,1,6987,0,0,0,0,0,0,0,0,69,70,5,9,385,40,758,40,176,143,66,207,7,1,7,2,0,2,0,2,0,0,0,0,4,65,0,2,0,17,0,0,0,7,0,25,0,1,0,0,19,0,0,0,20,0,0,360,0,0,0,0,9,0,0,0,0,0,789,0,0,0,0,115,57,86,148,28,43,15,1,2,0,0,0,0,0,1,64,31,83,206,38,145,9,0,0,0,0,63,0,4,0,0,0,0,13,0,147,17,2,0,0,6,19,2,42,0,0,0,3,0,0,0,0,0,0,108,0,0,0,0,4,0,8,0,0,0,0,0,12,0,0,0,23,0,0,0,1,0,0,0,0,75,0,0,1086,0,0,32,1,0,7106,54,112,4,8,6997,1,2,16,0,95,6,1,0,0,251,1,44,0,4,88,113,577,323,484,457,316,545,455,590,444,355,261,204,105,51,16,0,0,0,0,0,0,0,0,0,0,0,0,0,0,46,53,18,0,0,0,0,25,0,0,0,0,0,0,0,2,0,0,0,1532,0,0,0,3,6
M,1,16,0,8,35,0,0,0,0,5,0,15,42,0,0,0,0,0,0,0,0,0,0,0,0,0,0,0,0,0,0,0,0,0,0,0,0,0,0,0,0,0,0,0,0,0,0,0,0,1,0,0,9,2,0,0,0,0,0,0,0,0,0,0,2,20,0,2,9,26,10,28,175,94,38,4911,43,37,45,4,1,0,0,0,0,0,2,0,5,0,0,0,0,0,0,0,0,0,0,0,0,1,0,0,31,0,0,0,0,0,0,0,0,0,0,0,4,0,0,0,0,0,43,0,0,0,0,31,1,7,126,16,36,1,0,0,2,0,0,0,0,0,50,7,12,79,8,27,0,0,0,0,0,1,0,0,0,0,0,0,0,0,227,15,1,0,0,0,0,0,71,0,0,0,0,0,0,0,0,0,0,5,0,0,0,0,0,0,5,0,0,0,0,0,1,0,0,0,11,0,0,0,10,1,0,0,0,350,0,0,319,0,1,0,0,0,8,0,6824,9,10,37,0,0,2,0,0,1,0,10,0,561,0,0,0,1,24,12,58,30,57,93,47,52,84,96,113,51,72,60,55,59,57,0,0,0,0,0,0,0,0,0,0,0,0,0,0,18,9,4,0,0,0,0,0,0,0,0,0,0,0,0,3,0,0,0,1,0,0,0,0,0
N,2,0,0,0,1,0,0,0,0,0,5,3,0,0,0,0,0,0,0,1,0,1,0,0,0,0,0,0,1,0,5,0,0,0,0,0,0,1,0,0,0,0,0,0,0,0,1,1,0,12,0,5,0,22,0,0,5,0,0,0,0,0,0,0,2,21,7,7,142,90,63,516,932,721,187,10,31,2,5,0,0,0,0,0,0,0,0,0,0,2,0,1,0,1,0,0,0,6,0,0,0,2,0,0,171,0,0,0,10,0,0,0,0,0,0,0,3,0,0,0,0,0,5,0,0,0,0,0,0,20,10,939,56,15,9,3,1,0,0,0,0,0,588,94,218,758,31,697,12,1,0,0,0,13,0,214,0,0,0,0,62,0,0,27,0,0,5,1,0,8,8,0,0,0,1,0,0,0,0,0,0,10,0,6,0,0,106,0,5991,0,0,0,1,0,40,2,0,0,133,3,0,0,6256,0,0,0,1,2,0,0,3,0,0,70,0,0,0,7,1,6129,535,2,1,0,123,0,0,2,2,0,0,23,1,9,0,331,32,193,160,188,105,260,159,162,362,255,193,272,253,185,84,129,4,0,0,0,0,0,0,0,0,0,0,0,0,0,0,766,162,0,0,0,0,0,0,0,0,0,0,0,0,0,2,0,0,0,2,0,13,0,2,1
P,3,0,3,9,0,0,0,2,0,37,0,54,0,0,0,0,0,0,0,0,0,24,0,0,0,0,0,0,0,0,2304,0,0,0,0,0,0,0,0,0,0,0,0,0,0,0,0,0,0,1,0,20,5,0,0,3,8,0,0,0,0,0,0,0,5,40,64,13,133,137,33,34,85,44,209,2,2,2,0,2,0,2,0,0,0,0,0,0,0,0,0,13,0,5,0,0,0,117,0,6838,0,0,0,0,2,0,0,0,16,0,0,65,0,0,0,0,0,0,0,0,0,0,26,0,0,0,0,1,5,2,1,20,148,0,5,0,0,3,1,0,0,0,57,31,34,17,276,17,1,0,0,0,0,100,0,119,0,0,0,0,89,0,2,5,0,0,1,1,0,2,5,0,0,0,4,0,0,0,0,0,0,10,0,0,0,0,0,0,4,0,0,0,0,0,58,0,0,0,2,0,0,0,1,0,0,0,0,15,0,0,0,0,0,1,0,0,1,1,0,30,2,13,0,0,0,0,6219,0,0,1,2,0,0,0,0,1,9,161,797,417,625,272,307,371,350,607,632,443,342,441,104,87,2,0,0,0,0,0,0,0,0,0,0,0,0,0,0,165,42,4,0,0,0,0,63,0,0,0,0,0,0,0,0,0,0,0,17,0,1,0,4,64
Q,2462,0,6478,2,2116,228,0,0,0,0,11,8,2,0,0,0,0,0,0,0,0,6762,0,0,0,0,0,0,0,0,0,0,0,0,0,0,0,0,0,0,0,0,0,0,0,0,0,0,0,48,0,0,7,10,0,0,0,0,0,0,0,0,0,0,10,3,0,21,9,4,7,14,45,18,4,3,1,0,0,0,0,0,0,0,0,0,0,0,0,0,0,3,0,6898,2,0,0,2,0,96,0,4,0,0,124,0,0,0,496,0,0,3,0,0,0,0,41,0,0,0,0,0,8,0,0,0,0,2,4,33,6,18,45,0,0,0,0,0,0,0,0,0,12,17,41,25,86,38,1,0,0,0,0,15,0,6,0,0,0,0,1,0,0,125,0,0,0,13,0,2,0,0,0,0,0,0,0,0,0,0,0,493,0,0,0,0,2,0,1,0,0,0,0,0,3,0,0,0,76,0,0,0,6,0,0,0,0,37,0,0,7,0,0,2,0,0,0,6634,0,1,3,0,0,0,99,0,2,5,0,1,0,10,0,4,0,3,44,134,238,167,96,50,36,70,116,123,142,202,264,69,82,51,1,0,0,0,0,0,0,0,0,0,0,0,0,0,0,59,8,10,0,1,0,0,6518,0,0,0,0,0,0,0,1,0,0,0,5483,0,28,0,14,1
R,6,6,27,1,3,1,0,2,15,3,58,2,0,0,0,0,1,0,0,0,0,69,0,0,0,1,0,0,0,0,7,0,0,0,1,0,0,0,0,8,0,0,0,1,1,0,0,0,0,16,0,5,17,6532,0,0,3,1,0,0,0,0,0,0,26,13,43,142,2906,67,49,562,387,85,143,23,33,1,1,12,4,0,0,0,0,0,0,0,6,0,1,7008,0,145,0,0,0,31,0,24,0,22,0,0,71,0,0,0,23,2,0,6490,0,1,0,0,6,2,0,0,0,0,86,0,0,0,0,1,0,220,17,388,887,15,2,6,30,4,0,0,0,0,562,104,229,758,83,191,4,0,0,0,0,65,0,6,0,0,0,0,3,0,5,201,0,0,1,7099,0,11,0,0,0,0,3,0,0,0,0,0,0,5488,0,0,0,0,1,0,45,0,1,0,0,0,7,0,0,0,226,0,0,1,36,0,0,1,0,25,0,0,1,2,0,1,0,0,1,87,0,15,122,1,0,0,929,0,40,1,1,1,2,39,0,24,0,6,234,1073,1319,907,602,579,334,483,587,576,725,826,383,426,214,74,5,0,0,0,0,0,0,0,0,0,0,0,0,0,0,283,39,144,6,0,1,0,229,0,0,0,0,0,0,4,0,0,0,0,42,0,0,0,0,1
S,0,0,0,0,1,2,6,6876,0,1,47,1149,0,0,1,0,0,1,0,0,0,1,0,1,0,0,1,0,0,0,54,0,1,0,0,1,0,0,0,47,0,1,1,0,1,1,0,0,0,14,0,6852,1,179,0,0,6900,1,0,0,0,0,0,0,73,34,6846,34,697,574,432,3546,1580,378,360,21,315,16,27,0,0,1,2,0,0,0,0,0,1,26,0,66,0,2,0,0,0,99,0,35,0,5,0,0,17,0,0,0,9,0,0,17,0,0,0,0,19,0,0,0,0,0,70,0,0,0,0,0,1566,615,103,3034,824,129,26,14,12,0,0,0,0,0,3393,614,577,2495,141,319,37,0,0,0,0,370,0,37,2,1,0,0,6547,0,5,6,0,0,52,0,20,120,16,1,0,0,6882,0,0,0,0,0,0,269,0,0,0,0,16,0,272,0,0,0,0,0,810,0,0,0,23,0,0,0,218,0,0,0,0,73,0,0,4,0,0,238,0,0,0,10,4,330,5976,2,1,0,15,0,215,3,0,120,22,10,0,142,5,32,236,672,655,704,598,853,1059,976,799,810,758,611,630,530,324,98,13,0,0,0,0,0,0,0,0,0,0,0,0,0,0,173,549,48,12,0,0,0,2,0,0,0,0,0,0,0,9,0,0,0,1,0,5,1,6709,6603
T,1,0,5,0,2,0,0,76,0,0,1,27,5,0,0,0,0,0,0,0,0,7,0,0,0,0,0,0,0,0,453,0,0,0,0,0,0,0,0,0,0,0,0,0,0,0,0,0,0,6,0,113,2,183,0,0,136,0,0,0,0,0,0,0,607,135,60,113,114,4684,74,281,821,141,584,56,66,23,4,19,0,0,2,0,0,0,0,0,2,0,0,0,0,3,0,0,0,174,0,12,0,1,1,0,62,0,0,0,1,0,0,10,0,0,0,0,7,0,0,0,0,0,5,0,0,0,0,2,133,696,69,1060,326,12,4,7,1,4,0,0,0,0,483,202,266,799,5472,217,23,0,1,0,0,462,0,30,0,0,0,0,32,0,8,27,0,0,0,0,27,6688,38,0,0,0,62,0,0,0,0,0,0,40,0,0,0,0,1,0,111,0,0,0,0,0,347,1,0,2,13,0,2,0,82,1,0,0,0,6246,0,7,6,1,0,89,0,0,1,18,61,170,93,0,0,0,111,0,63,8,0,6922,5,173,0,77,0,138,473,364,475,627,457,436,540,436,720,539,493,580,360,239,138,31,7,0,0,0,0,0,0,0,0,0,0,0,0,0,0,232,91,3,3,0,0,0,0,0,0,0,0,0,0,0,6982,0,0,0,4,0,6976,0,3,8
V,1,6692,2,24,4356,1,0,1,1,0,0,261,6942,0,0,0,0,0,0,0,0,8,0,0,0,0,0,0,0,0,71,0,0,0,0,0,0,0,0,0,0,0,0,0,0,0,0,0,0,4,0,0,16,0,0,59,2,0,2,0,0,0,0,0,607,412,7,43,58,44,170,41,155,72,567,461,40,5,1,1,2,0,0,0,0,0,0,0,1,342,0,0,0,0,0,0,0,273,0,3,0,3,0,0,0,0,0,0,26,0,0,8,0,0,0,0,34,0,0,0,0,0,83,0,0,0,0,6727,113,371,534,74,77,3,3,34,2,0,0,0,0,0,72,139,174,169,93,172,66,0,0,0,1,202,0,90,1,0,2,0,8,0,6485,4,0,0,2,0,29,12,255,0,0,0,11,0,0,0,0,0,0,15,6,0,0,0,21,0,33,1,0,0,0,0,114,0,0,0,14,0,0,0,25,0,0,0,0,20,1,0,4914,0,2,4,0,0,5,8,14,23,7,65,0,0,22,0,33,16,0,0,3,5383,0,36,1,205,393,216,202,391,394,401,418,336,434,256,301,241,251,151,46,34,12,0,0,0,0,0,0,0,0,0,0,0,0,0,0,148,88,1,0,0,0,0,2,0,0,0,0,0,0,1,0,0,0,0,0,7093,2,6929,0,2
W,0,0,0,0,0,0,0,0,2,0,0,35,3,0,0,0,0,0,0,0,0,0,0,0,0,0,0,0,0,0,0,0,0,0,0,0,0,0,0,1,0,0,0,0,0,0,0,0,0,0,0,1,0,0,0,0,0,3,0,0,0,0,0,0,0,1,0,0,19,6,35,15,62,30,69,43,2,44,0,1,0,0,0,0,0,0,0,0,7091,9,0,0,0,0,0,0,0,0,0,0,0,2,0,0,0,0,0,0,0,0,0,0,0,0,0,0,0,0,0,0,0,0,477,0,0,0,0,0,0,7,3,44,2273,23,0,10,4,0,0,0,0,0,89,7,6,33,0,132,1,0,0,0,0,1,0,0,0,0,0,0,0,0,1,0,0,0,0,0,0,0,0,0,0,0,2,0,0,0,0,0,0,25,0,0,0,0,0,0,0,0,0,0,0,0,1,0,0,0,17,0,0,0,0,0,0,0,0,1,0,0,4,0,0,26,0,0,0,0,0,0,0,0,0,0,0,0,0,3,0,0,0,0,1,8,0,4,0,23,147,115,308,246,349,212,207,291,270,150,96,201,128,55,7,0,0,0,0,0,0,0,0,0,0,0,0,0,0,26,62,6770,0,0,0,0,0,0,0,0,0,0,0,2,0,0,0,0,1,0,0,0,0,0
Y,0,0,0,0,0,0,0,0,0,0,0,1,0,0,0,0,0,0,0,0,0,0,0,0,0,0,0,0,0,0,2,0,0,0,0,0,0,0,0,0,0,0,0,0,0,0,0,0,0,0,0,2,0,0,0,0,2,1,0,0,0,0,0,0,0,11,7,1,414,49,635,115,447,4262,317,57,110,5,21,2,1,0,0,0,0,0,0,0,6,807,0,1,0,0,0,0,0,1,0,0,0,9,0,0,12,0,0,0,1,0,0,6,0,0,0,0,0,0,0,0,0,0,72,0,0,0,0,0,1,104,4,387,52,3,1,0,1,0,1,0,0,0,105,121,72,363,6,3649,6737,0,0,1,0,7,0,18,0,0,0,0,8,0,0,1,0,0,4,0,17,0,0,0,0,0,9,0,0,0,0,0,0,9,0,0,0,0,4,0,99,0,0,0,0,0,14,0,2,0,1,0,0,0,15,0,0,0,0,0,0,0,0,0,0,6133,0,0,0,7,0,6,10,0,0,0,0,0,27,0,0,0,0,1,7114,6374,0,26,29,137,251,453,759,927,590,821,589,675,761,898,1113,1491,975,998,807,0,0,0,0,0,0,0,0,0,0,0,0,0,0,173,5195,42,0,0,0,0,1,0,0,0,0,0,0,0,0,0,0,0,0,0,0,0,1,0