Amino_acid,Pos1,Pos2,Pos3,Pos4,Pos5,Pos6,Pos6A,Pos6B,Pos6C,Pos7,Pos8,Pos9,Pos10,Pos10A,Pos11,Pos11A,Pos11B,Pos12,Pos12A,Pos13,Pos13A,Pos13B,Pos14,Pos14A,Pos14B,Pos14C,Pos15,Pos15A,Pos15B,Pos15C,Pos16,Pos17,Pos18,Pos19,Pos20,Pos20A,Pos20B,Pos21,Pos21A,Pos22,Pos22A,Pos22B,Pos22C,Pos22D,Pos23,Pos24,Pos25,Pos26,Pos27,Pos28,Pos29,Pos30,Pos31,Pos32,Pos33,Pos34,Pos35,Pos35A,Pos35B,Pos35C,Pos35D,Pos35E,Pos35F,Pos35G,Pos35H,Pos35I,Pos35J,Pos35K,Pos35L,Pos36,Pos36A,Pos36B,Pos36C,Pos36D,Pos36E,Pos36F,Pos36G,Pos36H,Pos36I,Pos36J,Pos36K,Pos37,Pos37A,Pos37B,Pos38,Pos38A,Pos38B,Pos38C,Pos38D,Pos39,Pos39A,Pos39B,Pos39C,Pos39D,Pos39E,Pos39F,Pos39G,Pos40,Pos40A,Pos40B,Pos40C,Pos40D,Pos40E,Pos41,Pos41A,Pos41B,Pos41C,Pos41D,Pos41E,Pos41F,Pos41G,Pos41H,Pos41I,Pos42,Pos42A,Pos42B,Pos42C,Pos42D,Pos42E,Pos42F,Pos43,Pos43A,Pos43B,Pos43C,Pos43D,Pos43E,Pos43F,Pos43G,Pos43H,Pos43I,Pos44,Pos44A,Pos44B,Pos44C,Pos44D,Pos44E,Pos44F,Pos44G,Pos44H,Pos44I,Pos45,Pos45A,Pos45B,Pos45C,Pos45D,Pos45E,Pos45F,Pos45G,Pos45H,Pos45I,Pos45J,Pos46,Pos46A,Pos46B,Pos46C,Pos46D,Pos46E,Pos46F,Pos46G,Pos46H,Pos46I,Pos47,Pos47A,Pos47B,Pos47C,Pos47D,Pos47E,Pos47F,Pos47G,Pos47H,Pos47I,Pos48,Pos49,Pos50,Pos51,Pos52,Pos52A,Pos52B,Pos52C,Pos52D,Pos52E,Pos52F,Pos52G,Pos52H,Pos52I,Pos52J,Pos52K,Pos52L,Pos52M,Pos52N,Pos52O,Pos52P,Pos52Q,Pos53,Pos54,Pos55,Pos56,Pos57,Pos58,Pos59,Pos59A,Pos59B,Pos59C,Pos59D,Pos59E,Pos60,Pos60A,Pos60B,Pos60C,Pos60D,Pos60E,Pos60F,Pos60G,Pos60H,Pos60I,Pos60J,Pos60K,Pos61,Pos61A,Pos61B,Pos61C,Pos61D,Pos61E,Pos61F,Pos61G,Pos62,Pos62A,Pos62B,Pos62C,Pos62D,Pos62E,Pos63,Pos63A,Pos63B,Pos63C,Pos63D,Pos63E,Pos63F,Pos64,Pos64A,Pos64B,Pos64C,Pos64D,Pos64E,Pos64F,Pos64G,Pos64H,Pos64I,Pos64J,Pos64K,Pos65,Pos65A,Pos65B,Pos65C,Pos65D,Pos65E,Pos65F,Pos66,Pos66A,Pos66B,Pos67,Pos67A,Pos67B,Pos67C,Pos67D,Pos67E,Pos67F,Pos67G,Pos67H,Pos67I,Pos68,Pos68A,Pos68B,Pos68C,Pos68D,Pos68E,Pos68F,Pos68G,Pos68H,Pos69,Pos69A,Pos69B,Pos69C,Pos69D,Pos69E,Pos69F,Pos70,Pos70A,Pos70B,Pos70C,Pos70D,Pos70E,Pos70F,Pos70G,Pos71,Pos71A,Pos71B,Pos71C,Pos71D,Pos71E,Pos71F,Pos71G,Pos71H,Pos72,Pos72A,Pos72B,Pos72C,Pos72D,Pos72E,Pos72F,Pos72G,Pos72H,Pos72I,Pos73,Pos73A,Pos73B,Pos73C,Pos73D,Pos73E,Pos73F,Pos73G,Pos73H,Pos74,Pos74A,Pos74B,Pos74C,Pos74D,Pos74E,Pos74F,Pos74G,Pos74H,Pos75,Pos75A,Pos75B,Pos75C,Pos75D,Pos75E,Pos75F,Pos75G,Pos75H,Pos76,Pos76A,Pos76B,Pos76C,Pos76D,Pos76E,Pos76F,Pos77,Pos77A,Pos77B,Pos77C,Pos77D,Pos77E,Pos77F,Pos77G,Pos77H,Pos78,Pos78A,Pos78B,Pos78C,Pos78D,Pos79,Pos79A,Pos79B,Pos79C,Pos79D,Pos79E,Pos79F,Pos79G,Pos79H,Pos80,Pos80A,Pos80B,Pos80C,Pos81,Pos81A,Pos82,Pos82B,Pos82A,Pos82C,Pos82D,Pos82E,Pos83,Pos83A,Pos83B,Pos84,Pos84A,Pos84B,Pos85,Pos85A,Pos85B,Pos85C,Pos85D,Pos85E,Pos85F,Pos86,Pos86A,Pos86B,Pos86C,Pos86D,Pos87,Pos87A,Pos87B,Pos87C,Pos87D,Pos87E,Pos87F,Pos87G,Pos88,Pos88A,Pos88B,Pos88C,Pos88D,Pos88E,Pos88F,Pos88G,Pos88H,Pos88I,Pos88J,Pos88K,Pos88L,Pos88M,Pos89,Pos89A,Pos89B,Pos89C,Pos89D,Pos89E,Pos89F,Pos89G,Pos89H,Pos89I,Pos89J,Pos90,Pos91,Pos92,Pos93,Pos94,Pos95,Pos96,Pos97,Pos98,Pos99,Pos100,Pos100A,Pos100B,Pos100C,Pos100D,Pos100E,Pos100F,Pos100G,Pos100H,Pos100I,Pos100J,Pos100K,Pos100L,Pos100M,Pos100N,Pos100O,Pos100P,Pos100Q,Pos100R,Pos100S,Pos100T,Pos100U,Pos100V,Pos100W,Pos100X,Pos101,Pos102,Pos103,Pos104,Pos104A,Pos104B,Pos104C,Pos104D,Pos104E,Pos104F,Pos104G,Pos104H,Pos104I,Pos105,Pos105A,Pos105B,Pos105C,Pos105D,Pos105E,Pos105F,Pos106,Pos106A,Pos106B,Pos107,Pos107A,Pos107B,Pos107C,Pos107D,Pos107E,Pos108,Pos108A,Pos109,Pos110,Pos111,Pos112,Pos113
*,411380,19193,6715,4787,3781,3343,499828,499981,499984,2999,2819,2797,2986,499985,2504,499982,499985,2173,499984,2054,499985,499985,1935,499941,499941,499942,1319,499984,499984,499984,1307,1001,877,816,726,499985,499985,648,499982,618,499836,499921,499983,499985,11,14,29,77,188,235,313,344,456,793,4292,8107,25453,481355,489645,495066,497465,498708,499253,499666,499799,499924,499978,499981,499983,29,499978,499984,499984,499984,499984,499984,499984,499984,499984,499984,499984,33,499954,499981,38,499915,499963,499967,499974,113,499912,499971,499975,499983,499983,499983,499985,101,499885,499958,499971,499977,499980,181,499815,499946,499965,499973,499974,499983,499985,499985,499985,143,499630,499926,499950,499974,499984,499985,209,499636,499790,499805,499919,499937,499949,499965,499971,499972,292,497299,498437,498497,499860,499980,499981,499984,499984,499985,376,499504,499660,499782,499954,499972,499973,499977,499978,499980,499985,270,499850,499890,499911,499958,499983,499983,499985,499985,499985,375,499874,499901,499924,499974,499983,499984,499985,499985,499985,329,100,519,1112,5777,106423,480595,487254,493043,496099,498189,498725,499607,499743,499848,499884,499948,499971,499979,499983,499985,499985,87,50,14,7,2,379,138,499715,499881,499955,499972,499975,103,499769,499930,499970,499974,499974,499985,499985,499985,499985,499985,499985,89,499897,499940,499979,499980,499984,499985,499985,110,499904,499922,499970,499971,499985,140,499960,499960,499962,499981,499984,499985,83,498779,499632,499678,499685,499973,499976,499976,499984,499985,499985,499985,40,499957,499957,499957,499982,499983,499983,8,499985,499985,2,499976,499977,499979,499981,499982,499982,499982,499982,499985,2,499954,499954,499976,499982,499982,499982,499983,499983,32,499870,499876,499926,499937,499942,499985,46,499843,499862,499922,499958,499962,499983,499985,31,499778,499815,499865,499961,499975,499982,499984,499985,469,499804,499828,499902,499944,499953,499970,499972,499983,499984,1752,499613,499712,499887,499933,499956,499958,499981,499985,2858,499287,499752,499843,499897,499972,499975,499977,499982,1657,499797,499861,499925,499950,499962,499965,499982,499984,1557,499464,499495,499862,499956,499975,499982,594,499397,499583,499915,499977,499982,499983,499983,499984,187,499476,499520,499829,499985,120,499904,499935,499979,499983,499985,499985,499985,499985,42,499951,499951,499981,20,499985,14,27,18,31,499983,499983,17,499984,499985,15,499964,499985,20,499983,499985,499985,499985,499985,499985,25,499985,499985,499985,499985,29,499978,499980,499982,499982,499983,499985,499985,31,499959,499969,499974,499975,499975,499975,499976,499976,499979,499981,499983,499985,499985,53,499871,499951,499956,499956,499958,499963,499964,499968,499974,499982,72,2047,2007,1992,1992,15313,17651,19173,39611,43070,50407,59949,71133,86835,106521,131499,158745,191208,236099,304229,355360,401389,434417,456995,470343,483273,487285,495228,497711,499074,499476,499839,499883,499955,499983,14788,12730,16778,16729,499608,499840,499864,499883,499887,499890,499985,499985,499985,16723,499847,499890,499939,499942,499942,499944,17038,499976,499980,19573,499982,499985,499985,499985,499985,23067,499983,23134,23781,25084,42837,147546
A,0,346,29,12,493,1156,0,0,0,797,216,254,9851,0,2235,0,0,16852,2,357,1,0,126164,0,0,0,405,0,0,0,3490,3968,623,406,51,0,0,17706,0,11,0,12,0,0,275807,368452,7148,6587,9063,20977,10726,16257,12946,14243,195543,9914,71547,3034,1177,812,557,93,282,28,53,3,2,1,0,23,0,0,0,2,0,0,0,0,0,0,0,5470,0,0,104,1,4,0,0,504,9,1,0,0,0,0,0,408122,22,2,0,2,0,4720,19,8,0,0,9,0,0,1,0,1219,14,1,3,1,0,0,4349,36,5,38,3,3,6,0,1,0,14568,2,1180,0,1,3,0,1,0,0,334,28,3,1,1,1,0,0,0,0,0,3087,12,2,4,0,0,0,0,0,0,25271,3,3,0,0,0,0,0,0,0,2683,219138,73256,3244,21065,25044,613,514,285,135,105,37,15,41,14,8,12,1,1,0,0,0,29388,16984,25984,21861,25238,9842,617,12,1,0,0,0,336586,7,6,1,0,0,0,0,1,0,0,0,13758,2,2,0,0,0,0,0,17590,1,0,1,0,0,22348,0,0,0,0,0,1,2341,15,16,6,20,0,0,0,0,0,0,0,3337,0,3,0,0,0,0,15,0,0,1528,0,0,2,0,0,0,1,0,0,22263,0,5,0,0,0,0,0,0,5093,1,1,0,1,0,0,10963,3,9,0,18,1,0,0,2299,12,0,92,1,0,0,0,0,4772,2,39,5,1,0,2,0,0,0,4571,101,1,3,5,1,0,1,0,373941,84,16,65,3,2,1,1,0,5880,30,20,2,1,0,0,0,0,2941,83,248,5,1,0,0,14756,36,2,1,1,0,0,0,0,31047,2,2,149,0,5562,0,0,0,1,0,0,0,0,20,4,0,0,861,0,349,4678,2222,1326,0,0,1841,0,0,13632,0,0,5078,0,0,0,0,0,0,4690,0,0,0,0,9479,0,0,0,0,1,0,1,421922,0,2,1,0,3,8,0,0,1,0,0,0,0,3841,2,2,0,19,17,2,2,1,0,0,48,742,225,385610,290347,44256,27587,25238,23514,24852,23142,25788,34193,23527,22579,25943,30205,21431,13744,10310,7469,4083,4351,1399,958,589,320,110,68,31,12,10,4,0,0,25288,14066,504,3359,41,0,1,4,2,1,0,0,0,671,3,2,0,0,0,0,473,0,1,7788,0,0,0,0,0,654,0,1366,8777,1938,10418,30634
C,0,7,2,2,1,1,0,0,0,119,77,25,197,0,50,0,0,24,0,7,0,0,12,0,0,0,41,0,0,0,39,256,16,47,6,0,0,156,0,492627,0,43,0,0,33,224,550,173,1262,489,1258,2783,2660,5811,40689,2269,3236,766,417,131,67,28,17,48,1,1,2,0,0,1859,0,0,0,0,0,0,0,0,0,0,0,1259,0,0,1129,0,0,0,2,0,0,0,0,0,0,0,0,389,0,0,0,0,0,2,1,0,0,0,0,0,0,0,0,33,0,0,0,0,0,0,2,1,0,0,0,0,0,0,0,0,35,0,0,0,0,0,2,0,1,0,7031,1,0,0,0,0,0,0,0,0,0,5,2,0,0,1,0,0,0,0,0,1548,0,0,0,0,0,0,0,0,0,95,545,216915,434,1710,821,39,13,34,6,8,7,1,0,1,0,0,0,0,0,0,0,1086,702,649,488,20,607,1161,4,0,0,0,0,69,0,0,0,0,0,0,0,0,0,0,0,37,0,0,0,0,0,0,0,361,0,0,0,0,0,26,0,0,0,0,0,0,4,0,0,1,0,0,0,0,0,0,0,0,701,0,0,0,0,0,0,81,0,0,1425,0,0,0,0,0,0,0,0,0,12,0,0,0,0,0,0,0,0,305,0,0,1,0,0,0,361,0,0,0,0,0,0,0,69,0,0,0,0,0,0,0,0,13,0,0,0,0,0,0,0,0,0,39,0,0,0,0,0,0,0,0,53,0,0,0,0,1,0,0,0,5,0,0,0,0,0,0,0,0,37,0,0,0,0,0,0,6,0,0,0,0,0,0,0,0,218,0,0,0,0,867,0,1,0,0,0,0,0,1,13,0,0,0,12,0,14,337,42,10,0,0,31,0,0,563,0,0,10,0,0,0,0,0,0,22,0,0,0,0,11,0,0,0,0,0,0,0,154,0,1,0,1,0,0,0,0,0,0,0,0,0,115,3,0,3,0,0,1,0,0,0,0,1029,3392,470446,562,441,2393,7683,6186,21044,28217,34341,27024,39537,35943,23778,16577,10378,5806,9522,2360,1596,878,418,966,67,98,79,27,81,9,2,2,0,0,0,1566,3232,2097,1929,3,1,0,0,0,2,0,0,0,34,5,1,2,0,0,0,43,0,0,8,0,0,0,0,0,2,0,2,2,6,203,3
D,15167,1,1,0,1,681,0,0,0,12,21,29,13634,0,26,0,0,11,0,486,0,0,636,0,0,0,114,0,0,0,8285,87,1,73,6,0,0,329,0,2,2,0,0,0,1580,3104,1249,5122,19136,6871,8794,141330,50427,10262,22320,1046,3247,333,118,109,115,72,1,1,2,0,0,0,0,3,0,0,0,0,0,0,0,0,2,0,0,915,0,0,6,0,0,0,0,187,2,0,2,1,0,0,0,1799,2,2,0,0,0,155,9,0,0,0,0,0,0,0,0,1541,4,8,0,0,0,0,700,18,2,8,4,10,0,0,0,0,11337,19,15,205,4,0,0,0,0,0,272,33,32,1,0,3,0,1,3,0,0,8440,9,2,1,0,0,0,0,0,0,901,3,17,0,0,0,0,0,0,0,540,113,22713,756,40562,7595,1818,1233,772,97,35,36,13,9,38,1,2,4,2,1,0,0,32274,83729,48435,23992,1416,35367,4041,30,77,0,0,0,14773,60,5,0,0,2,0,0,0,0,0,0,414316,46,4,3,1,0,0,0,3279,29,1,14,0,0,1042,1,21,1,1,0,0,1726,7,2,0,2,1,0,0,1,0,0,0,15572,0,0,23,0,0,0,0,0,0,17,0,0,1,0,3,0,2,0,0,397,0,1,0,1,0,2,0,0,307,1,0,3,2,0,0,714,0,26,1,0,0,0,0,104,19,2,1,0,0,0,0,0,456859,17,22,25,10,15,1,9,0,0,31239,74,37,36,5,18,0,0,0,18237,54,15,11,4,3,0,2,0,6879,12,14,20,1,0,1,0,0,20135,8,10,4,0,0,0,63,3,3,0,0,0,1,0,0,145,1,0,1,0,14459,3,4,1,0,0,0,0,0,2,1,0,0,2431,0,4,34730,49525,1,0,0,1659,0,0,1944,17,0,35248,1,0,0,0,1,0,483691,0,0,0,0,48,2,0,2,1,0,0,0,3306,9,5,1,0,0,0,3,1,1,0,0,0,0,3466,59,5,0,0,0,8,2,2,2,0,3079,2394,104,1708,3259,120138,23010,25435,17046,24153,30312,21067,30666,24165,23476,20575,25776,25332,21150,17675,12440,7417,4607,2339,6620,3006,1150,802,742,40,15,5,5,3,0,221090,15827,62,1805,7,2,11,1,85,1,0,0,0,535,1,1,0,1,1,0,34,0,0,56,0,0,0,0,0,26,0,546,81,292,264,1
E,1340,216,108,0,375,492863,0,0,0,31,320,676,1344,0,2111,0,0,795,0,10131,0,0,301,0,0,0,895,0,0,0,32816,6,11,839,0,0,0,44,0,5,15,0,0,0,20502,372,474,14662,1957,1529,4470,31395,5918,2725,3320,980,670,78,130,27,1,2,1,1,1,0,0,0,0,3,0,0,0,0,0,0,0,2,0,2,0,26,0,0,0,0,0,0,0,3665,8,0,3,0,0,0,0,336,2,4,7,4,0,382,3,0,14,0,1,1,0,0,0,4044,7,16,6,1,0,0,10038,142,0,84,4,0,1,0,3,0,329354,242,125,1247,113,0,1,1,0,0,314,148,122,19,2,0,3,2,2,1,0,466394,40,28,24,22,0,2,1,0,1,11969,26,26,10,2,1,0,0,1,0,358,995,3661,305,11542,6161,287,154,119,85,190,20,4,9,0,2,0,0,0,0,0,0,4313,8136,16407,6168,4934,9937,331,1,1,0,1,0,9395,9,1,0,1,0,0,0,0,0,0,0,24238,1,0,2,0,1,0,0,128,14,0,0,0,0,1539,0,0,19,2,0,0,21728,150,19,0,81,0,0,0,0,0,0,0,1031,0,21,1,0,0,0,9,0,1,2,0,0,0,0,0,0,0,0,0,53,0,1,0,0,0,0,0,0,13,0,0,1,0,0,0,242,0,15,0,0,0,0,0,2133,8,0,0,5,1,0,0,0,7915,2,1,1,5,0,0,0,0,0,1305,3,8,0,0,4,0,0,0,4012,55,1,0,0,0,0,0,0,27471,16,2,0,3,1,15,0,0,1713,5,7,1,1,0,0,2112,3,1,0,0,0,0,0,0,1701,0,0,0,0,925,0,0,0,0,0,0,0,0,5,0,0,0,33847,0,18,1316,3924,44,0,0,36556,0,1,837,3,0,441903,0,0,0,0,0,0,6041,0,0,0,0,232,0,0,0,0,0,1,0,117,1,0,0,0,4,0,1,1,0,1,0,0,0,2140,3,0,0,2,1,3,1,1,0,0,137,226,14,4818,6837,36905,19661,19705,9974,9475,10215,13853,16406,15539,18864,17735,17632,29076,21743,16578,10645,7975,3716,3043,1417,4761,449,220,63,225,24,10,15,0,0,37105,2589,1240,142,4,1,0,0,0,0,0,0,0,9173,6,35,1,0,0,0,1816,0,3,15,0,0,0,0,0,2618,2,67,2,5,1,10
F,0,170,0,414,6,0,0,0,0,302,3,6,50,0,3300,0,0,96,0,0,0,0,641,0,0,0,16,0,0,0,10,1129,39,7,511,0,0,660,1,1352,1,0,0,0,477,3446,2358,817,240146,6840,177696,2343,12000,28785,6127,3727,1054,389,185,99,7,2,1,1,0,0,0,0,0,523,3,0,0,0,0,0,0,0,0,0,0,336631,2,0,75,0,0,0,0,13,2,0,0,1,0,0,0,777,0,0,0,0,0,17,0,0,0,0,0,0,0,0,0,3,0,0,0,0,0,0,66,3,0,0,3,0,0,0,0,0,28,0,1,0,0,0,0,0,0,0,2567,1,0,3,1,0,0,0,0,0,0,23,0,1,0,0,0,0,0,0,0,47508,0,0,0,0,0,0,0,0,0,1730,338,6055,8077,3190,3724,78,309,69,58,6,16,60,5,5,1,0,0,0,0,0,0,4181,2968,2115,5661,961,14886,5570,1,0,0,0,0,713,0,0,0,2,0,0,0,0,0,0,0,305,0,0,0,0,0,0,0,14511,0,0,0,0,0,639,1,0,0,0,0,0,63,7,0,9,0,1,0,0,0,0,0,0,47,0,3,0,0,0,0,0,1,0,481320,1,0,0,0,0,0,0,1,0,1420,1,0,0,0,1,0,0,0,1936,1,0,41,0,41,0,3964,2,3,0,3,0,1,0,271,3,0,1,1,0,0,0,0,119,1,0,1,0,1,0,0,0,0,855,3,0,11,1,0,0,0,0,1277,1,2,0,2,0,0,1,1,98,0,0,0,1,1,0,0,0,161,0,0,0,0,0,0,129,2,7,0,0,0,0,0,0,1856,2,1,0,0,20435,0,1,0,0,0,0,0,0,419,0,2,0,61,0,90,194,178,139,0,0,1293,0,0,9680,0,0,7,0,0,0,0,0,0,5,0,0,0,0,4,0,1,0,0,0,0,0,38,2,1,0,1,0,0,0,0,0,0,0,0,0,2320,1,2,3,0,0,0,2,0,2,0,1734,28964,1219,665,1455,3279,14708,15811,15963,13946,11723,9788,9457,12762,15809,12749,17140,14474,12549,11331,10597,5459,4647,2799,1659,1065,430,429,114,126,151,22,10,20,1,2887,19065,4130,13,2,3,0,0,0,0,0,0,0,36,1,0,17,0,0,0,0,0,0,31,0,0,0,0,0,3,0,433,175,652,710,2
G,0,26695,2,4,661,980,64,5,2,189,494755,494684,465869,0,286,0,0,2540,0,129,0,1,837,0,0,0,494849,0,1,0,442457,98,32,3067,19,0,0,106,1,1613,4,3,0,0,3482,14676,2962,430287,14718,7187,5258,37781,25355,9039,27119,15338,272328,5587,3427,1608,627,425,222,99,70,48,2,1,3,3119,1,0,0,0,0,2,0,0,0,0,2,709,0,0,711,10,10,10,2,247,0,1,3,0,0,0,0,15641,13,7,1,0,0,243,37,1,1,0,0,0,0,0,0,487668,241,9,9,4,1,0,2973,3,11,16,29,12,3,0,11,0,96551,17,8,11,3,1,0,0,0,1,2840,30,22,16,3,1,1,0,1,0,0,9521,61,4,1,1,1,0,0,0,0,237674,10,16,44,8,1,2,0,0,0,5576,10168,30582,424,22457,25903,3413,3581,1642,472,138,434,8,70,2,0,3,3,0,0,0,0,88775,292495,261038,20235,1664,5370,143,56,3,0,0,0,16602,20,1,1,0,10,0,0,0,0,0,0,9910,2,1,0,3,1,1,0,644,1,0,1,1,0,7150,0,0,0,0,0,0,1631,250,17,1,20,0,0,0,1,0,0,0,473447,0,2,0,0,0,0,1009,0,0,77,0,0,0,0,0,1,0,0,0,332,0,0,0,0,2,0,0,0,773,0,0,2,0,0,0,538,1,5,0,0,0,0,0,7446,23,5,5,1,2,1,0,0,6927,7,30,7,4,0,0,0,0,0,4559,12,9,4,0,0,0,0,0,17345,21,18,6,4,1,2,0,0,4842,3,3,3,0,1,0,0,0,6742,7,8,4,0,0,0,279,15,6,0,0,0,0,0,0,6850,2,6,0,0,240,2,0,0,0,0,0,0,0,14,0,0,0,574,0,81,20455,1659,67,0,0,2108,0,0,218,1,0,10131,1,0,0,0,0,0,2038,0,0,0,0,248,5,0,0,0,1,0,0,68650,6,0,0,4,0,0,2,0,0,0,0,0,0,2511,1,0,8,3,1,1,2,5,1,0,15,263,10427,12696,13818,66894,49867,84333,63748,58328,61899,46304,46995,37135,35314,29372,28583,30079,22152,14050,11209,7828,3943,4643,2185,912,527,327,227,35,43,4,3,0,0,60004,3808,5758,470949,114,5,4,2,5,2,0,1,1,960,10,4,0,0,41,2,478786,6,0,454,0,1,0,1,0,100,0,649,37,859,116,16
H,19110,0,334,166,0,4,0,0,0,0,0,0,51,0,31,0,0,5,0,6494,0,0,317,0,0,0,0,0,0,0,32,78,57,83,396,0,0,54,0,3,0,0,0,0,145,845,3927,263,5010,1618,3383,8870,13666,18456,18524,490,3031,135,111,16,70,1,33,0,0,1,0,0,0,3,0,0,1,0,0,0,0,0,0,0,0,2448,2,2,2871,21,0,0,0,3223,0,1,0,0,0,0,0,216,2,0,0,0,0,140,3,0,0,0,0,0,0,0,0,41,1,0,0,0,0,0,382,2,4,0,0,1,0,0,0,0,381,59,3,4,0,0,0,0,0,0,3343,1,2,0,0,0,0,0,0,0,0,109,0,5,2,0,0,0,0,0,0,177,4,0,0,0,0,0,0,0,0,36,34,3567,823,6540,4049,127,216,27,42,6,15,1,1,0,0,0,0,0,0,0,0,3982,4926,4392,5790,358,17226,6505,1,2,0,0,0,1435,2,0,0,0,0,0,0,0,0,0,0,3500,0,0,0,0,0,0,0,613,0,39,0,0,0,10,0,0,0,0,0,0,92,1,0,0,1,0,0,0,0,0,0,0,79,0,0,0,0,0,0,145,0,0,113,0,0,0,0,0,0,0,0,0,343,0,0,0,0,0,0,0,0,152,0,3,0,0,0,0,795,24,0,1,0,0,0,0,3092,2,1,0,0,0,0,0,0,1637,4,1,1,2,0,0,0,0,0,7778,2,44,0,0,0,1,0,0,1303,3,2,1,0,1,0,0,0,402,3,2,0,0,0,0,0,0,3813,10,3,7,0,2,2,88,2,12,0,0,0,0,0,0,406,1,2,0,0,8146,25,3,3,0,0,0,0,0,262,6,0,0,7452,0,9,1375,7047,84,0,0,1247,0,0,2836,0,0,94,0,0,0,0,0,0,553,0,0,0,0,65,0,0,0,0,0,0,0,33,2,0,1,0,0,0,0,0,0,0,1,0,0,2553,2,1,0,0,0,1,0,1,0,1,1236,6864,14,2701,1188,5928,8868,6449,6495,6372,5766,8074,8537,6098,7672,4602,4309,4757,3775,2308,1986,1531,898,885,434,109,46,56,10,19,1,40,1,1,0,8293,19163,367,175,7,1,0,0,0,0,0,0,0,3660,0,0,7,4,0,0,0,1,0,152,0,0,0,0,0,1531,0,14,67,2,108,0
I,0,6,1,275,5,0,0,0,0,48,0,2,9,0,164,0,0,297,0,3,0,0,1265,0,0,0,0,0,0,0,4,55,126,1648,2380,0,0,90,0,0,3,0,0,0,7452,14891,444,824,11257,48719,10257,6665,33198,4201,18608,168327,4566,1598,819,330,209,146,70,23,1,0,1,2,0,12,0,0,0,0,0,0,0,0,0,0,0,5254,0,0,65,0,3,0,0,2,1,3,0,0,0,0,0,2702,3,2,0,0,0,351,8,2,0,0,0,0,0,0,0,5,5,0,0,0,0,0,157,0,3,0,0,0,1,0,0,0,78,1,2,0,0,0,0,0,0,0,829,0,0,0,0,0,0,0,0,0,0,315,0,0,0,0,0,0,0,0,0,1946,0,0,0,0,0,0,0,0,0,52081,818,4344,410555,11678,7291,1020,406,118,271,38,17,20,4,1,5,4,1,2,0,0,0,8412,7169,5876,27508,30819,8352,2185,4,0,0,0,0,3816,20,14,0,0,0,0,0,0,0,0,0,257,2,0,0,0,0,0,0,232,0,0,0,0,0,2045,0,0,0,0,0,0,337,30,0,3,0,7,0,0,0,0,0,0,9,0,0,0,3,0,0,7,0,0,1440,1,4,1,1,0,0,0,0,1,8521,13,0,0,0,0,0,1,0,403656,2,18,9,2,1,0,496,4,3,3,3,0,0,0,2165,2,8,0,1,0,1,0,0,159,6,2,0,3,0,0,0,0,0,5241,13,5,0,0,0,0,0,0,1759,3,2,3,1,0,1,0,0,598,4,3,1,0,0,0,1,0,1052,8,12,0,5,1,0,8601,152,9,4,0,0,0,0,0,9491,4,0,0,0,1376,0,0,0,0,0,0,0,0,600,0,1,0,242,0,15768,1528,2342,321,0,0,2030,0,0,2778,0,0,19,0,0,0,0,0,0,3,0,0,0,1,330,0,0,0,0,0,0,0,4,0,0,0,0,0,0,0,0,0,1,0,0,0,28464,1,2,0,0,1,0,0,0,0,0,65,5553,24,1107,6345,6135,11936,14644,20388,13924,10375,11215,8103,8126,11109,11379,5356,8465,5174,4748,2828,2427,782,401,278,97,103,49,4,9,2,3,3,0,0,3271,8131,158,4,0,0,0,0,0,0,0,0,0,78,0,0,0,0,0,0,2,0,0,13125,0,0,0,0,0,25,0,2607,7041,2603,1,5
K,0,0,372,0,4,273,0,0,0,21,36,3,110,0,373,0,0,20,0,3105,0,0,12,0,0,0,9,0,0,0,615,3,56,24660,0,0,0,15,0,0,1,0,0,0,5096,38,128,2032,2216,2278,1082,6094,5230,4154,1035,1283,1077,65,6,158,37,2,0,0,0,0,0,0,0,1,0,0,0,0,0,0,2,0,0,0,0,10,0,0,38,1,0,0,0,1300,0,0,0,0,0,0,0,129,0,0,0,1,0,109,8,6,0,0,0,0,0,0,0,105,1,0,0,0,0,0,435339,42,5,10,3,8,12,1,0,14,5968,665,120,11,1,1,0,0,1,0,238,65,2,1,1,0,0,1,0,0,0,2914,0,1,1,0,0,1,0,0,0,2030,4,5,1,0,1,0,0,0,0,18,21,1000,369,4255,7737,282,150,61,13,60,1,0,1,0,0,2,2,0,0,0,0,7453,1373,4104,12974,14940,22260,134,1,3,0,0,1,3252,15,0,0,0,0,0,1,0,0,0,0,1118,0,0,0,0,0,0,0,86,0,0,0,0,0,220,0,0,0,0,0,0,404843,173,4,0,0,2,0,0,0,0,0,1,880,0,0,0,0,0,0,24,0,0,0,0,0,0,0,1,0,0,1,0,319,0,0,1,0,0,0,0,0,77,0,4,0,0,0,0,56,7,0,0,0,0,0,0,33479,0,11,0,4,0,0,0,0,166,13,3,9,2,5,2,0,2,0,14677,9,36,2,10,0,0,0,0,332,272,17,4,1,0,0,0,0,397598,15,7,5,2,1,2,0,0,25488,8,9,72,5,3,0,3321,6,6,0,0,0,0,0,1,192,2,1,0,0,240,0,1,0,0,0,0,0,0,15,0,0,0,7420,0,1625,4237,13660,20,0,0,369055,0,0,26,0,0,1077,0,1,0,0,0,0,56,0,0,0,0,1751,0,0,0,0,0,0,0,2,0,0,0,0,0,0,1,1,1,0,0,0,0,2582,1,1,0,0,0,0,0,0,1,0,23,186,6,3836,30372,13168,10739,6985,5620,5766,3466,6557,6391,5358,8238,5170,9145,3676,2786,3175,1880,1249,3275,685,692,224,42,138,17,8,1,0,0,0,0,6680,1147,970,32,6,1,1,0,0,0,0,0,0,58347,2,1,0,0,0,0,8,0,0,190,0,0,0,0,0,3369,0,0,58,0,0,0
L,22,143402,249,492701,434,2,0,0,0,205,7,1,16,0,371284,0,0,649,0,1830,0,0,903,1,44,0,21,1,0,0,14,223,485254,565,486044,1,0,271,0,206,2,0,0,0,11534,2518,713,1376,26642,14278,164315,3123,8595,9895,3597,21985,1623,782,243,179,107,71,7,31,0,0,1,0,0,1326,3,0,1,0,0,0,0,0,0,0,0,7192,0,0,1732,4,3,0,0,7124,4,1,1,0,0,0,1,1233,12,0,0,0,0,3002,15,0,0,0,0,0,0,0,0,95,6,2,0,0,0,0,955,13,0,1,0,1,1,0,0,0,928,6,9,0,0,0,0,0,0,0,72790,10,7,3,0,0,0,0,0,0,0,309,0,0,0,0,0,0,0,0,0,46925,5,0,0,0,0,0,1,0,0,21728,5270,4317,23283,2770,5731,813,230,167,56,45,151,8,3,39,2,3,2,0,0,1,0,5240,3408,4550,9309,5449,6990,9732,49,10,0,0,0,10141,19,0,0,0,0,0,0,0,0,0,0,357,1,0,0,0,0,0,0,1031,2,0,0,0,0,7530,1,2,0,0,0,0,1733,9,3,9,2,0,0,0,0,0,0,0,22,0,0,0,0,0,0,746,0,0,4025,0,0,0,1,0,0,0,2,0,411,1,0,0,1,0,0,0,0,6821,0,44,0,1,0,0,633,53,0,0,0,0,0,0,9637,9,8,0,0,0,0,1,0,979,2,1,1,0,0,2,0,0,2,1187,3,0,1,0,5,0,0,0,8367,1,3,1,3,2,4,0,0,1762,18,1,5,2,1,0,0,0,482,4,18,0,3,0,0,2630,37,1,7,0,0,0,0,0,102268,3,125,3,0,2709,35,8,2,0,0,0,1,0,486202,3,15,1,5371,0,22584,369,441,476941,0,3,1322,0,0,7292,0,0,61,1,0,0,0,0,0,2,0,0,1,0,78,0,1,0,0,0,0,0,20,0,0,1,0,0,0,0,1,2,0,1,0,1,34578,2,0,1,0,0,0,3,0,0,0,68,2755,256,1694,9822,11056,34945,25116,29900,32440,23282,28988,20683,36982,30608,42926,22749,14325,13233,9156,11318,3989,2725,1827,3234,505,361,311,63,101,3,6,2,3,0,6391,7845,3689,15,4,4,0,0,0,0,0,0,0,2238,1,1,1,1,0,0,3,0,0,310,0,0,0,0,0,51867,0,520,116,117,32,12
M,3,275,0,113,484,0,0,0,0,54,0,0,10,0,1906,0,0,862,0,47,0,0,5,0,0,0,2,0,0,0,123,1,1055,436,40,0,0,5,0,0,0,0,0,0,160,659,90,169,1195,5142,5137,1677,6281,3631,3649,204086,3632,1860,1124,538,200,105,53,53,49,3,0,1,0,2,0,0,0,0,0,0,0,0,0,0,0,42,0,0,1,0,0,0,0,75,0,0,0,0,0,0,0,21,0,0,0,0,0,8,0,2,0,0,0,0,0,0,0,99,6,0,0,0,0,0,2891,0,0,0,0,4,0,0,0,0,360,0,28,1,0,0,0,0,0,0,110,0,0,1,0,1,0,0,0,0,0,159,0,0,0,0,0,0,0,0,0,2828,0,0,0,0,0,0,0,0,0,1157,50,914,10933,2845,2623,146,19,86,9,2,2,9,0,0,0,0,0,0,0,0,0,1986,699,1292,6470,1875,3250,851,0,0,0,0,0,341,5,0,0,0,0,0,0,0,0,0,0,98,0,3,0,0,0,0,0,4,0,0,0,0,0,10072,0,0,0,1,0,0,3087,48,0,102,1,0,0,1,0,0,0,0,0,23,0,0,0,0,0,2,0,0,27,0,0,0,0,0,0,0,0,0,135,0,0,1,1,0,0,0,0,7060,0,22,0,0,0,0,5,1,0,0,0,0,0,0,824,0,0,0,0,0,0,0,0,19,7,0,2,1,1,0,0,0,0,955,5,0,0,0,0,0,0,0,96,1,47,2,1,0,0,0,2,1748,5,3,0,0,0,0,2,0,530,238,0,0,0,0,0,33141,5,182,9,1,3,0,0,0,15880,20,8,0,0,110,2,0,1,0,0,0,0,0,1766,0,1,0,512,0,448722,1467,212,2654,0,0,914,0,0,74,0,0,85,0,0,0,0,0,0,0,0,0,0,0,2228,0,0,0,0,0,0,0,0,0,0,1,0,0,0,0,0,0,0,0,0,0,57863,0,0,0,0,0,0,0,0,0,0,8,265,8,700,1189,2925,5966,4290,5782,4600,5941,8266,6551,11963,11270,7816,9640,9998,10239,7130,4275,5877,3478,1623,1666,672,588,274,208,51,6,3,2,1,0,1391,523,312,8,0,1,0,0,1,0,0,0,0,101,0,0,0,0,0,0,0,0,0,151,0,0,0,0,0,464,0,7,36,4,0,1
N,0,0,2,1,0,2,0,0,0,9,0,0,2253,0,32,0,0,1,0,479,0,0,302,0,0,0,8,0,0,0,1139,214,2,7501,2,0,0,131,0,1,0,0,2,0,352,487,1179,704,9505,12458,3854,26024,43245,38785,8931,1693,11664,238,236,143,30,4,3,3,3,0,0,0,0,1,0,0,0,0,0,0,0,0,0,0,0,341,0,0,3,2,0,0,0,20,2,0,0,0,0,0,0,373,1,4,3,0,1,37,1,10,0,0,0,0,0,0,0,120,16,0,1,0,0,0,8135,9,1,2,0,1,0,0,0,0,943,32,5,3,0,0,0,0,0,0,320,11,1,0,0,2,1,0,0,0,0,216,0,0,1,0,0,0,0,0,0,137,0,1,0,0,0,0,0,0,0,106,151,2898,1235,50249,30780,1011,312,177,151,70,100,5,0,1,0,0,0,0,0,0,1,28971,8975,10329,44261,1130,105683,2615,2,2,1,1,0,1005,0,0,0,0,0,0,0,0,0,0,0,13801,1,0,0,0,0,0,0,646,16,15,0,0,0,34,0,0,0,0,0,0,4659,2,0,0,0,0,0,0,0,0,0,0,624,0,0,0,0,0,0,4,0,0,21,1,0,0,0,0,2,0,0,0,3769,1,0,0,0,1,0,0,0,1992,0,0,0,3,0,0,313,0,0,21,0,0,0,0,810,4,111,0,0,4,0,0,0,14579,17,1,6,3,1,1,0,0,0,372160,17,107,18,12,2,23,0,1,9844,123,44,9,54,1,2,1,0,15174,49,26,4,18,2,1,0,1,397636,11,83,9,0,0,0,634,7,7,0,0,0,2,1,1,190,4,0,0,0,5605,0,0,0,1,0,0,0,0,3,1,0,0,432,0,118,89553,371394,2,0,0,15855,1,0,338,0,0,1474,0,0,0,1,0,0,1235,0,0,0,0,434,0,0,0,1,0,0,0,175,2,1,1,0,0,0,0,1,0,0,1,1,0,4192,7,1,0,0,0,0,1,0,0,0,806,1067,47,29066,3467,8523,8274,11112,8339,13756,15936,19489,8646,9369,7785,11846,10817,11093,5288,4584,3078,1565,1495,437,556,263,198,42,36,13,9,1,1,0,0,33470,18330,42,132,2,1,1,1,0,0,0,0,0,2143,0,2,0,0,0,0,0,0,0,1658,0,0,0,0,1,67,0,4,5769,2,33,77
P,1,0,806,785,0,3,0,0,0,485,4,638,13,0,2245,0,0,46,0,3517,0,0,334043,0,0,0,8,1,0,0,31,1942,1564,310,2833,0,0,2706,0,29,1,2,0,0,1446,4614,14416,2419,4404,23307,5148,3020,4409,1933,11233,183,702,34,12,9,24,7,4,0,0,0,0,0,0,9,0,0,0,0,2,0,0,0,0,0,0,109,0,0,791,0,0,6,0,4413,11,4,0,0,1,1,0,12432,14,1,0,0,0,479638,3,8,4,1,0,0,0,0,1,110,8,3,4,0,0,1,462,46,71,10,2,5,1,8,0,0,1043,1250,5,1,1,1,1,0,0,0,9548,2,25,2,0,0,1,0,1,0,0,48,0,23,0,1,0,0,0,0,0,3391,9,9,5,0,0,0,0,0,0,171,2059,263,124,3675,19760,220,838,179,186,136,9,19,4,0,2,0,0,0,0,0,0,5300,2095,1592,3660,15654,929,847,41,0,0,0,0,7403,16,2,3,1,0,0,0,0,0,1,0,6102,0,0,1,0,0,0,0,14544,1,5,0,0,1,130,0,1,0,0,1,0,204,157,161,0,2,0,0,0,0,0,0,0,35,0,0,0,0,0,3,568,0,0,54,2,2,0,0,0,0,1,0,0,6919,0,1,1,0,0,0,0,0,306,11,1,0,0,0,0,17175,2,0,1,0,1,0,1,476,7,1,8,1,0,0,1,0,167,5,8,0,0,2,0,0,0,0,1053,15,0,0,0,0,0,0,0,6521,6,10,3,1,0,0,0,0,518,8,1,2,1,0,0,0,1,627,48,8,2,2,0,2,7567,8,11,3,1,0,0,0,0,1107,2,11,0,0,308,2,0,0,0,0,0,0,0,4031,0,7,2,1289,0,50,401,349,4599,0,0,357,0,0,403526,0,0,37,0,0,1,0,0,0,38,0,1,0,0,8763,0,1,0,0,0,0,0,934,0,0,0,0,1,0,1,1,1,2,0,0,0,434,0,1,0,3,0,0,3,2,0,1,8,358,17,1369,7722,26293,55312,29729,35575,18840,20499,26916,26758,21662,29194,21943,17216,15639,13498,9750,6822,3771,2978,1162,869,265,348,72,80,3,8,2,1,0,0,7609,6337,606,88,19,4,5,87,0,0,0,0,0,8028,4,43,0,0,2,2,62,0,0,2705,2,0,0,0,0,32608,0,3,2552,7,1634,11170
Q,52916,65,491014,88,14,181,0,0,0,10,3,1,56,0,879,3,0,137,0,458398,0,0,385,0,0,0,4,0,0,0,1309,33,600,757,11,0,0,78,0,0,0,0,0,0,5070,246,263,3025,763,1076,3187,7375,4171,1908,1931,211,385,50,32,6,6,1,1,0,0,0,0,0,0,2,0,0,0,0,0,0,0,0,0,0,0,20,0,0,250,3,0,0,0,464605,11,2,2,1,0,2,0,64,3,2,2,0,0,2175,5,0,0,0,0,2,0,0,0,433,5,3,0,0,0,0,14324,11,4,3,11,0,0,1,0,0,31424,53,6,1,0,0,0,0,0,0,851,12,6,0,3,0,0,0,0,0,0,2749,0,4,0,0,0,0,0,0,0,1324,3,0,0,0,0,0,0,0,0,23,426,1815,364,948,1522,117,28,53,12,53,2,1,0,0,7,0,0,0,0,0,0,1654,1202,3032,3695,5573,2990,742,4,1,0,0,0,1669,1,0,0,0,0,0,0,0,0,0,0,888,0,0,0,0,0,0,0,99,0,0,0,0,0,46,0,0,0,0,0,0,11239,2,3,0,7,0,0,0,0,0,0,0,3,0,0,0,0,0,0,1487,0,0,0,0,0,0,0,0,0,0,0,0,33,0,0,0,0,0,0,0,0,27,0,2,0,0,0,0,46,18,0,0,0,0,0,0,23770,0,5,4,1,1,0,0,1,88,0,10,5,4,1,5,1,0,0,447,1,5,0,1,0,0,0,0,94,5,6,1,0,1,0,3,0,7688,0,0,0,2,0,1,0,0,1112,0,3,2,0,0,0,1651,0,0,0,5,0,0,0,0,720,0,1,0,0,448,0,1,0,0,0,0,0,0,1311,5,0,0,426051,0,105,417,358,1352,0,0,19943,0,0,384,0,0,1418,0,0,0,0,0,0,30,1,0,0,0,441,0,0,0,0,0,0,0,7,1,0,0,0,0,0,0,0,0,0,0,0,0,690,0,0,0,0,0,0,0,2,2,0,34,701,5,894,3154,8087,20144,15041,6627,10453,10579,9451,9135,6846,6560,7555,8893,7138,4558,2614,2230,2703,986,7896,322,194,62,21,26,2,3,3,0,0,0,4520,1863,953,21,17,0,1,0,0,0,0,0,0,370164,12,1,1,2,0,0,43,1,0,35,1,0,1,0,0,375165,1,1,26,4,0,214
R,4,26,343,301,7,27,0,0,0,84,442,506,1072,0,479,0,0,36,0,11507,0,0,729,0,1,44,670,0,1,0,4001,340,6777,407823,649,0,1,372,2,1267,0,0,0,0,3597,916,1507,19591,39087,10911,9634,23409,39919,7987,6816,2542,11196,215,74,43,23,7,3,0,0,1,0,0,0,1613,1,2,0,0,0,0,0,0,0,0,0,83,25,0,491537,29,3,2,0,12754,10,0,0,0,2,0,0,3025,1,2,0,0,5,1077,23,1,0,12,0,0,0,0,0,2097,10,1,10,5,0,0,13775,4,88,1,1,0,1,0,0,0,2360,249,12,1,1,0,0,0,0,0,393120,94,78,153,15,2,3,2,1,5,1,798,7,20,20,0,2,0,0,1,0,11112,44,3,1,2,0,0,0,0,0,431,136,14813,1793,16734,41803,1117,282,388,156,134,12,12,2,7,1,0,0,1,1,0,0,30086,8899,23647,45025,7717,14636,283,2,3,1,0,0,7882,4,2,0,0,0,1,0,0,0,0,0,1668,1,0,0,0,0,0,0,408,3,0,0,0,0,274,0,0,0,0,0,0,39234,128,13,5,0,0,0,7,0,0,0,0,838,3,0,1,1,0,0,495579,0,0,31,0,1,0,2,0,0,0,0,0,2100,0,0,4,0,0,1,0,0,184,1,5,0,0,0,0,450,4,0,1,0,0,0,0,386578,0,3,4,7,0,1,0,0,162,37,7,7,2,0,1,4,0,0,7034,26,14,0,17,0,4,0,0,2312,17,21,11,4,1,0,0,1,18836,18,2,1,0,0,1,1,0,6217,15,5,3,2,2,0,3186,7,5,0,0,0,0,1,0,719,0,5,0,0,1057,1,10,0,0,1,0,0,0,3720,3,6,2,9869,0,5104,22700,3474,5296,1,0,23687,1,0,1927,0,0,927,0,0,0,0,0,0,29,0,0,0,0,799,0,0,0,0,0,0,0,158,1,0,0,0,0,0,0,2,0,0,0,0,0,5597,0,0,4,0,1,1,4,0,0,0,12,2193,1952,1845,30164,37073,54314,47132,32926,34146,27294,27056,24786,28614,24685,24226,20369,18264,14053,8066,8592,4458,2560,1145,588,340,267,232,45,52,15,5,3,0,0,14202,4768,23798,559,127,98,90,2,4,2,0,0,0,24561,7,2,1,32,0,37,923,1,0,144,0,0,0,0,0,5309,0,2,69,18,10,19
S,0,20,0,134,3,102,89,0,0,439522,34,38,1207,0,93644,1,1,55,0,264,0,0,15950,0,0,0,683,0,0,0,2556,486997,141,6618,109,0,0,465666,0,497,4,2,1,0,22380,6643,453654,3836,53111,64948,29098,152823,83746,30322,26546,2402,53040,569,897,195,213,70,8,3,2,2,0,0,0,288,0,0,0,0,0,0,0,0,0,0,0,2681,0,0,474,0,0,1,0,187,8,0,0,0,0,0,0,6012,6,0,0,0,0,5434,27,1,1,0,0,0,0,0,0,228,20,6,2,0,1,0,1524,5,1,2,0,2,10,11,0,0,1155,58,5,1,0,0,0,0,0,0,1456,10,3,2,4,3,1,0,0,0,0,611,1,0,4,3,0,0,0,0,0,1756,1,5,1,0,0,0,0,0,0,792,252777,45502,6541,205315,121623,6285,3358,1901,1642,476,137,98,20,18,66,6,0,1,1,0,0,189576,33808,45127,162538,13874,33439,9915,17,0,19,0,0,33374,8,3,0,0,0,0,0,0,0,0,0,3248,25,0,1,0,0,0,0,438393,8,1,0,14,0,480,2,0,4,1,0,0,1392,35,98,7,149,2,7,2,0,1,0,0,2219,1,0,0,0,3,0,169,0,0,3175,2,0,3,0,0,1,0,0,0,12935,2,7,0,0,0,0,0,1,3168,92,0,0,0,1,0,447582,17,54,30,4,4,2,0,14414,5,10,3,2,1,1,0,0,1416,45,1,9,1,6,0,0,0,0,25592,1,7,18,1,0,0,4,0,10784,10,10,6,1,0,1,0,0,1511,1,18,9,0,17,0,0,0,18003,14,4,3,2,0,0,7816,10,8,1,0,0,0,0,0,959,0,1,2,0,12593,0,4,0,0,0,0,0,0,99,0,0,0,483,1,392,304325,21769,207,2,0,6019,0,0,28470,0,1,643,0,0,0,0,0,0,49,0,0,0,0,16295,0,1,0,0,0,0,0,2029,1,3,1,0,1,2,1,1,1,0,0,0,0,1012,29,9,0,2,1,2,0,2,3,2,2043,19050,2598,8821,13330,26792,48492,43756,50763,47231,46475,48477,41687,37695,30268,28358,30280,21341,16379,15482,6252,5602,7554,1625,647,664,326,201,37,51,25,4,1,2,1,17089,59680,2501,2579,10,18,3,1,0,0,0,0,0,818,37,1,1,2,0,0,113,0,1,2649,0,0,0,0,0,610,0,14,3066,265,441601,307668
T,0,0,6,2,2,33,5,0,0,54821,0,4,711,0,2877,0,0,172,0,1041,0,0,11030,44,0,0,17,0,0,0,757,3181,267,43585,80,0,0,10462,0,2,0,1,0,0,53216,23836,6600,3788,9816,256715,5159,13427,32323,10590,40223,5748,18343,594,435,161,31,40,5,3,0,1,0,0,0,10,0,0,0,0,0,0,0,0,0,0,0,144,0,0,5,0,0,0,0,774,6,2,0,0,0,0,0,13698,8,0,1,1,0,1829,3,1,0,0,0,0,0,0,0,321,10,0,1,0,0,0,3271,0,0,1,1,0,0,0,0,0,629,1,4,1,0,0,0,0,0,0,174,6,3,0,0,0,0,3,0,0,0,494,1,2,17,0,0,0,0,0,0,796,0,0,0,0,0,0,0,0,0,561,3269,40203,6100,58977,38363,1018,474,275,410,182,64,47,62,8,3,1,0,0,0,0,0,36428,12004,23720,68518,361408,41240,1192,11,1,10,10,10,22963,4,11,9,8,0,0,0,0,0,0,0,1993,1,1,0,0,0,0,0,4319,2,1,0,0,0,1122,2,0,0,0,0,0,4417,24,11,3,10,0,0,0,0,0,0,0,95,0,0,3,0,0,0,26,0,0,772,3,0,0,0,0,0,0,0,0,433227,3,17,3,0,0,1,0,2,12454,2,7,2,0,1,0,10672,2,2,1,0,1,0,0,6912,0,0,2,1,1,0,0,0,592,0,26,3,2,1,1,0,0,0,11387,52,1,1,1,0,0,0,0,21457,36,7,15,7,0,0,1,0,5829,3,18,3,2,0,0,0,0,10027,56,6,3,6,0,0,407443,9,98,44,0,1,0,1,0,1724,166,142,1,0,7949,2,1,0,0,0,1,0,0,69,9,0,0,786,0,2283,9933,18781,177,0,0,13860,0,0,17908,0,0,335,0,0,0,0,0,1,109,0,0,0,0,458656,0,0,0,2,0,0,0,1162,2,0,0,0,2,1,0,0,0,1,0,0,0,18037,2,3,0,0,2,4,0,0,0,0,43,6572,56,15913,45072,27539,23376,30705,22597,29165,31752,26500,24603,20921,19732,16667,19330,15772,8704,8162,4229,2948,1548,799,334,274,766,72,50,18,7,2,0,0,0,15994,11209,707,808,3,1,1,1,0,0,0,0,0,1050,0,0,0,0,0,0,38,1,0,450249,0,0,0,0,0,634,0,48,447192,23,1334,2573
V,43,309557,0,191,493696,318,0,0,0,19,616,314,517,1,10881,0,0,475181,0,42,0,0,4398,0,0,0,387,0,0,1,714,90,2339,470,6107,0,0,220,0,186,117,1,0,0,80560,51272,1125,3561,15328,5529,17291,4997,8684,8655,22432,44376,3376,697,370,88,64,90,12,21,5,0,0,0,0,128,0,0,0,0,0,0,0,0,0,0,0,79290,0,3,32,0,0,0,0,187,0,0,0,0,0,0,0,32290,12,2,1,1,0,446,6,0,1,0,2,0,1,0,0,435,1,8,0,1,0,0,275,8,0,5,1,2,0,0,0,0,2036,0,20,1,2,0,1,0,0,0,2703,12,19,2,0,1,3,0,0,0,0,3370,1,4,0,0,0,0,0,0,0,8766,0,0,0,0,0,0,0,0,0,411509,3138,14610,22473,4136,8584,479,346,245,29,81,12,14,5,4,3,3,2,0,0,0,0,9253,5031,12021,19571,6071,11359,4500,8,1,0,1,0,28009,26,7,2,0,0,0,0,0,0,0,1,2416,1,34,0,2,0,0,1,799,3,0,0,0,0,444755,0,1,0,0,1,0,912,166,4,17,6,0,2,0,0,0,1,0,882,2,0,0,0,0,0,13,0,0,4617,0,2,0,1,0,0,0,0,0,6593,11,0,0,1,0,0,1,0,55562,0,3,1,40,0,1,1153,5,7,4,0,17,0,0,4755,113,1,1,0,1,0,0,0,2104,10,6,2,2,0,0,0,1,0,2669,33,0,5,0,0,0,0,0,18474,4,11,4,3,0,0,0,0,995,3,3,5,1,0,0,0,0,307,6,59,1,2,1,0,5564,280,3,2,1,0,0,0,0,323098,31,161,1,1,3206,10,3,0,0,0,0,0,0,1247,0,1,0,408,0,2603,832,683,6536,0,0,872,0,0,6875,1,0,1205,0,0,0,0,0,0,677,0,0,0,0,71,1,2,0,0,0,0,0,1137,0,0,2,0,0,0,1,0,0,0,0,0,0,329255,1,0,0,1,4,0,2,0,0,0,50,2456,366,20879,27916,25347,24030,23241,24876,22351,21762,25231,20357,22161,19249,16795,17011,11433,10863,5861,3739,3073,4609,1041,423,514,121,84,48,10,6,0,0,0,0,8530,20464,1519,392,7,2,0,0,0,1,0,0,0,552,13,0,0,0,0,0,300,0,1,689,0,0,0,0,0,1805,0,470569,1111,468098,68,5
W,0,7,0,9,19,3,0,0,0,56,633,8,12,0,3529,0,0,34,0,20,0,0,7,0,0,0,538,0,0,1,246,13,149,263,3,0,0,1,0,1149,0,1,0,1,33,113,29,206,1411,268,7820,949,2281,4489,8868,1146,1168,771,45,6,7,34,1,0,0,0,0,0,0,490457,0,0,0,0,0,0,0,0,0,0,0,1689,0,0,46,0,0,0,8,546,0,0,0,0,0,0,0,5,0,0,0,0,0,27,0,0,0,0,0,0,0,0,0,1226,1,1,0,0,0,0,45,1,1,0,3,0,0,0,0,0,288,31,1,1,0,0,0,0,0,0,81,15,1,0,0,0,0,0,0,0,0,91,2,0,0,0,0,0,0,0,0,92129,0,0,0,0,0,0,0,0,1,18,178,5857,259,1999,30477,201,72,211,12,8,49,1,0,0,0,2,0,0,0,0,0,3371,592,682,1146,242,10319,656,5,0,0,0,0,140,0,0,0,0,0,0,0,0,0,0,0,104,0,0,0,0,0,0,0,248,0,1,0,0,0,281,0,0,0,0,0,0,199,1,3,144,0,0,0,0,0,0,0,0,20,0,0,0,0,0,0,81,0,0,55,0,0,0,0,0,0,0,0,0,6,0,0,0,0,0,0,0,0,6,4,0,0,0,0,0,278,0,0,0,0,0,0,0,308,0,0,0,0,0,0,0,0,6,0,0,0,0,0,0,0,0,0,15,0,0,0,0,0,0,0,0,130,1,0,0,0,0,0,0,0,194,0,0,1,0,0,0,0,0,19,0,0,0,0,0,0,258,1,0,0,0,0,0,0,0,1037,1,0,0,0,4344,0,1,0,0,0,0,0,0,138,0,0,0,85,0,49,156,9,174,0,0,6,0,0,58,0,0,112,0,0,0,0,0,0,1,0,0,0,0,10,0,0,0,0,1,0,0,7,0,0,0,3,0,0,0,0,0,0,0,0,0,155,0,0,10,0,0,0,0,1,0,0,105,1227,8598,296,518,4545,14109,17420,17826,18244,17989,18858,17446,14737,10400,10792,7236,5665,4240,5719,2718,6554,782,728,324,159,45,119,8,8,1,0,0,0,0,2826,2935,430379,201,2,0,0,1,1,0,0,0,0,90,0,0,2,2,0,1,304,0,0,1,1,0,0,0,0,33,0,0,0,2,8,23
Y,0,0,2,1,0,14,0,0,0,203,0,0,18,0,1150,0,0,0,0,75,0,0,114,0,0,0,0,0,0,0,41,271,0,12,13,0,0,266,0,418,0,0,0,0,7053,2620,1141,467,33771,8611,26106,9300,104476,283322,28183,4133,8648,836,483,262,126,78,9,5,0,2,0,0,0,575,0,0,0,0,0,0,0,0,0,0,0,55640,3,0,78,0,0,0,0,47,0,0,0,0,0,0,0,621,0,0,0,0,0,13,0,0,0,0,0,0,0,0,0,20,0,2,0,0,0,0,114,6,0,0,2,0,1,0,0,0,228,2,0,0,0,0,0,0,0,0,689,3,0,0,2,0,0,0,0,0,0,63,0,0,0,0,0,0,0,0,0,1423,0,0,0,0,0,0,0,0,0,44,262,6182,782,23562,3972,307,197,134,45,24,140,43,7,0,1,0,0,0,0,0,0,8170,4741,4980,11109,641,144925,447828,22,0,0,1,0,315,1,4,0,0,0,0,0,0,1,0,0,1783,6,1,0,0,0,0,0,1941,2,1,0,0,0,103,19,1,0,0,0,0,62,2,0,1,0,0,1,0,0,0,0,0,105,0,0,1,0,0,0,13,0,0,1285,0,0,0,0,0,0,0,0,0,196,0,0,0,0,0,0,1,0,62,1,0,0,0,0,0,3504,0,0,1,0,0,0,0,413,1,5,0,0,0,0,0,0,838,7,0,0,0,0,1,0,0,0,5471,3,0,0,0,0,0,0,0,790,2,2,1,0,1,0,0,0,301,1,2,0,2,0,0,0,0,1387,1,8,8,1,2,0,147,6,42,0,0,0,0,0,0,191,269,0,0,0,409287,0,13,0,1,0,0,0,0,8,3,2,0,1780,0,4,956,1899,5,0,0,1314,0,0,605,0,0,102,0,0,0,0,0,0,692,0,0,0,0,14,0,0,2,0,0,0,0,100,0,4,3,2,0,0,0,1,0,0,0,0,0,128,1,8,1,0,0,0,0,1,1,0,489371,412711,1597,2814,1578,7397,19314,28485,41372,40657,36831,31135,27916,33548,36875,35461,29176,35014,50237,36698,30723,19210,10217,7548,6370,2002,6473,1172,348,101,176,25,52,1,1,6992,266274,3416,46,3,3,4,3,1,87,1,0,0,24,37,2,14,0,0,0,0,0,0,3,0,0,0,0,0,29,0,0,28,5,608,7