Amino_acid,Pos1,Pos2,Pos3,Pos4,Pos5,Pos6,Pos6A,Pos6B,Pos6C,Pos7,Pos8,Pos9,Pos10,Pos11,Pos11A,Pos12,Pos13,Pos13A,Pos13B,Pos13C,Pos14,Pos14A,Pos14B,Pos14C,Pos15,Pos15A,Pos15B,Pos16,Pos16A,Pos16B,Pos16C,Pos17,Pos18,Pos19,Pos20,Pos21,Pos22,Pos22A,Pos22B,Pos22C,Pos23,Pos24,Pos25,Pos26,Pos27,Pos28,Pos29,Pos30,Pos31,Pos32,Pos33,Pos34,Pos35,Pos35A,Pos35B,Pos35C,Pos35D,Pos35E,Pos35F,Pos35G,Pos35H,Pos35I,Pos35J,Pos35K,Pos35L,Pos35M,Pos35N,Pos35O,Pos35P,Pos35Q,Pos36,Pos36A,Pos36B,Pos36C,Pos36D,Pos36E,Pos36F,Pos36G,Pos36H,Pos36I,Pos36J,Pos36K,Pos37,Pos37A,Pos37B,Pos37C,Pos37D,Pos38,Pos38A,Pos38B,Pos38C,Pos38D,Pos39,Pos39A,Pos39B,Pos39C,Pos39D,Pos39E,Pos39F,Pos39G,Pos39H,Pos39I,Pos39J,Pos39K,Pos40,Pos40A,Pos40B,Pos40C,Pos40D,Pos40E,Pos40F,Pos41,Pos41A,Pos41B,Pos41C,Pos41D,Pos41E,Pos42,Pos42A,Pos42B,Pos42C,Pos42D,Pos42E,Pos42F,Pos43,Pos43A,Pos43B,Pos43C,Pos43D,Pos43E,Pos43F,Pos43G,Pos43H,Pos43I,Pos44,Pos44A,Pos44B,Pos44C,Pos44D,Pos44E,Pos44F,Pos45,Pos45A,Pos45B,Pos45C,Pos45D,Pos45E,Pos45F,Pos45G,Pos45H,Pos45I,Pos45J,Pos45K,Pos46,Pos46A,Pos46B,Pos46C,Pos46D,Pos47,Pos47A,Pos47B,Pos47C,Pos47D,Pos47E,Pos47F,Pos48,Pos49,Pos50,Pos51,Pos52,Pos52A,Pos52B,Pos52C,Pos52D,Pos52E,Pos52F,Pos52G,Pos52H,Pos52I,Pos52J,Pos52K,Pos52L,Pos52M,Pos52N,Pos52O,Pos53,Pos54,Pos55,Pos56,Pos57,Pos58,Pos59,Pos59A,Pos59B,Pos59C,Pos59D,Pos59E,Pos60,Pos60A,Pos60B,Pos60C,Pos60D,Pos60E,Pos60F,Pos60G,Pos60H,Pos60I,Pos60J,Pos60K,Pos60L,Pos60M,Pos61,Pos61A,Pos61B,Pos61C,Pos61D,Pos61E,Pos61F,Pos61G,Pos61H,Pos61I,Pos61J,Pos62,Pos62A,Pos62B,Pos62C,Pos62D,Pos62E,Pos63,Pos63A,Pos63B,Pos63C,Pos63D,Pos64,Pos64A,Pos64B,Pos64C,Pos64D,Pos64E,Pos64F,Pos64G,Pos64H,Pos64I,Pos64J,Pos64K,Pos65,Pos65A,Pos65B,Pos65C,Pos66,Pos66A,Pos66B,Pos67,Pos67A,Pos67B,Pos67C,Pos67D,Pos68,Pos68A,Pos68B,Pos68C,Pos68D,Pos68E,Pos68F,Pos68G,Pos68H,Pos68I,Pos69,Pos69A,Pos69B,Pos69C,Pos69D,Pos69E,Pos69F,Pos70,Pos70A,Pos70B,Pos70C,Pos70D,Pos70E,Pos71,Pos71A,Pos71B,Pos71C,Pos71D,Pos71E,Pos71F,Pos72,Pos72A,Pos72B,Pos72C,Pos72D,Pos72E,Pos72F,Pos72G,Pos73,Pos73A,Pos73B,Pos73C,Pos73D,Pos73E,Pos73F,Pos73G,Pos73H,Pos74,Pos74A,Pos74B,Pos74C,Pos74D,Pos74E,Pos75,Pos75A,Pos75B,Pos75C,Pos75D,Pos75E,Pos75F,Pos75G,Pos75H,Pos75I,Pos76,Pos76A,Pos76B,Pos76C,Pos76D,Pos76E,Pos76F,Pos77,Pos77A,Pos77B,Pos77C,Pos77D,Pos77E,Pos77F,Pos77G,Pos78,Pos78A,Pos78B,Pos78C,Pos78D,Pos78E,Pos78F,Pos79,Pos79A,Pos79B,Pos79C,Pos79D,Pos79E,Pos79F,Pos79G,Pos79H,Pos80,Pos80A,Pos80B,Pos80C,Pos81,Pos82,Pos82A,Pos82B,Pos82C,Pos82D,Pos82E,Pos82F,Pos82G,Pos82H,Pos83,Pos83A,Pos84,Pos84A,Pos84B,Pos84C,Pos84D,Pos84E,Pos84F,Pos84G,Pos84H,Pos84I,Pos84J,Pos85,Pos85A,Pos85B,Pos86,Pos86A,Pos86B,Pos86C,Pos87,Pos87A,Pos87B,Pos87C,Pos87D,Pos87E,Pos87F,Pos87G,Pos87H,Pos87I,Pos87J,Pos87K,Pos87L,Pos87M,Pos87N,Pos87O,Pos88,Pos88A,Pos88B,Pos88C,Pos88D,Pos88E,Pos88F,Pos88G,Pos88H,Pos88I,Pos89,Pos89A,Pos89B,Pos89C,Pos89D,Pos89E,Pos89F,Pos89G,Pos89H,Pos89I,Pos89J,Pos89K,Pos89L,Pos90,Pos91,Pos92,Pos93,Pos94,Pos95,Pos96,Pos97,Pos98,Pos99,Pos100,Pos100A,Pos100B,Pos100C,Pos100D,Pos100E,Pos100F,Pos100G,Pos100H,Pos100I,Pos100J,Pos100K,Pos100L,Pos100M,Pos100N,Pos100O,Pos100P,Pos100Q,Pos100R,Pos100S,Pos100T,Pos100U,Pos100V,Pos100W,Pos100X,Pos101,Pos102,Pos103,Pos104,Pos104A,Pos104B,Pos104C,Pos104D,Pos104E,Pos104F,Pos105,Pos105A,Pos105B,Pos105C,Pos105D,Pos105E,Pos105F,Pos106,Pos106A,Pos106B,Pos107,Pos107A,Pos107B,Pos107C,Pos108,Pos108A,Pos108B,Pos109,Pos110,Pos111,Pos112,Pos113
*,205672,9503,3301,2346,1870,1661,249911,249985,249985,1489,1393,1384,1454,1264,249986,1105,1034,249988,249988,249988,979,249972,249972,249972,604,249988,249988,594,249988,249988,249988,464,430,401,348,306,285,249911,249949,249983,2,4,11,39,92,113,138,152,212,390,2090,4000,12536,240768,244828,247564,248708,249310,249572,249817,249895,249957,249980,249984,249985,249988,249988,249988,249988,249988,16,249984,249987,249988,249988,249988,249988,249988,249988,249988,249988,249988,17,249973,249986,249988,249988,19,249959,249977,249978,249980,62,249953,249982,249985,249986,249986,249986,249988,249988,249988,249988,249988,56,249945,249973,249978,249982,249985,249988,93,249901,249963,249974,249981,249982,85,249795,249958,249969,249981,249987,249988,107,249831,249897,249899,249960,249972,249977,249984,249984,249984,140,248588,249212,249238,249923,249985,249985,193,249749,249818,249882,249967,249978,249980,249982,249984,249987,249988,249988,134,249912,249937,249953,249976,192,249944,249959,249967,249982,249984,249987,170,64,246,530,2762,52932,240379,243702,246578,248135,249114,249361,249801,249877,249918,249941,249969,249982,249986,249988,43,25,7,4,1,203,73,249849,249924,249974,249978,249983,47,249877,249953,249974,249984,249984,249986,249986,249986,249986,249987,249987,249988,249988,46,249941,249963,249980,249983,249988,249988,249988,249988,249988,249988,62,249947,249952,249977,249978,249987,85,249977,249977,249977,249988,46,249461,249835,249852,249854,249984,249985,249987,249988,249988,249988,249988,27,249986,249986,249986,11,249988,249988,5,249985,249985,249988,249988,9,249977,249977,249985,249987,249988,249988,249988,249988,249988,19,249929,249929,249952,249965,249967,249987,21,249925,249931,249957,249975,249975,18,249884,249905,249928,249980,249985,249986,248,249900,249910,249949,249975,249979,249982,249985,872,249825,249869,249942,249959,249968,249973,249984,249988,1395,249618,249858,249915,249934,249987,785,249889,249924,249958,249967,249977,249980,249986,249987,249988,722,249739,249760,249934,249976,249983,249988,289,249715,249824,249967,249987,249988,249988,249988,85,249743,249761,249917,249988,249988,249988,42,249943,249957,249979,249984,249985,249987,249987,249987,9,249979,249979,249988,4,1,1,7,7,249986,249986,249988,249988,249988,2,249988,4,249978,249988,249988,249988,249988,249988,249988,249988,249988,249988,8,249988,249988,8,249988,249988,249988,10,249984,249986,249987,249987,249987,249987,249987,249987,249987,249988,249988,249988,249988,249988,249988,15,249980,249982,249984,249984,249984,249985,249986,249986,249988,28,249916,249969,249971,249972,249973,249974,249977,249979,249983,249987,249987,249987,38,1040,1010,1004,1004,7773,8985,9738,19914,21671,25300,30001,35709,43312,53145,65661,79240,95446,118040,152068,177545,200773,217265,228490,235222,241666,243715,247613,248839,249519,249740,249911,249936,249975,249985,7494,6359,8509,8488,249791,249927,249940,249947,249950,249951,8490,249910,249940,249967,249968,249968,249969,8633,249983,249988,9893,249988,249988,249988,11727,249988,249988,11751,12090,12717,21726,74122
A,0,160,12,2,262,602,0,0,0,415,107,133,4974,1143,0,8319,168,0,0,0,63022,0,0,0,228,0,0,1727,0,0,1,1963,291,180,20,8760,8,4,7,1,138356,184209,3697,3323,4495,10348,5398,8213,6415,6872,97642,5067,35864,1450,600,389,304,49,153,20,29,2,2,0,2,0,0,0,0,0,9,0,0,0,1,0,0,0,0,0,0,0,2775,0,0,0,0,46,0,1,0,0,250,2,0,0,0,0,0,0,0,0,0,0,203985,12,0,1,3,0,0,2340,13,4,1,0,3,615,9,4,1,1,0,0,2128,13,7,19,0,1,3,0,0,0,7180,0,588,0,0,1,0,184,5,1,1,0,1,0,0,0,1,1,0,1570,10,2,0,0,12708,1,3,0,0,0,0,1350,109520,36595,1598,10564,12560,283,233,132,54,54,26,7,19,8,3,9,0,0,0,14509,8378,12915,11029,12667,4986,301,6,2,0,0,0,168632,0,4,0,0,0,0,1,1,0,0,0,0,0,6741,1,0,1,0,0,0,0,0,0,0,8787,1,0,0,1,0,11091,0,0,0,0,1176,4,11,3,11,0,0,0,0,1,0,0,1621,0,0,0,5,0,0,750,1,0,0,0,11080,0,0,0,0,0,1,0,0,0,2635,1,0,2,0,0,0,5565,1,1,0,7,0,1166,6,0,40,0,0,0,2351,1,15,1,1,0,0,0,2263,40,0,0,2,0,0,1,0,187265,46,7,39,1,0,2894,12,13,2,1,0,0,0,0,1,1406,39,119,1,0,0,0,7437,19,3,0,0,0,0,0,15915,3,1,67,0,0,0,2758,1,4,0,1,0,0,0,0,17,1,0,0,476,187,1117,2337,621,0,0,0,0,0,953,0,6685,0,0,0,0,0,0,0,0,0,0,2503,0,0,2331,0,0,0,4733,0,0,0,0,0,1,2,0,0,0,0,0,0,0,0,210689,0,1,0,0,4,4,1,0,0,1744,0,3,0,10,9,3,2,0,0,0,0,0,30,403,99,192992,145116,21976,13915,12715,11785,12582,11891,12900,16943,12150,11246,13245,15112,10603,6855,5051,3757,2036,2171,712,483,281,143,35,30,17,6,4,1,0,0,12615,6980,257,1716,17,0,1,2,1,2,333,1,1,0,0,0,0,296,0,0,3909,0,0,0,309,0,0,630,4424,969,5207,15115
C,0,3,2,0,0,0,0,0,0,43,32,13,89,18,0,14,3,0,0,0,5,0,0,0,33,0,0,18,0,0,0,119,14,29,1,77,246283,0,26,0,20,129,274,81,639,231,645,1434,1282,2775,20485,1099,1596,351,192,64,38,20,10,19,4,0,3,0,0,0,0,1,0,0,935,2,0,0,0,0,0,0,0,0,0,0,623,0,0,0,0,581,0,0,0,1,0,0,0,0,0,0,0,0,0,0,0,0,200,0,0,0,0,0,0,2,0,0,0,0,0,19,0,0,0,0,0,0,2,0,0,0,0,0,0,0,0,0,14,1,0,0,0,0,1,3382,2,0,0,0,0,0,0,0,0,0,0,6,0,0,0,0,726,0,0,0,0,0,0,52,255,108986,238,854,411,19,9,9,2,2,4,1,1,0,0,0,0,0,0,552,360,311,219,15,319,579,0,0,0,0,0,27,0,0,0,0,0,0,0,0,0,0,0,0,0,20,0,0,0,0,0,0,0,0,0,0,197,0,0,0,0,0,14,0,0,0,0,0,0,0,2,0,0,0,0,0,0,0,0,322,0,0,0,42,0,0,699,0,0,0,0,7,0,0,0,0,0,0,0,0,0,171,0,0,0,0,0,0,192,0,0,0,0,0,36,0,0,0,0,0,0,9,0,0,0,0,0,0,0,25,0,0,0,0,0,0,0,0,27,0,0,0,0,0,2,0,0,0,0,0,0,0,0,0,25,0,0,0,0,0,0,2,0,0,0,0,0,0,0,100,0,0,0,0,0,0,425,0,1,0,0,0,0,0,0,6,0,0,0,12,4,26,166,5,0,0,0,0,0,9,0,295,0,0,0,0,0,0,0,0,0,0,8,0,0,17,0,0,0,6,0,0,0,0,0,0,0,0,0,0,0,0,0,0,0,72,0,0,0,1,0,0,0,0,0,68,3,1,2,0,0,0,0,0,0,0,0,0,478,1717,235345,250,258,1157,3983,3103,10531,14004,17286,13563,19870,18134,12075,8134,5116,3033,4797,1180,846,413,213,490,45,43,44,11,45,1,4,0,0,0,0,723,1578,1050,914,0,0,1,0,1,0,20,0,0,0,0,0,0,17,0,0,3,0,0,0,1,0,0,2,1,3,105,1
D,7487,1,1,0,1,345,0,0,0,2,12,6,6792,15,0,10,252,0,0,0,328,0,0,0,54,0,0,4112,0,0,0,43,0,38,1,156,0,0,0,0,829,1541,620,2545,9502,3520,4457,70737,25125,5323,11226,519,1601,190,80,61,54,44,3,0,0,2,0,1,0,0,0,0,0,0,1,0,0,0,0,0,0,0,0,1,0,0,487,0,0,0,0,2,0,0,0,0,107,0,0,3,2,0,1,0,0,0,0,0,890,0,2,0,0,1,0,66,1,0,0,0,0,803,2,1,0,0,0,1,342,11,0,7,2,3,0,0,0,0,5723,11,7,115,2,1,1,140,17,17,1,4,2,0,1,1,0,0,1,4193,2,2,0,0,447,0,9,0,0,0,0,237,64,11354,411,20406,3919,831,645,382,69,22,11,16,1,19,0,0,3,0,0,16296,41971,24159,11995,686,17559,2009,12,51,0,1,0,7371,32,2,7,0,0,0,0,0,0,0,0,0,0,207541,19,3,6,0,0,0,0,0,0,0,1521,17,2,8,0,0,524,1,10,0,0,852,1,2,0,2,0,0,0,1,0,0,0,7616,0,0,0,1,0,0,8,0,0,0,0,208,0,1,0,2,0,0,0,0,0,147,0,0,3,0,0,0,329,0,18,0,0,0,46,14,2,1,0,0,0,228575,5,13,21,3,1,3,3,15611,44,14,17,2,13,0,0,0,9046,30,10,3,0,0,3308,6,2,6,1,0,0,0,0,0,9997,2,5,1,0,0,0,29,0,0,0,0,0,0,0,93,0,0,0,0,0,0,7198,0,1,1,0,0,0,0,0,2,2,0,0,1178,1,24679,17351,2,0,0,0,0,0,836,0,927,9,1,0,0,0,0,0,0,0,0,17418,1,0,241908,0,0,0,28,1,0,2,0,0,0,0,0,0,0,0,0,0,0,0,1664,1,2,2,0,0,0,0,0,0,1686,38,3,0,0,0,4,1,4,1,0,0,0,1507,1152,46,875,1642,60646,11557,12439,8304,12008,14954,10481,15225,12010,11581,10292,12733,12572,10440,8909,6206,3798,2360,1214,3248,1508,547,397,386,17,6,2,1,0,0,110856,8062,30,944,4,3,3,1,31,1,253,1,0,0,0,1,0,25,0,0,31,0,0,0,12,0,0,284,35,157,107,3
E,625,128,50,1,182,246410,0,0,0,13,171,319,663,1019,0,362,4888,0,0,0,134,0,0,0,423,0,0,16589,0,0,0,4,11,394,2,22,3,9,0,0,10070,188,255,7467,903,728,2174,15912,2894,1361,1724,507,368,47,82,8,0,0,2,0,0,0,0,0,0,0,0,0,0,0,2,0,0,0,0,0,0,0,1,0,1,0,15,0,0,0,0,2,0,0,0,0,1857,3,0,0,0,1,0,1,0,0,0,0,159,0,1,3,2,0,0,192,0,2,7,0,0,2041,1,10,3,1,0,0,5047,69,1,35,1,0,0,0,2,0,164510,115,64,611,61,0,2,128,87,63,9,2,0,1,2,0,0,0,0,233149,21,13,15,12,6060,7,3,2,4,1,0,188,536,1752,160,5744,3013,125,74,61,47,96,9,2,6,0,0,0,0,0,0,2183,4086,8179,3046,2453,5030,164,1,1,0,3,0,4763,8,1,0,1,0,0,0,0,1,0,0,0,1,12011,0,0,0,0,0,0,0,0,0,0,65,8,0,1,0,0,806,0,0,10,0,10770,61,7,0,41,0,1,0,0,0,0,0,480,0,2,0,3,0,0,2,0,0,0,0,21,0,0,0,0,0,0,0,0,0,5,1,0,0,0,0,0,126,0,7,0,0,0,1010,6,1,0,0,0,1,3925,1,0,0,0,0,0,0,566,4,0,0,1,4,0,0,0,1997,31,3,0,0,0,13879,14,5,1,4,2,7,0,0,0,833,2,1,0,1,0,0,1039,0,0,0,0,0,0,0,801,0,1,2,0,0,0,441,0,0,0,0,0,0,0,0,1,0,0,0,17047,9,2037,684,22,0,0,0,0,0,18458,0,426,1,0,0,0,0,0,0,0,0,0,221114,0,1,2995,0,0,0,124,0,0,0,0,0,1,0,0,1,0,0,0,0,0,0,69,0,0,0,0,1,0,0,0,0,1018,2,0,0,0,0,0,0,0,0,0,0,0,83,121,14,2416,3461,18560,9466,9848,5072,4691,5082,7012,8310,7808,9426,8856,9006,14321,10885,8265,5291,3967,1886,1584,728,2322,232,90,39,104,12,6,5,1,0,18334,1312,575,73,3,0,0,0,0,0,4431,5,18,0,0,0,0,914,0,1,7,0,0,0,1332,0,0,35,1,1,1,5
F,0,93,0,188,7,0,0,0,0,171,1,4,25,1628,0,46,1,0,0,0,334,0,0,0,12,0,0,5,0,0,0,571,33,5,240,306,753,0,0,0,249,1814,1187,387,120332,3490,88556,1166,6034,14205,3018,1893,513,207,82,49,8,0,1,0,1,0,0,0,0,0,0,0,0,0,265,1,0,0,0,0,0,0,0,0,0,0,168468,1,0,0,0,35,0,0,0,0,8,2,0,0,0,0,0,0,0,0,0,0,403,0,0,0,0,0,0,7,0,0,0,0,0,1,0,0,0,0,0,0,45,5,0,0,2,1,0,0,0,0,22,0,4,1,0,0,0,1334,0,0,1,0,0,0,0,0,0,0,0,9,0,0,0,0,23867,0,1,0,0,0,0,887,164,3001,4008,1519,1741,47,160,37,23,6,10,29,2,1,0,0,0,0,0,2110,1398,1051,2748,557,7362,2785,1,0,0,0,0,344,0,0,0,0,0,0,1,0,0,0,0,0,0,190,1,0,0,0,0,1,0,0,0,0,7237,0,1,0,0,0,320,0,0,0,0,48,5,0,1,0,1,0,0,0,0,0,0,15,0,0,0,1,1,0,240631,0,0,0,0,725,1,0,0,0,0,0,0,0,0,971,0,0,21,0,18,0,2020,1,3,0,3,0,118,1,1,0,0,0,0,58,2,1,0,1,0,0,0,398,0,0,4,0,0,0,0,0,658,0,0,1,0,0,36,0,0,0,0,0,0,0,0,0,67,0,0,0,0,0,0,70,1,7,0,0,0,0,0,925,3,1,0,0,0,0,10190,0,1,0,0,2,0,0,0,182,0,0,0,26,50,99,93,85,0,0,0,0,0,650,0,4929,0,0,0,0,0,0,0,0,0,0,1,0,0,2,0,0,0,3,0,0,0,0,0,0,0,0,0,0,0,0,0,0,0,21,1,0,0,0,0,0,0,1,0,1210,1,0,2,0,0,0,0,1,0,1,0,0,788,14505,579,362,724,1597,7101,7890,7903,6973,5868,4771,4768,6387,8027,6278,8561,7216,6321,5674,5213,2651,2359,1401,835,555,217,192,69,82,64,13,4,5,0,1422,9382,2053,4,1,1,0,0,0,0,19,1,0,15,0,0,0,0,0,0,20,0,0,0,7,0,0,220,101,349,415,1
G,0,13092,1,1,314,514,28,4,4,88,247392,247354,233050,131,2,1343,86,0,0,0,396,0,0,0,247470,1,0,221196,0,0,0,50,12,1634,5,50,860,2,4,0,1789,7242,1441,215017,7494,3583,2647,18841,12672,4598,13378,7577,136482,2725,1736,768,289,201,132,57,33,22,2,0,1,0,0,0,0,1,1537,1,0,0,0,0,1,0,0,0,0,1,345,0,1,1,1,322,8,8,8,1,131,1,1,0,0,0,0,0,1,0,0,0,7863,5,8,0,0,0,0,121,22,1,0,0,0,243776,141,4,3,3,1,0,1484,0,5,7,13,4,0,0,3,0,48400,10,3,7,0,0,0,1431,10,6,6,1,1,1,0,0,0,0,0,4715,28,3,0,0,119092,3,6,15,2,0,2,2914,5107,15256,215,11405,12819,1678,1715,844,209,76,227,4,27,1,0,1,0,0,0,44486,146507,130851,10286,832,2658,89,37,1,0,0,0,8337,9,0,3,0,3,0,0,0,0,1,0,0,0,4953,1,1,0,1,0,0,0,0,0,0,303,0,1,1,2,0,3584,0,1,1,0,786,113,3,0,11,1,0,0,0,0,0,0,236906,0,0,0,487,0,0,37,1,0,0,0,162,0,0,0,0,1,0,0,0,0,392,1,1,0,1,0,0,273,1,3,1,1,0,3666,10,2,2,0,0,0,3490,5,16,2,2,1,0,1,2194,5,3,2,0,0,0,0,0,8531,14,7,3,3,1,2396,2,4,2,3,0,0,0,0,0,3364,1,4,3,0,0,0,127,7,1,1,0,0,0,0,3159,1,3,0,0,0,1,128,1,1,0,0,0,0,0,0,2,0,0,0,265,30,850,10096,33,0,0,0,0,0,1083,0,98,0,0,0,0,0,0,0,0,0,0,5087,0,0,1011,0,0,0,137,4,1,0,0,2,0,0,0,1,0,0,0,1,0,0,34465,3,0,0,2,0,0,0,0,0,1285,2,0,5,3,1,5,2,3,0,0,1,0,8,145,5120,6320,7029,32996,24878,41956,31984,29224,30767,23237,23134,18624,17750,14928,14388,15011,11043,7018,5531,3849,1975,2287,1091,518,258,200,107,18,28,5,2,0,0,29961,1958,2895,235310,47,8,4,1,4,2,482,11,2,0,0,20,0,239190,5,0,232,0,1,0,38,0,0,349,10,410,48,4
H,9499,0,172,65,0,3,0,0,0,0,0,0,33,18,0,6,3175,0,0,0,189,0,0,0,0,0,0,24,0,0,0,54,33,40,172,22,2,0,0,0,81,424,1986,122,2466,747,1662,4358,6826,9181,9361,243,1536,77,69,7,38,0,16,1,0,1,0,0,0,0,0,0,0,0,2,0,0,0,0,0,0,0,0,0,0,0,1160,0,1,0,0,1472,9,0,0,0,1620,0,0,0,0,0,0,0,0,0,0,0,92,0,0,0,0,0,0,74,0,0,0,0,0,19,0,0,0,0,0,0,180,1,6,0,1,0,0,0,0,0,220,36,0,1,0,0,0,1578,1,8,0,0,0,0,0,0,0,0,0,45,0,5,1,0,94,4,0,0,0,0,0,9,21,1713,424,3454,2069,62,118,12,21,3,14,2,0,0,0,0,0,0,0,1949,2387,2149,2859,183,8617,3263,5,0,0,0,0,730,1,0,0,0,0,0,0,0,0,0,0,0,0,1880,0,0,0,0,0,0,0,0,0,0,293,0,18,0,0,0,1,0,0,0,0,42,0,0,0,0,0,0,0,0,0,0,0,39,0,0,0,58,0,0,49,0,0,0,0,166,0,0,0,0,0,0,0,0,0,65,0,5,0,0,0,0,388,11,0,0,0,0,1499,0,1,0,0,0,0,823,0,0,0,0,0,0,0,3934,1,26,0,0,0,0,0,0,697,1,0,2,0,0,187,1,0,0,0,0,0,0,0,0,1943,4,1,2,0,2,0,36,0,3,1,0,0,0,0,197,2,2,0,0,0,0,4248,12,1,0,0,0,0,0,0,145,2,0,0,3741,0,3557,653,41,0,0,0,0,0,639,0,1380,0,0,0,1,0,0,0,0,0,0,45,0,0,266,0,0,0,43,0,0,0,0,0,0,0,0,0,0,0,0,0,0,0,15,1,1,0,0,0,0,0,0,0,1216,2,1,0,0,0,1,0,0,0,0,0,0,622,3318,6,1304,558,3037,4481,3265,3159,3261,2911,4048,4308,3186,3750,2440,2166,2413,1924,1174,913,755,502,442,226,60,23,30,1,23,1,22,0,3,0,4158,9688,168,86,4,0,0,0,0,0,1839,1,0,2,1,0,0,1,0,0,74,0,0,0,740,0,0,7,30,1,59,0
I,0,2,0,143,4,0,0,0,0,32,0,0,7,73,0,130,3,0,0,0,595,0,0,0,0,0,0,3,0,0,0,30,55,818,1213,37,0,3,0,0,3701,7374,235,402,5642,24458,5055,3328,16514,2059,9228,84316,2286,880,417,142,103,91,39,12,1,0,0,0,0,0,0,0,0,0,11,0,0,0,0,0,0,0,0,0,0,0,2528,1,0,0,0,30,0,2,0,0,3,2,0,0,0,0,0,0,0,0,0,0,1364,0,1,0,0,0,0,181,4,0,1,0,2,2,3,0,0,0,0,0,79,0,1,0,0,0,0,0,0,0,42,0,0,1,0,0,0,380,0,1,0,0,0,0,0,0,0,0,0,159,0,0,0,0,926,0,0,0,0,0,0,26083,374,2059,205615,5873,3632,479,193,49,127,16,13,10,1,2,2,2,1,0,0,4070,3577,2876,13828,15285,4120,1072,4,0,0,0,0,1890,9,12,0,0,0,0,0,0,0,0,0,0,0,152,1,0,0,0,0,0,0,0,0,0,100,0,0,0,0,0,937,0,0,0,0,152,11,0,3,0,1,0,0,0,0,0,0,5,0,0,0,3,0,0,710,1,2,0,1,4243,3,0,0,0,0,0,0,1,0,202003,0,8,9,0,0,0,242,1,1,0,3,0,1207,0,4,0,2,0,0,77,2,2,0,1,0,0,0,2610,4,0,0,0,0,0,0,0,819,4,3,0,3,0,282,2,3,0,0,0,0,0,0,0,491,6,11,1,3,0,0,4245,78,0,2,0,0,0,0,4656,0,0,0,0,0,0,688,0,0,0,0,0,0,0,0,304,0,0,0,117,7735,1199,762,148,0,0,0,0,0,1028,0,1298,0,0,0,0,0,0,0,0,0,0,9,0,0,2,0,0,0,156,0,0,0,0,0,0,0,0,0,0,0,0,0,0,0,1,0,0,0,0,0,0,0,0,0,14306,1,1,0,0,0,0,0,0,1,0,0,0,27,2682,15,483,3139,3047,5923,7182,10150,7045,5086,5674,3947,4030,5546,5600,2749,4112,2507,2429,1457,1207,405,181,127,55,62,27,4,6,1,1,0,0,0,1613,3948,76,2,1,0,0,0,0,0,37,0,0,0,0,0,0,1,0,0,6511,0,0,0,12,0,0,1221,3536,1268,2,0
K,0,0,187,0,1,120,0,0,0,8,17,0,50,209,0,8,1592,0,0,0,5,0,0,0,4,0,0,321,0,0,0,1,28,12183,1,7,0,0,0,0,2534,28,56,995,1085,1106,510,2886,2566,2098,510,582,552,36,11,72,20,1,1,0,0,0,0,0,1,0,0,0,0,0,1,0,0,0,0,0,0,1,0,0,0,0,6,0,0,0,0,20,0,0,0,0,628,0,0,0,0,0,0,0,0,0,0,0,56,0,0,0,0,0,0,59,2,1,0,0,0,52,0,0,0,0,0,0,218101,15,0,7,1,3,4,0,0,5,2921,361,71,8,0,2,0,105,38,0,1,0,0,0,0,0,0,0,0,1454,0,3,0,0,1104,0,4,0,0,1,0,15,15,484,196,2139,3941,148,85,27,2,26,2,0,0,0,0,0,0,0,0,3591,687,2038,6447,7251,11152,70,0,2,0,0,0,1643,13,1,0,0,0,0,1,0,0,0,0,0,0,552,0,0,2,0,0,0,0,0,0,0,28,1,0,0,0,0,119,0,0,0,0,202587,100,3,1,0,1,0,0,0,0,0,1,449,0,0,0,13,0,0,1,0,0,0,0,180,0,0,0,0,0,0,1,0,0,24,0,0,0,0,0,2,17,4,0,0,0,0,16888,1,7,0,2,0,1,98,11,0,5,0,1,1,0,7366,1,18,2,6,0,0,0,0,166,139,8,1,0,0,198738,8,5,1,2,0,1,1,1,0,12846,2,8,31,2,0,0,1643,1,5,0,0,0,0,0,99,2,2,0,0,0,0,122,2,0,0,0,0,0,0,0,9,0,0,0,3648,871,6843,2065,10,0,0,0,0,0,184320,0,14,0,0,0,0,0,0,0,0,1,0,591,0,0,24,0,0,0,929,0,0,0,0,0,0,0,0,0,0,0,0,0,0,0,1,0,0,0,0,0,0,0,0,0,1267,0,0,0,0,0,0,0,0,0,0,0,0,11,96,3,1860,15240,6744,5410,3401,2799,2977,1746,3212,3125,2712,4111,2638,4576,1825,1347,1592,994,604,1533,364,326,130,32,71,5,6,3,0,0,0,0,3410,563,524,16,4,1,0,0,0,0,28957,1,0,0,0,0,0,3,0,0,110,0,0,0,1631,0,0,1,25,0,0,4
L,9,71662,115,246479,202,1,0,0,0,83,2,4,7,185566,0,351,877,0,0,1,422,0,17,0,7,0,0,5,0,0,0,102,242629,288,243151,166,97,2,0,1,5737,1260,389,644,13306,7053,82288,1603,4366,5051,1765,11163,782,391,122,104,51,40,2,21,0,1,0,0,0,0,0,0,1,0,753,1,1,0,0,0,0,0,0,0,0,0,3516,0,0,0,0,850,0,0,0,0,3481,0,2,0,0,0,0,0,0,0,0,0,598,1,0,0,0,0,0,1543,9,0,0,0,0,56,5,3,0,0,1,0,471,10,0,1,0,0,0,0,0,0,457,4,2,0,0,0,0,36265,8,2,1,0,0,0,0,0,0,0,0,150,0,0,0,0,23350,5,1,0,0,0,0,10766,2590,2134,11751,1321,2808,380,97,91,44,18,65,1,2,18,1,2,2,0,0,2590,1716,2301,4660,2729,3540,4818,26,7,0,0,0,4976,8,0,0,0,0,1,0,0,1,0,0,0,0,176,1,0,0,0,0,0,0,0,0,0,475,1,0,0,0,0,3885,0,0,0,0,805,2,0,5,1,0,1,0,0,0,0,0,11,0,0,0,368,0,0,2128,0,0,0,0,192,2,0,0,0,0,0,0,0,0,3453,0,22,0,0,1,0,299,29,0,0,0,0,4755,1,3,0,0,0,0,431,2,0,0,0,0,1,0,611,0,1,0,0,0,0,0,0,4198,0,2,0,1,0,955,8,1,4,0,1,0,0,0,0,244,2,7,0,0,0,0,1357,19,1,2,0,0,0,0,50819,1,49,2,0,0,0,1410,22,3,2,2,0,0,1,0,243107,1,5,0,2677,11468,220,196,238580,0,2,0,0,1,634,0,3736,1,0,1,0,0,0,0,0,0,0,36,0,0,1,0,0,0,45,0,0,0,1,0,0,0,0,0,0,0,1,0,0,0,13,0,0,1,0,0,0,0,0,0,17507,0,0,0,0,0,0,0,0,0,0,0,0,40,1330,153,882,4835,5459,17682,12686,15041,16043,11822,14421,10535,18226,15186,21537,11334,7218,6374,4688,5588,1900,1442,967,1526,232,184,160,37,41,2,2,0,1,0,3187,3906,1803,4,0,0,0,0,0,0,1161,2,0,0,0,0,0,0,0,0,153,0,0,0,26041,0,0,242,57,61,8,4
M,0,142,0,52,248,0,0,0,0,16,0,0,8,939,0,412,23,0,0,0,3,0,0,0,0,0,0,51,0,0,0,1,538,210,18,3,0,0,0,0,92,299,46,88,577,2507,2620,880,3127,1758,1874,101972,1722,872,515,261,85,59,32,25,17,3,1,3,0,0,0,0,0,0,6,0,0,0,0,0,0,0,0,0,0,0,22,0,0,0,0,2,0,0,0,0,49,0,0,0,0,0,0,0,0,0,0,0,17,0,0,0,0,0,0,3,0,2,0,0,0,34,2,0,0,0,0,0,1390,0,0,0,0,5,0,0,0,0,182,0,11,0,0,0,0,49,0,0,0,0,1,0,0,0,0,0,0,79,0,0,0,0,1448,0,0,0,0,0,0,592,26,451,5214,1362,1340,78,12,40,9,4,1,1,0,0,0,1,0,1,0,1036,357,603,3261,922,1688,399,0,0,0,0,0,190,2,0,0,0,0,0,0,0,0,0,0,0,0,39,0,6,0,0,0,0,0,0,0,0,6,1,0,0,0,0,4982,0,0,0,0,1578,9,0,56,0,0,0,0,0,0,0,0,1,2,0,0,0,0,0,16,0,0,0,0,66,0,0,0,0,0,0,0,0,0,3604,0,11,0,0,0,0,0,0,0,0,0,0,425,0,0,0,0,0,0,9,1,0,2,0,1,0,0,487,3,0,0,0,0,0,0,0,40,3,35,0,0,0,917,4,1,0,0,0,0,0,0,0,288,115,0,0,0,0,0,16534,1,73,5,0,0,0,0,7811,12,7,0,0,0,0,65,0,0,1,0,0,0,0,0,872,0,0,0,210,224346,101,732,1309,0,1,0,0,0,418,0,42,0,0,0,0,1,0,0,0,0,0,47,0,0,1,0,0,0,1169,0,0,0,0,0,0,0,0,0,0,0,0,0,0,0,0,0,0,0,0,0,0,0,0,0,28680,0,0,0,0,0,0,0,0,0,0,0,0,0,118,2,332,591,1428,2893,2138,2815,2332,2991,4173,3263,5834,5741,3871,4738,5076,5206,3543,2155,3009,1717,826,869,329,298,145,100,22,4,0,2,3,0,658,263,179,1,0,0,0,0,0,0,57,0,0,0,0,0,0,1,0,0,89,0,0,0,205,0,0,3,23,5,0,0
N,0,0,2,0,0,1,0,0,0,4,1,1,1081,16,0,0,235,0,0,0,151,0,0,0,1,0,0,561,0,0,0,124,0,3791,1,59,0,1,0,3,169,258,633,330,4735,6106,1902,12977,21937,19320,4598,885,5794,136,105,73,19,3,3,2,2,0,0,0,0,0,0,0,0,0,0,0,0,0,0,0,0,0,0,0,0,0,160,0,0,0,0,0,0,0,0,0,18,0,0,0,0,0,0,0,0,0,0,0,194,0,1,1,0,0,0,10,2,7,0,0,0,63,6,2,0,0,0,0,3836,2,1,1,0,0,0,0,0,0,481,15,1,2,0,0,0,165,10,1,0,0,2,2,0,0,0,0,0,96,0,0,0,0,63,0,0,0,0,0,0,52,53,1444,655,24912,15340,491,162,82,67,41,40,6,1,3,0,0,0,0,0,14462,4507,5055,22295,563,52975,1376,0,0,0,0,0,494,1,0,0,0,0,0,0,0,0,0,0,0,0,6666,0,0,0,0,0,0,0,0,0,0,308,6,8,0,0,0,15,0,0,0,0,2307,3,0,0,0,0,0,0,0,0,0,0,325,0,0,0,1,0,0,17,0,0,0,0,1841,0,0,0,0,0,0,0,0,0,938,0,0,0,3,0,0,167,0,1,10,0,0,399,3,53,0,0,2,0,7245,7,0,1,3,1,1,0,186141,6,41,12,7,2,11,0,1,4915,50,24,10,39,0,7695,27,11,6,6,0,0,0,1,0,198917,7,37,2,0,0,1,301,2,2,0,0,0,0,0,110,1,0,0,1,0,0,2790,0,0,1,1,1,0,0,2,2,0,0,0,231,49,185608,44526,1,0,0,1,0,0,7970,0,136,0,0,0,0,0,0,1,0,0,0,698,0,0,590,0,0,0,213,0,0,0,0,0,0,0,1,0,0,0,0,0,0,0,86,1,1,0,0,0,0,1,1,0,2062,3,0,0,2,0,0,0,0,0,0,0,0,387,578,41,14529,1730,4179,4114,5642,4115,6891,8071,9712,4204,4733,3916,5867,5431,5468,2800,2479,1534,810,720,222,268,134,97,18,16,3,7,1,2,0,0,16768,9054,28,63,3,0,1,1,0,0,1158,0,0,0,0,0,0,0,0,0,858,0,0,0,26,0,0,3,2916,3,9,34
P,0,0,406,371,0,5,0,0,0,229,2,324,9,1123,0,19,1798,0,0,0,167253,0,0,0,9,0,0,12,0,0,0,975,760,175,1398,1383,16,0,0,0,705,2343,7075,1261,2318,11791,2561,1614,2189,949,5652,96,352,25,7,5,10,1,1,0,0,1,0,0,0,0,0,0,0,0,3,0,0,0,0,1,0,0,0,0,0,0,66,0,0,0,0,384,1,0,3,0,2219,3,2,0,0,0,0,0,0,0,0,0,6178,12,0,0,0,0,0,239922,0,5,5,1,2,44,1,2,2,0,0,0,197,22,32,4,1,0,1,1,0,0,554,628,2,2,0,0,0,4796,0,8,1,2,1,1,1,1,0,0,0,32,4,10,0,0,1672,9,1,2,0,0,0,72,1059,123,63,1857,9751,99,387,98,90,64,5,6,0,0,1,0,1,0,0,2598,1035,801,1844,7643,467,445,14,0,0,0,0,3757,8,0,2,0,0,0,0,1,0,1,0,1,0,3014,1,1,0,0,0,0,0,0,0,0,7313,2,4,0,0,1,64,0,0,0,1,80,60,67,0,0,0,0,0,0,0,0,0,18,0,0,1,290,0,1,34,0,0,0,0,3323,0,0,1,0,0,0,0,0,0,141,10,0,0,0,0,0,8543,0,1,1,0,2,238,5,0,5,1,0,0,86,4,1,1,0,1,0,0,523,6,0,0,0,0,0,0,0,3289,2,2,0,0,0,242,2,3,0,0,0,1,0,0,0,324,24,3,0,2,0,0,3635,4,3,1,0,0,0,0,564,1,1,1,0,0,0,145,3,2,0,0,0,0,0,0,2076,0,2,1,674,26,182,232,2316,0,0,0,0,0,159,1,202102,0,0,0,0,0,0,0,0,0,1,26,0,0,15,1,1,0,4381,0,0,0,0,0,0,0,0,0,0,1,0,0,0,0,499,1,0,0,0,0,0,0,0,0,206,2,0,0,0,0,0,2,1,2,1,0,0,7,211,7,668,3901,13124,27653,14743,17518,9229,10214,13452,13413,10658,14321,10748,8354,7942,6654,4853,3437,1856,1487,578,440,117,173,38,27,4,6,0,0,0,0,3739,3114,292,46,5,4,1,32,0,0,4050,1,26,0,0,0,0,55,0,0,1345,0,0,0,16122,0,1,3,1297,2,797,5470
Q,26675,29,245568,35,4,80,0,0,0,3,1,2,28,425,0,58,229311,1,0,0,195,0,0,0,2,0,0,657,0,0,0,11,305,403,7,33,0,0,0,0,2575,116,137,1555,376,515,1590,3589,2105,952,923,105,188,28,13,3,1,0,0,0,0,0,0,0,0,0,0,0,0,0,3,0,0,1,0,0,0,0,0,0,0,0,13,0,0,0,0,111,0,0,0,0,232189,10,2,1,0,0,2,0,0,0,0,1,43,3,1,3,1,1,0,972,5,0,0,0,0,205,4,1,0,0,0,0,7118,7,0,4,4,0,0,0,0,0,15764,28,2,1,1,0,0,397,7,2,0,1,0,0,0,0,0,0,0,1349,0,2,0,0,718,0,0,0,0,0,0,7,222,893,224,456,703,68,14,27,12,17,1,2,0,0,1,0,0,0,0,789,547,1521,1893,2802,1480,332,0,0,0,0,0,850,0,0,0,0,0,0,0,1,0,0,0,0,0,450,0,0,0,0,0,0,0,0,0,0,58,0,0,0,0,0,16,0,0,0,0,5518,7,3,0,3,0,0,0,0,0,0,0,1,0,0,0,699,0,0,0,0,0,0,0,17,0,0,1,0,0,0,0,0,0,14,0,0,0,0,0,0,23,3,0,0,0,0,11729,0,2,3,1,0,0,43,1,5,1,0,0,0,0,264,1,4,0,1,0,0,0,0,52,6,7,1,0,0,3909,0,0,1,1,1,0,0,0,0,608,0,0,0,0,0,0,862,0,0,0,0,0,0,0,368,0,0,0,0,0,0,218,0,2,0,0,0,0,0,0,612,0,0,0,212967,41,171,202,671,1,0,0,0,0,9848,0,186,0,0,0,0,0,0,0,0,0,0,716,0,0,12,0,0,0,237,0,0,0,0,0,0,0,0,0,0,0,0,0,0,1,1,0,0,0,0,0,0,0,0,0,366,0,0,0,0,0,0,1,1,0,0,0,1,18,356,1,441,1640,4083,10060,7389,3299,5131,5082,4776,4614,3459,3142,3852,4402,3567,2293,1350,1144,1386,505,3811,163,94,35,13,12,3,1,0,0,0,0,2207,944,459,6,9,0,0,0,0,0,185149,3,0,0,0,0,0,28,0,0,18,1,0,0,187549,0,0,1,10,1,2,116
R,3,6,168,154,2,12,0,0,0,33,237,282,547,274,0,21,5826,0,0,0,365,0,0,17,318,0,0,1923,0,1,0,166,3432,203746,314,229,595,0,1,0,1752,436,720,9772,19503,5447,4850,11481,19855,4133,3473,1224,5504,110,34,17,17,2,0,0,0,0,0,0,0,0,0,0,0,0,797,0,1,0,0,0,0,0,0,0,0,0,42,11,0,0,0,245817,11,1,0,0,6452,6,0,0,0,2,0,0,0,0,0,0,1527,4,1,0,1,2,0,547,18,0,0,6,0,1052,3,1,11,3,0,0,6967,0,38,1,2,0,0,0,0,0,1235,146,3,0,0,0,0,196968,41,43,79,9,2,1,2,2,1,0,0,470,6,7,12,0,5484,10,1,3,1,3,0,220,74,7567,847,8446,21049,549,145,156,54,58,7,8,3,1,0,1,0,0,0,14915,4477,11705,22174,3898,7305,148,0,1,0,0,0,3821,1,0,0,1,0,1,0,0,0,0,0,0,0,838,0,0,0,0,1,0,0,0,0,0,200,1,0,0,0,1,142,0,0,0,0,19909,59,4,4,1,0,0,1,0,0,0,0,408,1,1,0,247866,0,0,13,0,0,0,0,1089,0,2,1,0,0,0,0,0,0,78,0,5,0,1,0,0,236,4,0,0,0,0,193410,0,2,1,3,0,1,82,26,5,1,1,2,1,0,3519,11,9,0,11,0,4,0,0,1103,9,3,6,1,0,9275,1,2,0,1,1,0,1,0,0,3068,5,0,4,0,1,0,1609,2,5,0,1,0,0,0,390,1,2,0,0,1,0,531,0,4,1,0,0,0,0,0,1879,2,2,0,4917,2612,1728,11347,2643,0,0,0,0,0,11799,0,1010,0,0,0,0,0,0,0,0,0,0,451,0,0,15,0,0,0,396,0,0,0,0,0,0,0,1,0,0,0,0,0,0,0,75,0,0,0,1,0,0,0,0,0,2757,0,1,1,0,1,0,1,0,0,0,0,0,3,1045,1032,840,14927,18394,27136,23710,16656,17070,13650,13509,12327,14208,12359,12044,10253,9010,7147,3992,4221,2424,1267,563,285,160,117,121,26,19,4,2,2,0,0,7193,2418,11728,318,84,34,32,0,2,0,12363,4,0,1,19,0,20,488,0,0,60,0,0,0,2726,0,0,0,34,5,3,12
S,0,4,0,62,2,42,46,0,0,220314,14,21,577,46776,1,19,142,0,0,0,7990,0,0,0,345,0,1,1321,1,0,0,243559,67,3354,65,233056,223,2,1,1,11034,3386,226765,1894,26372,32446,14735,76275,41729,15068,13370,1159,26509,302,487,113,118,32,5,5,3,0,0,0,0,0,0,0,0,0,132,0,0,0,0,0,0,0,0,0,0,0,1347,0,0,0,0,220,1,0,0,0,91,6,0,0,0,0,0,0,0,0,1,0,2959,2,0,2,0,0,0,2697,9,0,0,0,0,154,12,2,0,0,0,0,741,0,0,1,0,0,4,4,0,0,591,31,3,0,1,0,0,761,4,4,1,2,0,2,0,1,0,0,0,331,0,0,0,1,930,0,1,0,0,0,0,383,126390,22544,3194,103050,61082,3242,1671,900,783,225,63,51,8,14,36,2,0,2,1,95339,16945,22449,81368,6857,16629,4965,7,0,8,0,0,16640,2,9,0,1,2,1,0,0,0,0,1,0,0,1586,20,0,0,0,0,0,0,0,0,0,219376,1,1,1,8,0,227,0,0,1,0,659,15,49,1,60,0,1,1,0,0,0,0,1152,0,0,0,73,0,0,1596,0,0,1,0,6262,0,3,0,0,0,0,0,0,0,1479,45,0,0,0,1,0,223657,4,21,15,0,5,7202,1,4,6,0,2,0,699,15,1,2,1,2,0,0,12809,0,3,7,0,2,0,4,0,5432,2,7,1,0,0,759,2,7,1,0,7,0,0,0,0,8914,6,0,0,2,0,0,3935,6,4,0,0,0,0,1,492,0,0,0,0,0,0,6351,1,0,0,0,1,0,0,0,50,0,0,0,243,213,10724,152574,98,2,0,0,1,0,2996,0,14109,0,0,0,0,0,0,0,0,0,0,356,0,0,33,0,0,1,8097,0,0,0,1,0,0,0,0,0,1,0,0,0,1,0,1002,0,0,2,0,0,0,0,1,1,475,15,4,2,1,2,0,1,0,1,0,0,0,1039,9476,1250,4462,6730,13294,24236,21948,25302,23631,23230,24136,20736,18952,15315,14157,15348,10750,8205,7855,3128,2849,3781,825,337,319,165,93,23,30,15,6,0,0,0,8496,29803,1251,1283,9,5,3,2,0,2,387,19,0,0,0,0,0,56,1,0,1338,0,0,0,274,0,0,10,1622,141,220460,153736
T,0,0,2,0,1,16,3,0,0,26909,0,3,344,1451,0,76,504,0,1,0,5400,17,0,0,13,0,0,366,0,0,0,1591,104,21903,31,5048,0,0,0,0,26783,11871,3310,1851,4786,128730,2502,6678,16156,5223,20184,2786,9221,284,212,72,16,34,1,1,1,0,1,0,0,1,0,0,0,0,6,0,0,0,0,0,0,0,0,0,0,0,78,0,0,0,0,2,0,0,0,0,411,1,0,0,1,0,0,0,0,0,0,0,6906,2,0,0,0,0,1,876,0,2,0,0,0,143,5,0,0,0,0,0,1536,1,1,0,0,0,0,0,0,0,292,0,3,0,0,0,0,85,0,0,1,0,0,0,1,0,0,0,0,237,1,1,8,0,385,4,0,0,0,0,0,294,1660,20183,3035,29302,19419,471,265,153,203,79,39,14,36,3,2,1,0,0,0,18302,5878,12087,34204,181115,20679,597,4,0,6,6,6,11457,0,5,2,2,0,0,0,0,0,0,0,0,0,1005,0,0,0,0,0,0,1,0,1,0,2115,1,1,0,0,0,554,1,0,0,0,2143,7,3,1,3,0,0,0,0,0,0,0,62,0,0,0,11,0,0,396,1,1,0,0,216922,1,6,1,0,0,0,0,0,1,6247,2,6,1,0,0,0,5444,1,0,1,0,0,3511,0,0,1,0,0,0,253,1,15,1,0,0,0,0,5632,14,1,1,0,0,1,0,0,10735,27,6,3,5,0,3009,7,6,4,2,0,0,0,0,0,5050,32,2,3,3,1,0,203827,7,47,9,1,0,1,0,861,89,67,0,0,0,0,3840,3,2,2,1,0,2,0,0,25,0,0,0,406,1118,9491,4967,75,0,0,0,0,0,7105,0,8995,0,0,0,0,0,1,0,0,0,0,166,0,0,42,0,0,0,229237,0,1,0,0,0,0,0,0,0,0,0,0,0,0,0,646,0,0,0,0,0,0,1,0,0,9181,1,2,0,0,1,1,0,0,0,0,0,1,19,3311,32,7950,22541,13588,11736,15642,11497,14521,15860,13178,12406,10273,10022,8299,9603,7871,4345,3997,2109,1430,743,433,187,146,383,51,20,9,2,1,0,0,0,7990,5553,356,419,2,1,1,0,0,0,523,0,0,0,0,0,0,13,0,0,224997,0,0,1,321,0,0,34,223146,22,685,1343
V,19,155158,1,82,246883,169,1,0,0,6,316,134,240,5548,0,237668,21,0,0,0,2150,0,0,0,185,0,0,357,0,0,0,44,1153,232,2992,117,97,55,1,0,40026,25741,560,1862,7679,2643,8695,2589,4336,4453,11148,22133,1658,329,162,51,40,36,6,7,3,0,0,0,0,0,0,0,0,0,64,0,0,0,0,0,0,0,0,0,0,0,39573,0,1,0,0,17,0,0,0,0,101,0,0,0,0,0,0,0,0,1,0,0,16171,3,1,1,0,0,0,267,2,2,1,1,0,206,0,0,0,0,0,0,142,1,0,3,0,0,0,0,0,0,1006,0,12,2,1,0,0,1248,2,13,4,0,1,1,0,0,0,0,0,1723,5,3,0,0,4222,1,0,0,0,0,0,205669,1554,7249,11141,1935,4271,314,168,158,5,45,6,2,4,1,1,1,0,0,0,4506,2590,5961,9578,3056,5830,2219,5,0,0,0,0,13800,18,2,1,0,0,0,0,0,0,0,1,0,0,1183,0,15,0,5,0,0,0,0,0,1,425,2,0,1,0,0,222414,0,1,0,0,397,71,2,4,2,1,0,0,0,0,1,0,487,0,0,0,7,0,0,2280,0,1,0,0,3358,5,0,0,0,0,0,0,0,0,27576,0,0,1,19,2,0,552,4,2,3,0,7,2283,55,1,2,0,0,0,1082,4,5,2,1,0,0,0,1319,20,0,2,0,0,0,0,0,9213,4,6,4,2,1,485,1,2,2,0,0,0,1,0,0,164,3,31,1,0,0,0,2831,126,3,0,0,1,0,0,161948,13,92,0,0,0,0,1479,1,0,0,0,0,0,1,0,607,0,0,0,183,1212,357,397,3226,0,0,0,0,0,432,0,3324,0,0,0,0,0,0,0,1,0,0,591,0,0,346,0,0,0,30,0,1,0,0,0,0,0,0,0,0,0,0,0,0,0,584,1,0,0,0,0,0,0,0,0,164795,2,1,0,0,2,1,1,0,0,0,1,0,23,1288,171,10513,13926,12862,11856,11712,12461,11306,10849,12728,10368,11067,9783,8313,8533,5844,5531,2865,1905,1536,2249,507,207,250,63,41,22,7,2,1,1,1,0,4119,10261,726,189,2,3,0,0,0,0,232,9,0,0,0,0,0,129,0,0,339,0,0,0,881,1,0,235192,613,233869,41,4
W,0,6,0,6,6,4,0,0,0,31,291,5,4,1774,0,22,11,0,0,0,6,0,0,0,281,0,0,117,0,0,0,8,94,160,0,0,571,0,0,0,13,72,27,107,717,147,3993,513,1130,2211,4409,539,572,395,21,8,3,24,1,0,0,0,0,0,0,0,0,0,0,0,245130,0,0,0,0,0,0,0,0,0,0,0,809,0,0,0,0,19,0,0,0,7,286,0,0,0,0,0,0,0,0,0,0,0,2,0,0,0,0,0,0,14,1,0,0,0,0,616,0,0,0,0,0,0,21,0,0,0,1,0,0,0,0,0,158,13,1,0,0,0,0,43,7,1,0,0,0,0,0,0,0,0,0,59,0,0,0,0,45798,0,0,0,0,0,0,8,93,2840,107,990,15193,105,40,100,12,8,23,1,0,0,0,0,0,0,0,1704,261,351,618,142,5084,301,0,0,0,0,0,70,0,0,0,0,0,0,0,0,0,0,0,0,0,44,1,0,0,0,0,0,0,0,0,0,105,0,1,0,0,0,160,0,0,0,0,96,0,0,56,0,0,0,0,0,0,0,0,8,0,0,0,40,0,0,20,0,0,0,0,8,0,0,0,0,0,0,0,0,0,0,0,0,0,0,0,0,124,0,0,1,0,0,202,0,0,0,0,0,0,4,0,0,0,0,0,0,0,8,0,0,0,0,0,0,0,0,53,2,0,0,0,0,89,0,0,1,0,0,0,0,0,0,3,0,0,1,0,0,0,119,0,0,0,0,0,0,0,495,0,0,0,0,0,0,2247,0,0,0,0,0,0,0,0,78,0,0,0,47,16,7,74,92,0,0,0,0,0,5,0,38,0,0,0,0,0,0,0,0,0,0,67,0,0,0,0,0,0,3,0,0,0,0,0,0,0,0,0,0,0,0,0,0,0,1,0,0,0,0,0,0,0,0,0,66,0,0,6,1,0,0,0,0,1,0,0,0,46,631,4273,163,230,2295,7283,8575,8914,9205,9039,9428,8688,7250,5262,5464,3561,2785,2070,2815,1385,3154,374,378,173,80,21,57,2,3,1,0,0,0,0,1424,1450,215303,84,2,0,0,0,0,0,39,0,0,0,1,0,0,139,0,0,0,0,0,0,18,0,0,0,0,4,0,11
Y,0,0,1,2,0,4,0,0,0,100,0,0,7,579,0,0,39,0,0,0,67,0,0,0,0,0,0,30,0,0,0,109,0,5,9,152,196,0,0,0,3472,1254,565,247,16970,4280,13011,4763,52519,142009,13931,2124,4353,386,214,158,67,42,9,2,0,0,0,1,0,0,1,0,0,0,316,0,0,0,0,0,0,0,0,0,0,0,27939,3,0,0,0,38,0,0,0,0,26,0,0,0,0,0,0,0,0,0,0,0,326,0,0,0,0,0,0,3,0,0,0,0,0,3,0,1,0,0,0,0,55,1,0,0,1,0,0,0,0,0,97,2,0,0,0,0,0,357,1,1,1,1,0,0,0,0,0,0,0,29,0,1,0,0,703,1,0,0,0,0,0,21,148,3115,363,11638,1996,141,94,53,21,15,62,25,1,0,1,0,0,0,0,3959,2300,2619,5633,332,72306,223984,18,0,1,1,0,150,0,0,0,0,0,0,0,0,1,0,0,0,0,902,2,0,0,0,0,0,0,1,0,0,1015,0,0,0,0,0,49,10,0,0,0,38,0,0,0,0,0,1,0,0,0,0,0,36,0,0,2,10,0,0,597,0,0,0,0,110,0,0,0,0,0,0,0,0,0,27,0,2,0,0,0,0,1771,0,0,0,0,0,181,2,1,0,0,0,0,401,1,0,0,0,0,0,0,2837,4,0,0,0,0,0,0,0,358,1,1,0,0,0,147,3,0,0,1,0,0,0,0,0,715,0,0,5,0,2,0,62,1,8,1,0,0,0,0,101,117,0,0,0,0,0,204673,0,10,2,0,0,0,0,0,4,2,1,0,920,0,992,528,4,0,0,0,0,0,645,0,255,0,0,0,0,0,0,0,0,0,0,51,0,0,370,0,0,0,12,0,0,0,0,0,0,0,0,0,0,0,0,0,0,0,70,0,2,0,1,0,0,0,0,0,66,1,3,0,0,0,0,1,0,0,0,0,0,244815,206466,790,1343,767,3750,9641,14267,20770,20194,18290,15577,14096,16976,18285,17765,14785,17906,25205,18192,15630,9582,5035,3714,3203,990,3180,586,179,55,80,12,33,0,4,3622,133393,1727,23,1,2,2,3,0,31,9,20,2,4,0,0,0,0,0,0,2,0,0,0,17,0,0,1,18,1,314,4