Amino_acid,Pos1,Pos2,Pos3,Pos4,Pos5,Pos6,Pos6A,Pos6B,Pos7,Pos8,Pos9,Pos10,Pos11,Pos11A,Pos11B,Pos12,Pos12A,Pos13,Pos14,Pos14A,Pos14B,Pos14C,Pos15,Pos15A,Pos15B,Pos16,Pos16A,Pos16B,Pos16C,Pos17,Pos17A,Pos18,Pos19,Pos19A,Pos19B,Pos20,Pos20A,Pos20B,Pos20C,Pos20D,Pos20E,Pos20F,Pos21,Pos21A,Pos22,Pos22A,Pos22B,Pos22C,Pos22D,Pos22E,Pos22F,Pos23,Pos24,Pos25,Pos26,Pos27,Pos28,Pos29,Pos30,Pos31,Pos32,Pos33,Pos34,Pos35,Pos35A,Pos35B,Pos35C,Pos35D,Pos35E,Pos35F,Pos35G,Pos35H,Pos35I,Pos35J,Pos35K,Pos35L,Pos35M,Pos35N,Pos35O,Pos35P,Pos35Q,Pos35R,Pos36,Pos36A,Pos36B,Pos36C,Pos36D,Pos36E,Pos36F,Pos36G,Pos36H,Pos36I,Pos36J,Pos36K,Pos37,Pos37A,Pos37B,Pos37C,Pos37D,Pos38,Pos38A,Pos38B,Pos38C,Pos38D,Pos38E,Pos38F,Pos39,Pos39A,Pos39B,Pos39C,Pos39D,Pos39E,Pos39F,Pos39G,Pos39H,Pos39I,Pos39J,Pos40,Pos40A,Pos40B,Pos40C,Pos40D,Pos40E,Pos40F,Pos41,Pos41A,Pos41B,Pos41C,Pos41D,Pos41E,Pos42,Pos42A,Pos42B,Pos42C,Pos42D,Pos42E,Pos42F,Pos43,Pos43A,Pos43B,Pos43C,Pos43D,Pos43E,Pos43F,Pos43G,Pos43H,Pos43I,Pos43J,Pos43K,Pos43L,Pos43M,Pos44,Pos44A,Pos44B,Pos44C,Pos44D,Pos44E,Pos44F,Pos44G,Pos44H,Pos45,Pos45A,Pos45B,Pos45C,Pos45D,Pos45E,Pos45F,Pos45G,Pos45H,Pos45I,Pos45J,Pos45K,Pos46,Pos46A,Pos46B,Pos46C,Pos46D,Pos46E,Pos47,Pos47A,Pos47B,Pos47C,Pos47D,Pos47E,Pos47F,Pos47G,Pos47H,Pos47I,Pos48,Pos49,Pos50,Pos51,Pos52,Pos52A,Pos52B,Pos52C,Pos52D,Pos52E,Pos52F,Pos52G,Pos52H,Pos52I,Pos52J,Pos52K,Pos52L,Pos52M,Pos52N,Pos52O,Pos52P,Pos52Q,Pos53,Pos54,Pos55,Pos56,Pos57,Pos58,Pos59,Pos59A,Pos59B,Pos59C,Pos59D,Pos59E,Pos59F,Pos59G,Pos59H,Pos59I,Pos59J,Pos59K,Pos59L,Pos60,Pos60A,Pos60B,Pos60C,Pos60D,Pos60E,Pos61,Pos61A,Pos61B,Pos61C,Pos61D,Pos62,Pos62A,Pos62B,Pos62C,Pos62D,Pos62E,Pos62F,Pos63,Pos63A,Pos63B,Pos63C,Pos63D,Pos63E,Pos63F,Pos64,Pos64A,Pos64B,Pos64C,Pos64D,Pos64E,Pos64F,Pos64G,Pos64H,Pos64I,Pos65,Pos65A,Pos65B,Pos65C,Pos65D,Pos65E,Pos65F,Pos66,Pos66A,Pos66B,Pos66C,Pos67,Pos67A,Pos67B,Pos67C,Pos67D,Pos67E,Pos67F,Pos67G,Pos67H,Pos68,Pos68A,Pos68B,Pos68C,Pos68D,Pos68E,Pos68F,Pos68G,Pos68H,Pos69,Pos69A,Pos69B,Pos69C,Pos69D,Pos69E,Pos69F,Pos70,Pos70A,Pos70B,Pos70C,Pos70D,Pos70E,Pos70F,Pos70G,Pos71,Pos71A,Pos71B,Pos71C,Pos71D,Pos71E,Pos71F,Pos72,Pos72A,Pos72B,Pos72C,Pos72D,Pos72E,Pos72F,Pos72G,Pos72H,Pos72I,Pos73,Pos73A,Pos73B,Pos73C,Pos73D,Pos73E,Pos73F,Pos73G,Pos74,Pos74A,Pos74B,Pos74C,Pos74D,Pos74E,Pos74F,Pos74G,Pos74H,Pos75,Pos75A,Pos75B,Pos75C,Pos75D,Pos75E,Pos75F,Pos75G,Pos75H,Pos75I,Pos76,Pos76A,Pos76B,Pos76C,Pos76D,Pos76E,Pos76F,Pos76G,Pos76H,Pos76I,Pos76J,Pos77,Pos77A,Pos77B,Pos77C,Pos77D,Pos77E,Pos77F,Pos77G,Pos78,Pos78A,Pos78B,Pos78C,Pos78D,Pos79,Pos79A,Pos79B,Pos79C,Pos79D,Pos79E,Pos79F,Pos79G,Pos79H,Pos80,Pos80A,Pos80B,Pos80C,Pos81,Pos81A,Pos81B,Pos82,Pos82B,Pos82A,Pos82C,Pos82D,Pos82E,Pos82F,Pos83,Pos83A,Pos83B,Pos83C,Pos83D,Pos84,Pos84A,Pos85,Pos85A,Pos85B,Pos85C,Pos85D,Pos85E,Pos86,Pos86A,Pos86B,Pos86C,Pos87,Pos87A,Pos87B,Pos88,Pos88A,Pos88B,Pos88C,Pos88D,Pos88E,Pos88F,Pos88G,Pos88H,Pos88I,Pos88J,Pos88K,Pos89,Pos89A,Pos89B,Pos89C,Pos89D,Pos89E,Pos89F,Pos89G,Pos89H,Pos89I,Pos89J,Pos89K,Pos89L,Pos89M,Pos89N,Pos89O,Pos90,Pos91,Pos92,Pos93,Pos94,Pos95,Pos96,Pos97,Pos98,Pos99,Pos100,Pos100A,Pos100B,Pos100C,Pos100D,Pos100E,Pos100F,Pos100G,Pos100H,Pos100I,Pos100J,Pos100K,Pos100L,Pos100M,Pos100N,Pos100O,Pos100P,Pos100Q,Pos100R,Pos100S,Pos100T,Pos100U,Pos100V,Pos100W,Pos100X,Pos101,Pos102,Pos103,Pos104,Pos104A,Pos104B,Pos104C,Pos104D,Pos104E,Pos104F,Pos105,Pos105A,Pos105B,Pos105C,Pos105D,Pos105E,Pos105F,Pos106,Pos106A,Pos106B,Pos107,Pos107A,Pos107B,Pos107C,Pos108,Pos108A,Pos109,Pos109A,Pos109B,Pos110,Pos111,Pos112,Pos113
*,411061,19200,6703,4826,3794,3379,499828,499981,3005,2806,2776,2908,2514,499979,499982,2196,499980,2085,1967,499938,499939,499941,1314,499982,499982,1297,499982,499982,499982,1015,499982,901,842,499982,499982,744,499981,499981,499982,499982,499982,499982,639,499982,585,499836,499908,499975,499980,499982,499982,12,13,33,86,188,244,289,323,417,767,4102,7975,25288,481514,489727,495051,497371,498664,499204,499638,499777,499924,499971,499974,499975,499981,499981,499982,499982,499982,499982,34,499974,499980,499981,499981,499981,499981,499981,499982,499982,499982,499982,29,499942,499976,499981,499981,34,499908,499960,499960,499969,499982,499982,89,499915,499966,499972,499974,499975,499976,499979,499980,499980,499981,93,499875,499950,499962,499972,499973,499981,163,499774,499946,499958,499968,499969,145,499639,499930,499946,499970,499978,499979,221,499641,499780,499787,499912,499934,499945,499961,499966,499972,499982,499982,499982,499982,292,497256,498425,498482,499820,499979,499981,499982,499982,396,499572,499684,499793,499950,499973,499975,499978,499978,499982,499982,499982,240,499827,499875,499908,499958,499979,327,499863,499886,499901,499959,499976,499977,499981,499981,499981,296,99,519,1105,5692,105955,480703,487275,493191,496199,498258,498749,499591,499722,499848,499882,499955,499976,499979,499981,499982,499982,93,55,13,6,2,387,141,499718,499891,499955,499972,499975,499982,499982,499982,499982,499982,499982,499982,100,499755,499923,499971,499976,499976,104,499898,499935,499979,499979,128,499889,499905,499963,499966,499979,499982,159,499946,499949,499951,499982,499982,499982,86,498736,499643,499686,499692,499973,499975,499975,499981,499982,52,499952,499953,499953,499982,499982,499982,14,499982,499982,499982,9,499979,499979,499982,499982,499982,499982,499982,499982,7,499963,499963,499980,499982,499982,499982,499982,499982,23,499892,499893,499921,499930,499939,499982,29,499824,499838,499906,499939,499951,499980,499981,34,499777,499807,499867,499961,499970,499981,492,499806,499831,499894,499948,499964,499975,499977,499980,499982,1835,499670,499747,499907,499936,499955,499962,499977,2829,499298,499776,499853,499892,499969,499975,499976,499981,1641,499794,499857,499917,499944,499962,499966,499980,499982,499982,1564,499435,499469,499854,499955,499968,499977,499981,499981,499981,499982,604,499409,499613,499924,499977,499979,499980,499981,176,499518,499549,499825,499982,98,499896,499931,499970,499981,499982,499982,499982,499982,25,499949,499950,499980,14,499982,499982,6,21,12,26,499977,499977,499982,10,499979,499982,499982,499982,7,499966,12,499980,499982,499982,499982,499982,14,499981,499982,499982,18,499982,499982,24,499966,499975,499975,499975,499976,499979,499980,499980,499980,499981,499981,42,499880,499951,499955,499955,499955,499956,499960,499967,499971,499976,499979,499981,499981,499982,499982,57,1956,1909,1890,1891,15276,17631,19131,39360,42826,49962,59590,70950,86536,106081,131240,158064,190354,235391,303585,354746,401315,434417,457047,470226,483090,487038,494981,497665,499045,499493,499846,499885,499948,499978,14749,12772,16696,16661,499592,499845,499865,499872,499878,499882,16662,499829,499883,499926,499930,499930,499932,16951,499980,499982,19484,499976,499980,499981,23135,499980,23196,499982,499982,23830,25127,42991,147587
A,0,357,17,5,521,1195,0,0,742,234,244,10084,2306,0,0,16710,3,333,126311,0,0,0,412,0,0,3639,0,0,1,3968,0,572,421,0,0,50,1,0,0,0,1,0,17740,0,22,1,18,1,0,0,0,276521,368584,7428,6553,9192,21061,10761,16592,12742,13929,195313,10180,71847,3063,1194,784,598,87,299,34,58,5,1,0,1,0,0,0,0,0,0,18,0,0,0,1,0,0,0,0,0,0,0,5575,0,0,0,0,84,0,3,0,0,0,0,479,5,1,0,0,0,0,0,0,0,2,408253,28,0,1,1,0,1,4844,23,2,0,0,9,1172,11,5,4,2,0,0,4305,42,9,45,5,3,5,0,6,0,0,0,0,0,14505,0,1167,2,0,0,0,1,0,346,13,2,0,1,0,0,0,0,1,1,0,3050,13,5,3,0,0,25040,6,7,1,0,0,0,0,0,0,2528,219266,73142,3178,20883,25006,610,490,247,127,105,36,6,40,6,2,13,0,1,0,0,0,28965,17098,25987,22417,25435,9925,619,10,1,0,0,0,0,0,0,0,0,0,0,336756,8,5,0,0,0,13569,4,0,0,0,17648,3,1,1,0,0,0,22385,0,0,0,0,0,0,2349,16,21,8,25,0,0,1,0,0,3318,0,2,0,0,0,0,14,0,1,0,1478,0,0,1,0,0,0,0,0,22118,0,1,0,0,0,0,0,0,5165,3,0,1,1,0,0,11131,3,7,0,13,0,1,0,2229,10,1,83,1,0,0,4826,1,34,1,4,0,1,0,0,0,4501,87,1,0,2,0,2,0,373888,87,15,62,6,0,1,1,0,5914,19,34,3,2,4,1,0,0,1,2889,77,252,4,1,0,0,0,1,0,0,14889,42,3,0,0,0,0,0,31449,1,2,147,0,5668,0,3,0,0,0,0,0,0,22,1,0,0,957,0,0,341,4654,2154,1272,0,0,0,1918,0,0,1,0,13638,0,5162,0,0,0,0,0,4673,0,0,0,9286,0,0,421357,1,0,0,0,4,3,0,0,0,0,0,3876,0,1,0,17,19,5,2,2,0,0,0,0,0,0,0,57,811,184,386230,291364,44218,27890,25074,23164,25047,23097,25654,34219,23853,22268,26455,29953,21427,13769,10427,7485,3995,4286,1431,1013,614,325,101,57,20,12,6,2,0,0,25369,13937,449,3408,34,0,1,0,2,0,601,2,2,0,0,0,0,496,0,0,7827,0,0,0,670,0,1390,0,0,8929,1895,10521,30421
C,0,4,1,0,2,0,1,0,122,63,17,197,45,0,0,22,0,8,21,0,0,0,39,0,0,47,0,0,0,213,0,20,41,0,0,9,0,1,0,0,0,0,156,0,492598,0,43,0,0,0,0,41,268,589,157,1310,475,1222,2817,2519,5545,40603,2185,3256,711,397,133,75,29,13,41,1,0,6,0,1,0,0,0,0,0,0,1863,4,0,0,0,0,0,0,0,0,0,0,1295,2,0,0,0,1064,0,0,0,2,0,0,7,0,0,0,0,0,0,0,0,0,0,404,0,0,0,0,0,0,14,0,0,0,0,0,26,0,0,0,0,0,0,2,0,0,1,0,0,0,0,0,0,0,0,0,0,37,0,0,0,0,0,0,0,1,6920,0,0,2,0,0,0,0,0,0,0,0,8,1,0,0,1,0,1521,0,0,0,0,0,0,0,0,0,138,503,217515,452,1729,814,33,15,34,3,10,7,0,0,0,0,0,0,0,0,0,0,1178,664,620,465,28,641,1125,0,0,1,0,0,0,0,0,0,0,0,0,75,0,0,0,0,0,41,0,0,0,0,368,0,0,0,0,0,0,30,0,0,0,0,0,0,1,0,0,3,0,0,0,0,0,0,662,0,0,0,0,0,0,82,0,0,0,1391,0,0,0,0,0,0,0,0,23,0,0,0,0,0,0,0,0,307,0,0,0,0,0,0,309,0,0,0,0,0,0,0,80,0,0,0,0,0,0,14,0,0,0,0,0,0,0,0,0,45,1,0,0,0,0,0,0,60,0,0,0,0,0,0,0,0,7,0,0,0,0,0,0,0,0,0,47,0,0,0,0,0,0,0,0,0,0,7,0,0,0,0,0,0,0,210,0,0,0,0,922,0,0,0,0,0,0,0,0,14,0,0,0,12,0,0,11,347,49,9,0,0,0,30,0,0,0,1,630,0,17,0,0,0,0,0,24,0,0,0,12,0,0,149,0,0,0,1,0,0,0,1,0,0,1,122,11,1,1,0,0,0,0,0,0,0,0,0,0,0,0,909,3394,470590,501,463,2345,7546,6046,21139,28537,34673,27335,39273,35919,24054,16639,10286,5953,9453,2434,1727,870,439,953,84,109,68,22,80,4,2,3,0,0,0,1494,3200,2078,1916,2,0,0,1,1,0,29,1,0,2,0,0,0,50,0,0,5,0,0,0,3,0,9,0,0,3,7,206,1
D,15152,0,0,0,5,701,0,0,6,27,16,13765,40,0,0,6,0,482,652,0,0,0,123,0,0,8194,0,0,0,84,0,2,61,0,0,2,0,0,0,0,0,0,338,0,3,1,0,0,0,0,1,1525,3173,1186,5198,19203,7099,8796,141519,50791,10322,22601,1078,3199,318,116,125,108,82,4,0,2,1,1,0,0,0,0,0,0,0,0,6,0,0,0,1,1,0,0,0,1,0,0,980,0,0,0,0,7,0,0,0,0,0,0,205,3,0,2,1,0,0,0,0,0,0,1722,1,3,1,0,0,1,158,7,1,0,0,0,1569,6,4,0,1,0,0,673,21,0,4,7,10,0,0,0,0,0,0,0,0,11338,15,8,255,4,0,0,0,0,268,36,40,0,0,0,0,0,0,0,0,1,8414,10,2,2,0,0,860,4,21,0,0,0,0,0,0,0,493,129,22736,754,40528,7680,1713,1243,736,92,25,31,21,5,45,1,4,0,0,0,0,0,32387,83792,48342,23802,1365,35072,3953,35,78,1,1,0,0,0,0,0,1,1,1,15083,58,6,1,0,1,414471,32,6,4,0,3240,30,6,11,0,0,0,1033,2,31,0,1,0,0,1680,13,1,0,0,1,0,0,1,0,15260,0,0,28,0,0,0,3,0,0,0,16,0,0,0,0,0,0,1,0,427,0,1,0,0,0,0,0,0,279,0,0,7,1,0,0,679,0,31,1,3,0,0,0,104,12,3,1,0,0,0,456588,22,13,39,11,10,0,4,2,0,31068,68,20,28,7,16,1,2,18340,66,8,11,1,4,0,3,0,6738,14,9,11,4,0,0,0,0,0,20020,8,12,4,0,0,1,0,0,0,0,61,2,2,0,0,1,0,0,159,0,0,0,0,14315,9,4,0,1,0,0,0,0,0,1,0,0,2405,0,0,4,34971,49188,3,1,0,0,1678,0,1,0,0,1972,15,35137,0,0,0,0,1,483923,0,0,0,57,0,0,3226,3,2,2,0,0,0,3,0,0,0,0,3294,51,6,1,1,2,3,2,1,1,0,0,0,0,0,0,3082,2350,80,1664,3215,120535,23241,24828,16783,23864,30674,21217,30576,24395,22892,20838,26045,25236,21215,17873,12509,7357,4565,2411,6535,3110,1213,794,754,39,11,6,2,1,0,222001,15632,70,1718,10,4,0,2,85,0,559,3,1,0,1,0,0,45,0,0,82,0,0,0,20,0,570,0,0,79,273,256,9
E,1352,237,118,1,391,492761,0,0,37,346,633,1273,2155,0,0,798,0,9975,299,0,0,0,943,0,0,33355,0,0,0,8,0,18,765,0,0,1,0,0,0,0,0,0,43,0,2,12,0,0,1,0,0,20261,355,517,14734,1868,1479,4397,31218,5909,2728,3320,942,658,96,144,17,6,0,0,0,0,1,0,1,0,0,0,0,0,0,0,2,0,0,0,0,0,0,0,1,0,1,0,30,0,0,0,0,1,0,0,0,0,0,0,3750,3,0,2,0,2,0,1,1,0,0,385,0,9,6,8,0,0,401,3,0,14,0,1,4136,12,19,1,1,0,0,9958,138,1,92,5,0,1,0,3,0,0,0,0,0,329525,227,171,1204,154,2,1,0,0,296,141,109,23,3,1,0,4,0,0,0,0,466296,47,29,32,17,3,12139,25,27,17,6,1,0,0,2,0,374,1049,3717,307,11818,6112,259,152,143,85,156,9,1,7,3,0,0,0,0,0,0,1,4524,8081,16344,6155,5053,10027,303,1,1,0,3,0,0,0,0,0,0,0,0,9372,13,1,0,0,0,24221,1,0,0,0,134,10,1,0,0,0,0,1629,0,0,31,0,0,0,21824,139,24,0,76,0,0,0,0,0,963,0,25,0,0,0,0,10,1,0,0,2,0,0,0,0,0,0,0,0,51,0,0,0,0,0,0,0,0,11,0,0,2,0,0,0,265,2,11,1,1,1,0,0,2011,12,0,1,4,2,1,7931,1,0,0,0,0,0,0,0,0,1283,1,2,2,0,3,0,0,3934,45,4,0,0,0,0,0,0,27606,16,0,0,6,2,8,1,0,0,1728,4,4,1,1,0,0,0,0,0,0,2064,1,0,0,0,0,0,0,1720,1,0,0,0,901,0,0,0,0,0,0,0,0,9,0,0,0,33425,0,0,17,1235,4166,62,0,0,0,36823,0,0,0,0,761,0,441727,0,0,0,0,0,5884,0,0,0,250,0,0,152,0,0,0,0,0,0,0,0,0,1,0,2018,3,0,1,3,0,8,3,0,2,0,0,0,0,0,0,120,222,19,4791,6597,36940,19507,19705,10202,9616,10228,13711,16424,15650,19275,17772,17917,29401,21628,16598,10572,7917,3717,3189,1337,4679,497,243,80,231,29,1,20,2,0,37218,2646,1200,152,2,1,1,1,0,0,9142,5,45,0,1,0,0,1877,0,1,11,0,0,0,2662,1,66,0,0,1,5,5,9
F,0,193,0,421,7,0,0,0,297,7,4,48,3349,0,0,113,0,1,641,0,0,0,19,0,0,24,0,0,0,1056,0,43,3,0,0,505,0,0,0,0,0,0,668,0,1359,0,0,0,0,0,0,421,3520,2354,863,240196,6832,177925,2376,11900,28629,6199,3733,1083,426,204,95,4,0,1,0,0,0,0,0,1,0,1,0,0,0,0,551,2,0,0,0,0,0,0,0,0,0,0,336757,3,0,0,0,79,0,0,0,0,1,0,17,1,0,0,2,0,0,0,0,0,0,822,1,0,1,0,0,0,18,0,0,0,0,0,8,0,0,0,0,0,0,71,5,0,0,2,0,0,0,0,0,0,0,0,1,31,0,6,0,0,0,0,0,0,2600,0,0,0,0,0,0,0,0,0,0,0,28,0,0,0,0,0,47797,0,0,0,0,0,0,0,0,0,1752,367,6002,8002,3152,3614,92,282,87,38,11,15,70,4,4,0,1,0,0,0,0,0,4251,2761,2206,5451,994,14874,5523,1,0,0,0,0,0,0,1,0,0,0,0,665,0,0,0,1,0,325,0,1,0,0,14423,0,0,0,0,1,0,574,0,0,0,0,0,0,53,3,0,8,0,0,0,0,0,0,36,0,0,0,0,0,0,1,0,0,0,481434,0,0,0,0,0,0,0,0,1430,0,0,0,0,0,0,0,0,1959,6,0,42,0,42,0,4027,1,14,0,12,0,0,0,250,3,2,3,0,0,0,128,0,2,1,0,1,0,0,0,0,820,2,0,3,0,0,0,0,1289,1,1,0,1,0,0,0,1,85,0,0,0,0,0,0,0,0,0,146,0,0,0,0,0,0,0,0,0,0,125,1,6,0,0,0,0,0,1938,0,0,0,0,20326,0,0,1,0,0,0,0,0,417,0,0,0,73,0,0,91,168,193,135,0,0,0,1304,2,0,0,0,9742,0,5,0,0,0,0,0,2,0,0,0,2,0,0,45,0,2,2,1,0,0,0,0,0,0,0,2404,0,1,1,0,0,1,0,0,0,0,1,0,0,0,0,1698,29035,1165,667,1452,3290,14751,16105,15816,13968,11773,9730,9567,12902,15804,12545,17320,14303,12669,11252,10581,5568,4674,2686,1603,1035,397,408,118,160,139,18,9,20,1,2994,18727,4061,6,1,1,0,0,0,0,40,0,0,21,0,0,0,2,0,0,25,0,0,0,4,0,408,0,0,211,691,693,1
G,0,26470,1,5,683,1033,66,2,189,494762,494802,465687,297,0,0,2485,0,145,833,0,0,0,494912,1,0,442016,0,0,0,107,0,24,3119,0,0,19,0,1,0,0,0,0,108,0,1647,8,8,0,0,0,0,3457,14537,3006,430583,15010,7100,5310,37939,25322,8902,27058,15283,272546,5473,3412,1636,636,440,223,104,86,42,2,0,5,0,1,0,0,0,1,3142,0,0,0,0,0,1,0,0,0,0,1,696,0,2,2,2,664,14,13,13,1,0,0,271,3,2,5,0,1,0,0,2,0,0,15464,18,7,0,0,0,0,213,50,0,1,0,0,487573,238,2,8,7,1,3,2809,0,7,12,25,13,5,1,8,0,1,0,0,0,96575,12,8,10,1,1,0,0,0,2820,16,21,9,3,0,1,0,0,0,0,0,9613,67,8,0,3,0,237744,11,11,54,15,1,6,0,0,0,5620,10179,30848,433,22767,25419,3441,3570,1629,417,138,403,2,74,2,0,1,2,1,0,0,0,89015,293144,261084,20473,1584,5374,134,50,1,0,0,0,0,0,0,0,0,0,0,16557,23,0,1,0,6,9909,3,4,0,0,691,2,0,4,4,0,0,7206,0,1,0,0,0,0,1606,279,15,1,23,0,0,0,1,0,473804,0,1,0,0,0,0,965,0,0,1,94,0,0,0,0,0,0,0,0,350,0,0,0,0,1,0,0,0,745,0,1,0,0,1,0,543,1,7,3,2,0,1,0,7316,28,3,4,1,1,0,7126,5,25,9,5,1,2,0,0,0,4480,10,10,3,1,0,0,0,17219,25,19,3,4,4,1,1,0,4809,1,6,5,4,1,4,0,0,0,6896,6,9,4,1,0,0,0,0,0,0,288,9,2,2,0,0,0,0,6620,2,10,1,0,231,4,1,0,0,0,0,0,0,19,0,0,0,611,0,0,84,20238,1658,47,1,1,0,1998,0,0,0,0,206,1,10232,1,0,1,0,0,2084,0,0,0,215,0,1,69249,5,0,0,2,1,0,0,0,1,0,0,2677,0,0,10,1,1,2,1,4,3,1,1,0,1,0,0,28,280,10542,12697,13710,66539,49608,84458,63845,58063,61931,46388,46762,37341,35657,29457,27985,30182,21917,14150,11310,7742,4077,4680,2234,1039,590,391,238,36,52,0,1,0,0,59496,3890,5717,470935,124,5,4,0,7,9,961,17,6,0,3,50,4,478767,3,0,437,0,2,0,79,0,679,0,0,36,825,108,15
H,19158,0,350,177,0,4,0,0,0,0,0,67,50,0,0,3,0,6374,328,0,0,0,1,0,0,46,0,0,0,84,0,60,81,0,0,386,0,0,0,0,0,0,58,0,1,0,0,0,0,0,0,177,833,3951,241,4999,1559,3334,8784,13477,18563,18485,496,3093,156,125,20,73,1,36,0,0,1,0,0,0,0,0,0,0,0,0,0,0,0,1,0,0,0,0,0,0,0,0,2354,1,2,0,0,2878,18,0,0,0,0,0,3232,0,0,0,0,0,2,0,0,0,0,224,0,0,0,0,0,0,176,4,0,0,0,0,34,0,0,0,0,0,0,376,1,9,0,2,0,0,0,0,0,0,0,0,0,382,69,1,1,0,0,0,0,0,3103,1,0,1,0,0,0,0,0,0,0,0,96,0,13,1,0,0,181,7,0,0,0,0,0,0,0,0,30,43,3544,838,6707,4070,118,226,28,47,5,19,2,2,0,0,0,0,0,0,0,0,3994,4891,4444,5713,377,17264,6648,6,0,0,0,0,0,1,0,0,0,0,0,1487,1,0,0,0,0,3593,2,0,0,0,564,0,49,0,0,0,0,16,0,0,0,0,0,0,88,0,1,0,0,0,0,0,0,0,84,0,0,0,0,0,0,125,0,0,0,99,0,0,0,0,0,0,0,0,341,0,0,0,0,0,0,0,0,131,0,5,3,0,0,0,767,26,1,4,1,0,0,0,3035,3,5,1,3,0,0,1616,8,0,1,0,0,0,0,0,0,7833,2,43,0,0,0,0,0,1326,2,0,3,1,0,0,0,0,423,3,2,0,1,0,0,0,0,0,3793,3,5,0,0,4,0,0,0,0,0,76,0,10,0,0,0,0,0,434,0,5,0,0,8370,27,1,6,0,0,0,0,0,294,4,0,0,7321,0,0,4,1288,7179,102,0,0,0,1250,1,0,0,0,2866,0,89,0,0,0,0,0,558,0,0,0,71,0,0,27,0,0,0,0,0,0,0,0,0,0,0,2578,2,0,0,0,0,2,0,0,0,1,0,0,0,0,0,1175,6790,20,2688,1186,5983,8846,6459,6523,6401,5952,8286,8626,6259,7742,4736,4362,4648,3681,2392,1908,1505,940,861,455,139,41,63,8,28,3,44,1,2,0,8517,19312,343,179,8,5,0,0,0,0,3710,1,1,12,6,0,0,2,0,0,146,0,0,0,1566,0,16,0,0,78,0,101,4
I,0,6,0,300,9,0,0,0,55,0,0,13,183,0,0,283,0,2,1182,0,0,0,0,0,0,6,0,0,0,60,0,123,1624,0,0,2417,0,0,0,1,0,0,95,0,1,2,0,0,0,0,0,7442,15073,438,793,11127,48612,10225,6739,33097,4101,18541,168012,4587,1632,833,346,222,158,76,32,0,0,0,0,0,0,0,0,0,0,0,23,0,0,0,0,0,0,0,0,0,0,0,5183,2,0,0,0,79,0,6,0,0,0,0,9,2,0,0,1,0,0,0,0,0,0,2657,1,3,0,0,0,0,316,2,3,2,0,2,6,3,0,0,0,2,0,161,1,3,0,0,0,0,1,0,0,0,0,0,0,79,0,0,0,0,0,0,0,0,832,0,0,0,0,0,0,0,0,0,0,0,302,0,0,0,0,0,1935,0,0,0,0,0,0,0,0,0,52469,902,4268,410431,11469,7232,1101,408,117,281,35,28,19,3,1,5,0,0,0,0,1,0,8317,6964,6021,27654,31099,8283,2079,3,1,1,0,0,0,0,0,0,0,0,0,3735,25,22,0,0,0,272,0,2,0,0,176,0,0,0,0,0,0,2065,0,0,0,0,0,0,353,24,0,3,0,6,0,0,0,0,4,0,0,0,1,0,0,8,0,0,0,1459,1,1,0,0,0,0,0,0,8485,8,0,0,0,0,0,1,0,403601,2,7,4,1,0,1,486,1,1,3,4,0,0,0,2243,3,3,5,1,0,0,174,6,2,0,2,0,0,0,0,0,5208,14,1,0,1,0,0,0,1683,6,3,0,6,0,0,0,0,575,3,3,1,0,0,0,1,0,0,1061,8,24,3,4,0,0,1,0,0,0,8498,142,2,4,0,0,0,0,9344,4,0,0,0,1362,0,0,0,0,0,0,0,0,574,0,1,0,222,0,0,15784,1553,2407,312,0,0,0,2040,1,0,0,0,2677,0,17,0,0,0,0,0,7,0,0,0,299,0,0,11,0,0,0,0,0,1,0,0,0,0,0,29002,0,1,0,0,0,0,0,0,0,0,1,0,0,0,0,50,5536,28,1009,6394,6288,11946,14476,20417,14202,10366,11400,8159,8206,11127,11333,5385,8424,5302,4887,2868,2407,833,411,292,86,145,44,5,15,7,3,3,2,0,3124,7979,175,5,0,0,0,4,1,0,70,0,0,0,0,0,0,6,0,0,13133,0,0,0,21,0,2513,0,0,7050,2478,3,9
K,0,0,377,0,3,257,0,0,20,35,6,120,367,0,0,23,0,3084,15,0,0,0,3,0,0,647,0,0,0,4,0,67,24659,0,0,0,0,0,0,0,0,0,7,0,0,0,0,0,0,0,0,4924,58,133,2093,2303,2312,1096,5821,5202,3972,1005,1269,1123,46,21,145,40,2,0,1,2,0,0,0,0,0,0,0,0,0,0,2,0,0,0,0,0,0,1,0,0,0,0,16,0,0,0,0,32,0,0,0,0,0,0,1237,1,0,0,2,0,0,0,0,0,0,114,0,0,1,1,0,0,115,8,0,0,0,0,120,3,0,0,0,0,0,435736,33,1,11,2,5,11,1,0,10,0,0,0,0,5865,679,118,12,1,1,0,0,0,204,64,1,1,0,0,0,0,0,0,0,0,2939,1,4,0,0,0,2142,1,9,2,0,4,0,0,0,0,16,16,1012,385,4220,7792,287,149,47,18,67,0,1,1,0,0,0,2,0,0,0,0,7278,1307,4136,12738,14729,22156,144,3,1,0,0,0,0,0,0,0,0,0,0,3137,18,0,0,0,0,1118,0,0,0,0,69,1,0,0,0,0,0,250,0,0,0,0,0,0,405036,183,1,1,2,1,0,1,0,0,886,0,0,0,0,0,0,24,0,0,0,1,0,0,0,0,0,0,0,0,312,0,0,1,0,0,0,0,0,64,0,2,0,1,0,0,50,15,0,1,0,1,0,0,33591,0,14,0,2,1,0,142,12,2,10,1,0,1,0,1,0,14580,5,32,5,6,2,0,0,324,232,17,2,1,0,0,0,0,396985,21,4,9,3,0,2,0,1,0,25302,18,6,65,3,4,0,0,0,0,0,3372,0,10,0,0,0,0,0,211,0,1,0,0,252,0,0,0,0,0,0,0,0,16,0,0,0,7363,0,1,1733,4133,13364,21,0,0,0,369264,0,0,0,0,25,0,1190,0,0,0,0,0,55,0,0,0,1742,0,0,1,1,0,0,0,0,0,0,0,0,0,0,2553,1,0,0,0,1,0,0,0,0,0,0,0,0,0,0,24,178,9,3874,30537,13180,10828,6882,5522,5799,3471,6468,6154,5329,8410,5071,9093,3622,2735,3288,1999,1315,3145,706,753,272,50,165,11,5,2,1,0,0,0,6738,1089,957,13,7,0,2,0,0,0,58085,1,0,0,0,1,0,8,0,0,199,0,0,0,3499,0,0,0,0,44,0,0,1
L,15,143094,208,492671,400,1,0,0,181,3,7,23,371023,0,0,649,0,1886,878,2,42,0,27,0,0,13,0,0,0,214,0,485079,515,0,0,485955,0,0,0,0,0,1,301,0,171,3,0,0,0,0,0,11705,2538,754,1370,26720,14175,164055,3198,8726,9996,3625,22281,1621,807,225,190,107,79,10,35,1,0,0,0,0,0,0,1,1,1,0,1291,2,0,1,0,0,0,0,0,0,0,0,6994,0,1,0,0,1689,1,0,0,0,0,0,7053,1,1,0,0,0,0,1,0,0,0,1273,15,0,0,0,0,0,3064,21,2,0,0,0,83,6,1,0,0,0,0,905,11,0,2,0,1,0,0,0,1,0,0,0,0,871,3,9,0,0,0,0,0,0,72754,12,4,0,0,0,0,0,0,0,0,0,332,0,0,0,0,0,46703,10,0,0,0,1,0,2,0,0,21535,5298,4327,23287,2592,5655,739,201,171,59,45,135,2,0,38,2,1,0,0,0,0,0,5198,3468,4645,9431,5372,6986,9750,66,7,0,0,0,1,0,0,1,0,0,0,10269,17,0,0,0,0,337,0,0,0,0,957,0,0,0,0,1,0,7497,1,2,0,0,0,0,1641,10,4,5,1,0,0,1,0,0,20,0,1,0,0,0,0,743,0,0,0,4111,0,0,0,0,0,0,0,1,396,1,0,0,0,0,0,0,0,6871,0,45,0,0,0,0,688,63,1,1,0,0,0,0,9551,3,6,1,1,0,0,951,5,2,4,1,0,1,0,0,1,1248,0,1,1,0,2,0,0,8314,0,3,0,4,3,1,0,0,1966,16,2,5,1,0,0,0,0,0,503,8,21,0,4,0,0,0,0,0,0,2654,26,0,7,0,0,0,0,101997,4,96,1,0,2631,28,2,0,0,0,0,1,0,486196,4,10,1,5475,1,0,22474,331,457,476879,0,5,0,1346,0,0,0,0,7449,0,69,0,0,0,1,0,4,1,0,0,83,0,0,19,1,0,0,1,0,0,0,0,1,0,1,34759,2,2,0,1,0,0,1,1,0,1,0,0,0,0,0,68,2700,297,1720,9598,10830,35099,25093,29798,32248,23669,29111,20724,36581,30540,43368,22660,14552,13020,9331,11205,4052,2873,1831,3174,515,360,326,66,88,2,5,0,2,0,6334,7777,3638,21,2,3,1,0,0,0,2277,2,0,2,0,1,0,5,0,0,274,1,0,0,51763,2,486,0,0,138,114,30,8
M,3,294,2,122,455,0,0,0,60,0,0,10,1989,0,0,827,0,60,4,0,0,0,0,0,0,114,0,0,0,6,0,1095,419,0,0,26,0,0,0,0,0,0,6,0,0,0,0,0,0,0,0,179,656,74,177,1153,4998,5150,1720,6211,3626,3702,204271,3546,1762,1102,545,171,112,51,57,40,2,0,6,0,0,0,0,0,0,0,6,0,0,0,0,0,0,0,0,0,0,0,36,0,0,0,0,2,0,0,0,0,0,0,99,0,0,0,0,0,0,0,0,0,0,34,0,0,0,0,0,0,12,0,2,0,0,0,94,2,0,0,0,0,0,2872,0,0,0,0,7,0,0,0,0,0,0,0,0,352,1,30,0,0,0,0,0,0,115,1,1,1,0,0,0,0,0,0,0,0,153,0,0,0,0,1,2692,0,0,0,0,0,0,0,0,0,1119,51,910,10635,2789,2670,139,17,106,16,6,6,9,0,0,0,0,0,0,0,0,0,2018,743,1233,6445,1909,3365,843,0,0,0,0,0,0,0,0,0,0,0,0,386,7,0,0,0,0,121,0,4,0,0,4,0,0,0,0,0,0,9950,0,0,0,0,0,0,3042,48,2,101,0,0,0,1,0,0,0,29,0,0,0,0,0,2,0,0,0,26,0,0,0,0,0,0,0,0,123,0,0,0,1,0,0,0,0,7282,0,14,0,0,0,0,3,3,0,0,0,0,0,0,843,0,0,0,0,0,0,16,5,1,4,0,0,0,0,0,0,905,6,0,0,0,1,0,0,98,3,53,0,0,0,0,0,1,1859,7,0,1,0,0,0,0,0,0,517,236,2,0,2,0,0,0,0,0,0,33462,4,174,9,0,0,0,0,15829,9,5,1,0,145,2,0,0,0,0,0,0,0,1723,0,0,0,491,0,0,448932,1517,175,2710,0,0,1,873,0,0,0,0,85,0,72,0,0,0,0,0,3,0,0,0,2266,0,0,2,0,0,0,0,0,0,0,0,0,0,0,57567,0,0,0,0,0,0,0,0,0,0,0,0,0,0,0,2,255,9,740,1276,2891,5871,4299,5773,4648,5795,8297,6428,11794,11280,7661,9690,9990,10032,7177,4264,5962,3467,1636,1744,655,587,316,220,62,12,0,2,2,0,1359,513,330,8,0,0,0,0,0,0,97,0,0,0,0,0,0,1,0,0,151,0,0,0,450,0,8,1,0,43,8,0,1
N,0,0,2,1,1,2,0,0,8,1,2,2216,18,0,0,1,0,456,321,0,0,0,2,0,0,1132,0,0,0,225,0,0,7436,0,0,3,0,0,0,0,0,0,164,0,0,0,0,5,0,0,0,349,496,1178,678,9379,12553,3835,26242,43166,39129,9058,1699,11685,253,258,138,34,5,4,2,0,0,1,1,0,0,0,0,0,0,0,0,0,0,0,0,0,0,0,0,0,0,0,366,0,0,0,0,3,0,0,0,0,0,0,25,0,0,0,0,0,0,0,0,0,0,413,0,5,7,0,1,0,26,4,13,0,0,0,126,9,2,0,0,0,0,8222,8,0,1,0,0,1,0,0,0,0,0,0,0,1018,37,5,7,1,0,0,0,0,356,2,0,0,0,2,0,0,0,0,0,0,210,0,0,0,0,0,117,0,1,0,0,0,0,0,0,0,120,122,2919,1295,50732,30852,981,321,187,149,75,113,6,6,2,2,1,0,0,0,0,0,29020,8885,9957,44006,1175,105410,2600,1,2,0,0,0,0,0,0,0,0,0,0,1013,0,0,0,0,0,13675,3,1,0,0,603,36,9,0,0,0,0,31,1,0,0,0,0,0,4701,5,0,0,0,1,0,0,0,0,681,0,0,0,0,0,0,1,0,0,0,22,0,0,0,0,0,1,0,0,3716,1,0,0,0,0,0,0,0,1966,0,0,0,8,0,0,297,0,3,18,0,0,1,0,861,8,111,0,0,3,0,14557,15,5,3,3,0,0,0,0,0,372906,16,89,14,12,1,13,0,9685,122,25,7,57,0,5,1,0,15425,55,18,10,9,0,0,0,0,0,397372,13,81,10,0,1,0,1,0,1,0,593,4,4,1,0,0,0,0,216,3,0,0,0,5680,1,0,1,1,0,0,0,1,3,1,0,0,480,0,0,118,89403,371855,7,0,0,0,15893,0,0,0,0,340,0,1423,0,0,0,0,0,1071,0,0,0,456,0,0,176,1,0,0,0,0,0,0,0,0,0,0,4107,11,0,0,0,0,0,1,0,0,1,0,0,0,0,1,817,1143,74,29033,3529,8676,8138,11171,8417,13845,15999,19298,8429,9322,7719,11679,10711,10834,5427,4767,3028,1598,1469,402,581,265,190,40,36,3,4,1,2,1,0,33645,18558,39,128,6,0,2,0,0,0,2346,0,0,0,0,0,0,2,0,0,1689,1,0,0,55,0,3,0,0,5723,4,20,64
P,0,2,764,724,0,2,0,0,471,3,627,20,2230,0,0,42,0,3638,334252,2,0,0,10,0,1,19,0,0,0,2009,1,1617,327,1,0,2879,1,0,0,0,0,0,2729,0,41,1,2,0,1,0,0,1443,4543,14123,2347,4506,23374,5130,3075,4448,2012,11538,188,723,39,16,3,30,4,9,1,0,0,0,0,0,0,0,0,0,0,0,3,0,0,0,0,1,0,1,0,0,0,0,113,0,0,0,0,803,3,0,8,0,0,0,4330,10,8,0,0,1,1,0,0,0,0,12434,17,0,0,0,0,0,479508,5,5,7,0,0,117,6,7,6,0,0,0,431,53,65,10,2,4,1,7,0,0,0,0,0,0,1005,1250,2,2,0,0,0,0,0,9506,1,18,0,1,1,2,1,0,0,0,0,55,1,17,1,2,0,3490,12,10,5,1,0,0,0,0,0,162,2056,251,133,3640,19723,202,757,179,182,136,9,24,4,1,0,1,0,0,0,0,0,5317,2107,1644,3861,15695,941,807,37,0,0,0,0,0,0,0,0,0,0,0,7482,20,0,1,0,0,5989,0,0,0,0,14552,3,4,2,0,2,0,137,0,0,0,0,0,0,205,148,148,1,2,0,0,0,0,0,23,0,0,0,0,0,1,610,0,0,0,57,0,0,0,0,0,0,0,0,7071,0,0,0,0,0,0,0,0,308,13,1,0,0,0,0,17404,1,1,0,1,5,0,0,463,3,0,4,2,0,0,179,3,16,0,2,1,0,0,0,0,1052,9,4,0,0,0,0,0,6614,2,6,1,0,0,0,0,0,552,14,2,1,0,2,0,0,0,0,660,64,10,3,2,0,4,0,1,0,0,7512,7,6,3,1,0,0,0,1106,3,10,1,0,353,6,1,0,0,0,0,0,0,4054,0,9,2,1342,0,0,59,432,390,4739,0,0,0,398,0,0,0,0,403749,0,61,0,0,0,0,0,41,1,0,0,8682,0,0,949,3,0,1,0,0,0,0,1,0,0,0,454,1,1,0,0,1,0,2,2,2,1,0,0,0,0,0,17,407,27,1321,7717,26087,55424,29784,35161,18891,20412,27037,26591,21597,28802,21736,17255,15855,13739,9499,6658,3890,3051,1228,915,249,389,69,77,6,4,1,0,0,0,7445,6355,601,91,17,9,3,88,0,0,8079,3,36,3,1,0,0,75,0,0,2697,0,0,0,32634,0,2,0,0,2473,4,1589,11239
Q,53186,70,491101,89,14,155,0,0,13,1,0,57,854,2,0,129,0,458417,397,0,0,0,3,0,0,1243,0,0,0,21,0,630,768,0,0,16,0,0,0,0,0,0,82,0,3,0,0,0,0,0,0,5048,212,246,3181,827,985,3224,7121,4211,1892,1808,225,387,50,30,6,3,0,0,0,0,0,0,0,0,0,0,0,0,0,0,2,0,0,0,0,0,0,0,0,0,0,0,17,0,1,0,0,234,3,0,0,0,0,0,464583,13,4,2,2,1,3,0,0,0,0,71,4,3,1,0,1,0,2130,5,1,0,0,0,393,8,1,2,0,2,0,14344,15,4,2,12,0,0,1,0,0,0,0,0,0,31415,51,2,4,0,0,0,0,0,878,12,6,0,0,0,0,0,0,0,0,0,2788,0,2,0,0,0,1398,2,1,0,0,0,0,0,0,0,21,464,1753,403,952,1492,106,26,60,12,41,1,0,2,0,6,0,0,0,0,0,0,1692,1201,2982,3796,5545,3087,744,0,0,0,0,0,0,0,0,0,0,0,0,1627,1,0,0,0,0,910,0,0,0,0,119,0,0,0,0,0,0,56,0,0,0,0,0,0,11236,10,0,0,7,0,0,0,0,0,7,0,0,0,0,0,0,1537,0,0,0,0,0,0,0,0,0,0,0,0,29,0,0,0,0,0,0,0,0,27,0,6,0,0,0,0,51,17,0,0,0,0,0,0,23597,0,4,4,1,4,0,80,0,7,2,3,0,1,1,0,0,447,4,7,0,0,1,0,0,103,6,5,1,1,1,0,1,0,7656,0,0,2,0,1,1,0,0,0,1107,0,2,5,0,1,1,0,0,0,0,1601,0,0,1,0,0,0,0,698,1,0,0,0,443,0,2,0,0,0,0,0,0,1234,3,0,0,426174,0,0,99,419,360,1326,0,0,0,19942,0,0,0,0,350,0,1414,0,0,0,0,0,26,0,0,0,432,0,0,2,0,0,0,0,0,0,0,0,1,1,0,697,0,0,0,0,0,1,1,1,0,0,1,0,0,0,0,26,634,3,909,3123,8149,20619,14983,6744,10250,10300,9583,9152,6850,6499,7647,8847,7240,4632,2687,2171,2612,1008,7709,356,178,54,13,19,1,4,1,0,0,0,4405,1769,997,16,18,0,0,0,1,0,370175,15,3,1,4,0,0,55,0,0,41,4,0,0,374793,0,4,0,0,34,2,1,231
R,2,21,334,303,8,19,0,0,63,442,504,1073,490,0,0,38,0,11652,690,0,2,42,623,0,0,3865,0,1,0,299,0,6898,408166,0,0,629,0,0,1,0,0,0,404,0,1292,0,1,0,0,0,0,3485,873,1460,19202,39229,10742,9739,23189,39767,8165,6836,2462,10978,234,77,45,22,4,6,3,1,1,0,0,0,0,0,0,0,0,0,1563,0,3,0,0,0,0,0,0,0,0,0,93,29,0,0,0,491702,34,0,2,0,0,1,12901,9,0,0,0,3,1,0,0,0,0,3148,3,1,1,1,7,0,1059,29,0,0,15,0,2135,3,3,11,1,0,0,13761,2,101,4,4,0,2,0,0,0,0,1,0,0,2420,297,7,2,0,0,0,0,0,393665,75,82,150,19,2,1,0,4,0,0,0,851,12,18,20,2,0,11254,38,6,3,2,0,0,0,0,0,455,114,14879,1686,16598,41600,1149,315,355,163,96,19,27,5,7,0,0,0,2,1,0,0,30100,8960,23317,44750,7653,14631,296,2,0,0,0,1,0,0,0,0,0,0,0,7987,1,2,0,0,0,1690,1,0,0,0,393,1,3,0,1,0,0,255,0,0,0,0,0,0,39184,130,14,4,0,0,0,4,0,0,798,1,0,0,0,0,0,495561,0,0,0,34,0,0,0,1,0,0,0,0,2239,0,2,1,0,0,1,0,0,176,0,4,0,0,0,0,479,8,0,2,0,1,0,0,386714,2,1,3,0,0,1,181,37,10,3,0,2,0,1,0,0,7006,16,14,1,12,0,4,0,2371,13,12,17,3,0,0,0,0,18884,9,4,3,0,1,0,1,0,0,6447,12,7,3,3,1,0,0,0,0,0,3316,8,1,0,3,0,0,0,753,1,4,0,1,1026,0,11,1,0,0,0,0,0,3833,2,10,0,9966,0,0,5098,22715,3333,5313,0,0,0,23284,0,0,0,0,2042,0,897,1,0,0,0,0,25,0,1,1,790,0,0,151,1,0,1,0,0,0,0,0,0,0,0,5483,0,0,4,0,0,1,5,1,1,0,0,0,0,0,0,12,2125,2048,1835,29847,36824,54198,47236,33141,34260,27465,27315,25043,28276,24891,24243,20637,18062,14288,8100,8669,4536,2589,1139,609,350,291,255,35,44,10,6,3,0,0,14316,4742,23809,610,140,93,89,3,6,0,24673,8,3,1,37,0,47,950,0,0,150,1,0,0,5502,0,0,0,0,79,14,14,21
S,0,16,2,135,2,100,84,0,439429,30,43,1208,93454,2,1,45,0,262,15647,1,0,0,636,0,0,2586,1,0,0,486997,0,131,6536,0,1,122,0,0,0,0,0,0,465770,0,524,3,2,2,0,1,0,22156,6632,453734,3766,52874,65303,29099,152594,84195,29976,26419,2378,52843,558,886,186,229,68,11,9,5,2,1,0,0,1,0,0,0,0,0,275,0,0,0,0,0,0,0,0,0,0,0,2721,0,0,0,0,463,2,1,0,0,0,0,199,11,0,0,0,0,0,0,0,0,0,5923,4,0,1,0,0,0,5450,35,0,0,0,0,244,28,3,3,1,0,0,1539,4,2,0,1,4,9,10,0,0,0,0,0,0,1112,58,1,0,0,0,0,0,0,1445,5,1,0,1,0,4,0,1,0,0,0,613,1,2,2,0,0,1729,1,3,0,0,0,0,0,0,0,824,252409,45213,6612,205775,122592,6304,3404,1803,1603,447,132,111,18,15,81,4,0,0,0,0,0,189735,33979,45059,162334,13947,33382,9796,14,0,16,0,0,0,0,0,0,0,0,0,33001,11,6,0,0,0,3256,32,0,0,0,438717,3,1,0,12,0,0,530,2,0,0,0,1,0,1422,36,100,5,138,0,8,0,0,1,2255,0,0,0,0,1,0,158,0,0,0,3186,1,0,0,0,0,0,0,0,12612,0,2,0,0,0,0,0,1,2959,62,0,0,0,0,0,447049,12,53,30,4,10,0,2,14455,11,12,3,5,2,0,1442,38,0,8,1,4,2,0,0,0,25499,2,8,16,1,1,1,4,10962,6,13,8,0,0,0,0,0,1521,3,11,6,0,8,1,0,0,0,18233,14,2,3,4,1,0,0,0,1,0,7996,17,10,1,0,0,0,2,1046,1,0,1,0,12707,0,1,2,0,1,0,0,0,112,1,1,0,485,0,0,369,304506,21614,193,4,0,0,5985,0,0,0,0,28338,0,722,0,0,0,0,0,64,0,0,0,16256,0,0,1956,0,1,0,0,2,0,0,1,0,0,0,943,17,9,4,4,0,0,3,3,1,1,0,2,1,1,0,2075,19165,2511,9017,13397,26818,48478,44342,51035,47470,46591,47827,41762,38182,30215,28255,30586,21385,16404,15367,6305,5730,7612,1584,644,654,327,176,35,56,27,6,0,0,0,16849,59277,2609,2611,12,11,3,2,2,5,831,34,2,2,0,0,0,93,0,0,2741,0,0,0,606,0,12,0,0,3088,272,441411,307665
T,0,0,2,4,1,33,4,0,55025,1,6,709,3045,0,0,172,0,993,10953,40,0,0,12,0,0,712,0,0,0,3229,0,258,43485,0,0,79,0,0,0,0,0,0,10177,0,2,1,0,0,0,0,0,53262,23928,6452,3671,9767,256775,5021,13325,32119,10572,40708,5593,18554,624,394,163,29,45,6,0,1,0,0,0,0,0,0,0,0,0,0,4,0,0,0,0,0,1,0,0,0,0,0,118,0,0,0,0,7,0,0,0,0,0,0,776,4,0,0,1,0,0,0,0,0,0,13640,8,1,1,0,0,0,1865,6,3,0,0,0,322,7,0,0,0,0,0,3155,0,1,1,0,0,0,0,0,0,0,0,1,0,633,1,6,0,0,0,0,0,0,155,3,0,0,0,0,0,0,0,0,0,0,442,0,1,14,0,0,755,1,1,0,0,0,0,0,0,0,591,3360,40311,6140,58625,38470,976,515,311,400,185,66,33,81,8,0,0,2,0,0,0,0,36537,11738,24184,68705,361246,41212,1178,3,0,8,7,7,0,0,0,0,0,0,0,23111,3,7,7,6,0,2088,0,0,0,0,4315,2,4,0,0,0,1,1122,0,0,0,0,0,0,4334,32,3,4,8,1,0,0,0,0,112,0,0,1,0,0,0,19,0,0,0,748,2,0,0,0,0,0,0,0,433276,1,14,1,0,0,0,0,0,12370,3,2,3,0,1,0,10657,1,1,1,0,4,0,0,7180,0,5,2,1,0,0,577,4,23,4,1,0,0,0,0,0,11160,44,3,1,4,0,0,0,21336,60,16,8,5,0,0,0,0,5876,5,19,6,3,2,0,0,0,0,9982,71,11,6,2,0,0,0,0,0,0,406676,4,100,31,1,1,3,0,1752,164,141,0,0,7912,2,0,0,0,0,1,0,0,67,13,0,0,802,0,0,2192,10122,18865,175,0,0,0,13847,0,0,0,0,17699,0,315,0,1,0,0,0,122,0,0,0,458971,0,0,1207,0,2,0,0,0,0,0,0,0,0,0,17895,0,1,0,0,2,1,2,0,2,0,0,0,0,0,0,30,6603,64,15642,45018,27931,23445,30568,22639,29073,31436,26434,24798,20913,20070,16311,19406,15859,8740,8019,4086,2906,1455,820,359,289,746,83,32,15,5,1,1,0,0,15734,11010,716,863,2,2,0,2,0,0,988,0,1,0,0,1,0,18,0,0,450190,0,0,2,642,0,51,0,0,446932,31,1370,2676
V,54,310008,1,179,493671,314,0,0,15,582,279,484,10823,0,0,475403,0,44,4467,0,0,0,347,0,0,704,0,0,0,103,0,2307,455,0,0,6129,0,0,0,0,0,0,214,0,170,115,0,0,0,0,0,80454,51027,1125,3575,15134,5461,17326,5053,8757,8824,22141,44525,3230,660,317,84,68,71,13,24,7,2,0,0,0,1,0,0,0,0,0,93,0,0,0,0,0,0,0,0,0,0,0,79201,0,1,0,0,30,0,0,0,0,0,0,174,1,1,0,0,0,0,2,0,3,0,32255,8,1,0,0,0,0,421,6,5,1,0,2,411,2,5,1,0,0,1,272,6,0,11,0,2,0,1,0,0,0,0,0,0,2047,0,12,2,2,0,1,0,0,2572,8,9,3,0,4,0,0,0,0,0,0,3416,2,7,0,0,0,8759,2,0,0,0,0,0,0,0,0,411362,3136,14359,22931,4129,8523,505,355,253,33,96,16,12,3,0,2,1,1,0,0,0,0,8942,5024,11919,19507,5918,11603,4508,8,0,1,0,0,0,0,0,0,0,0,0,27624,18,4,2,0,0,2426,5,30,0,4,807,0,0,2,0,0,0,444682,0,0,1,0,0,1,881,166,1,17,9,0,0,0,0,0,888,0,1,1,0,0,0,6,0,0,0,4573,0,3,0,0,1,0,0,0,6718,9,0,0,0,0,0,0,0,55691,1,3,0,41,0,0,1164,3,12,10,2,10,0,0,4663,106,1,1,0,0,0,2188,8,10,0,0,0,0,0,0,0,2619,21,0,1,1,1,0,0,18720,7,5,7,1,1,0,0,0,974,1,9,2,0,0,0,0,0,0,315,6,63,1,0,0,0,0,0,0,0,5813,305,7,0,1,2,0,0,323146,24,160,6,0,3068,8,6,0,0,0,0,0,0,1223,0,1,0,395,0,0,2526,835,761,6461,0,0,0,851,0,0,0,0,6753,1,1195,1,0,0,0,0,633,0,0,0,69,0,0,1183,1,0,0,0,0,0,0,0,0,0,0,329256,0,3,0,1,2,3,0,1,0,1,0,0,0,0,0,47,2389,361,20662,27717,25404,23522,23422,25171,22284,21588,25373,20535,21938,19317,16830,17189,11523,10809,6022,3891,3193,4557,1014,440,517,139,79,63,11,5,0,0,0,0,8411,20608,1613,394,3,0,4,0,0,0,550,13,0,0,0,0,0,273,0,0,697,0,1,0,1826,0,470566,0,1,1180,468228,61,4
W,0,11,0,20,16,13,0,0,53,640,17,13,3640,0,0,35,0,27,8,0,0,0,557,0,0,282,0,0,0,21,0,138,247,0,0,2,0,0,0,0,0,0,2,1,1153,0,1,0,1,0,0,31,117,29,217,1342,301,7993,1028,2278,4418,8896,1159,1111,750,33,10,6,38,0,1,0,0,0,0,0,0,0,0,0,0,0,490536,0,0,0,0,0,0,0,0,0,0,0,1639,0,0,0,0,30,0,0,0,11,0,0,508,0,0,0,0,0,0,0,0,0,0,6,0,0,0,0,0,0,21,1,0,0,0,0,1249,0,0,1,0,0,0,39,0,0,0,3,0,0,0,0,0,0,0,0,0,276,22,3,0,0,0,0,0,0,79,18,4,0,0,0,0,0,0,0,0,0,99,1,0,0,0,0,92029,0,0,0,0,0,0,0,0,2,24,158,5792,241,2042,30769,219,77,176,20,14,48,0,1,1,0,1,0,0,0,0,0,3457,628,711,1299,231,10240,660,4,0,0,0,0,0,0,0,0,0,0,0,164,2,0,0,0,0,102,0,0,0,0,215,1,0,0,0,0,0,279,0,0,0,0,0,0,208,4,5,135,0,0,0,0,0,0,20,0,0,0,0,0,0,88,0,0,0,48,0,0,0,0,0,0,0,0,8,0,0,0,0,0,0,0,0,4,1,0,0,0,0,0,285,0,0,1,0,0,0,0,330,0,0,0,0,0,0,7,0,0,0,0,0,0,0,0,0,20,0,0,0,0,0,0,0,135,1,0,0,0,0,0,0,0,208,0,0,1,0,0,0,0,0,0,19,0,0,0,0,0,0,0,0,0,0,246,0,0,0,0,0,0,0,987,0,0,0,0,4330,0,0,0,0,0,0,0,0,137,0,0,0,68,0,0,39,165,7,190,0,0,0,6,0,0,0,0,60,0,124,0,0,0,0,0,0,0,0,0,10,0,0,2,0,0,0,3,0,0,0,0,0,0,0,126,0,0,6,0,0,0,0,0,0,0,0,0,0,0,0,103,1189,8537,274,440,4521,13978,17158,17814,18179,17365,18613,17520,14593,10236,10914,7374,5580,4278,5755,2737,6456,734,720,338,169,65,142,3,5,1,2,0,0,0,2838,2852,430528,197,1,0,0,1,0,0,82,0,0,2,0,0,0,307,0,0,2,0,0,0,27,0,0,0,0,0,1,11,12
Y,0,0,0,0,0,14,0,0,192,0,0,8,1111,0,0,3,0,59,117,0,0,0,0,0,0,42,0,0,0,260,0,0,13,0,0,10,0,0,0,0,0,0,282,0,409,0,0,0,0,0,0,7090,2547,1173,498,33656,8543,26056,9310,104729,283915,28025,4049,8625,811,472,261,151,94,17,1,2,2,0,1,0,0,0,0,0,0,0,569,1,0,0,0,0,0,0,0,0,0,0,55770,4,0,0,0,98,0,0,0,0,0,0,39,1,0,0,0,0,0,0,0,0,0,648,0,0,0,0,1,0,9,0,0,0,0,0,20,0,1,0,0,0,0,131,2,0,0,1,0,3,0,0,0,0,0,0,0,205,5,2,0,0,0,0,0,0,673,3,1,0,5,0,0,0,0,0,0,0,38,0,0,0,0,0,1371,0,0,0,0,0,0,0,0,0,54,262,5966,735,23144,3943,306,185,123,39,32,141,46,5,2,0,0,0,0,1,0,0,7965,4493,5135,10975,626,145123,448132,21,0,0,0,0,0,0,0,0,0,0,0,352,2,7,0,0,0,1766,2,0,0,0,1860,2,0,0,0,0,0,97,31,0,0,0,0,0,53,1,0,1,0,0,0,0,0,0,110,1,0,0,0,0,0,12,0,0,0,1195,0,0,0,0,0,0,0,0,251,0,0,0,0,0,0,0,0,44,0,0,0,0,0,0,3620,2,2,1,1,0,0,0,433,2,5,0,0,0,0,768,7,0,0,1,0,0,0,0,0,5468,5,1,1,0,0,0,0,753,1,2,0,0,1,0,0,0,279,2,3,0,6,0,0,0,0,0,1382,0,3,17,1,3,0,0,0,0,1,130,2,33,0,0,0,0,0,192,247,0,0,0,409243,0,20,2,0,0,0,0,0,11,4,1,0,1902,0,0,2,930,1796,1,0,0,0,1243,0,0,0,0,594,0,103,0,0,0,0,0,770,0,0,0,16,1,0,95,0,1,2,0,0,0,0,0,0,0,0,130,4,6,0,0,0,0,0,0,0,0,0,0,0,0,0,489586,412821,1506,2819,1512,7258,19417,28763,41519,40512,37236,31316,28291,33547,37104,35253,29218,35553,50854,36373,31264,19057,10075,7525,6291,1969,6471,1272,381,109,159,32,52,3,4,6947,267338,3357,51,2,4,8,7,0,87,26,49,0,11,0,0,0,0,0,0,2,0,0,0,26,0,4,0,0,32,4,592,5