Amino_acid,Pos1,Pos2,Pos3,Pos4,Pos5,Pos6,Pos6A,Pos6B,Pos6C,Pos6D,Pos6E,Pos6F,Pos7,Pos8,Pos9,Pos10,Pos11,Pos11A,Pos12,Pos13,Pos13A,Pos13B,Pos14,Pos14A,Pos14B,Pos14C,Pos15,Pos15A,Pos15B,Pos16,Pos16A,Pos17,Pos18,Pos19,Pos20,Pos21,Pos21A,Pos22,Pos22A,Pos22B,Pos22C,Pos23,Pos24,Pos25,Pos26,Pos27,Pos28,Pos29,Pos30,Pos31,Pos32,Pos33,Pos34,Pos35,Pos35A,Pos35B,Pos35C,Pos35D,Pos35E,Pos35F,Pos35G,Pos35H,Pos35I,Pos35J,Pos35K,Pos35L,Pos36,Pos36A,Pos37,Pos37A,Pos37B,Pos37C,Pos37D,Pos38,Pos38A,Pos38B,Pos38C,Pos38D,Pos39,Pos39A,Pos39B,Pos39C,Pos39D,Pos39E,Pos39F,Pos40,Pos40A,Pos40B,Pos40C,Pos40D,Pos40E,Pos40F,Pos41,Pos41A,Pos41B,Pos41C,Pos41D,Pos41E,Pos42,Pos42A,Pos42B,Pos42C,Pos42D,Pos42E,Pos42F,Pos42G,Pos42H,Pos42I,Pos43,Pos43A,Pos43B,Pos43C,Pos43D,Pos43E,Pos43F,Pos43G,Pos43H,Pos43I,Pos44,Pos44A,Pos44B,Pos44C,Pos44D,Pos44E,Pos44F,Pos45,Pos45A,Pos45B,Pos45C,Pos45D,Pos45E,Pos45F,Pos45G,Pos45H,Pos45I,Pos45J,Pos45K,Pos46,Pos46A,Pos46B,Pos46C,Pos46D,Pos46E,Pos46F,Pos46G,Pos46H,Pos47,Pos47A,Pos47B,Pos47C,Pos47D,Pos47E,Pos47F,Pos47G,Pos48,Pos49,Pos50,Pos51,Pos52,Pos52A,Pos52B,Pos52C,Pos52D,Pos52E,Pos52F,Pos52G,Pos52H,Pos52I,Pos52J,Pos52K,Pos52L,Pos52M,Pos52N,Pos52O,Pos52P,Pos52Q,Pos53,Pos54,Pos55,Pos56,Pos57,Pos58,Pos59,Pos59A,Pos59B,Pos59C,Pos59D,Pos59E,Pos60,Pos60A,Pos60B,Pos60C,Pos60D,Pos60E,Pos60F,Pos61,Pos61A,Pos61B,Pos61C,Pos61D,Pos61E,Pos61F,Pos61G,Pos61H,Pos62,Pos62A,Pos62B,Pos62C,Pos62D,Pos62E,Pos62F,Pos62G,Pos62H,Pos62I,Pos62J,Pos62K,Pos63,Pos63A,Pos63B,Pos63C,Pos63D,Pos64,Pos64A,Pos64B,Pos64C,Pos64D,Pos64E,Pos64F,Pos64G,Pos64H,Pos64I,Pos64J,Pos65,Pos66,Pos66A,Pos66B,Pos66C,Pos66D,Pos66E,Pos66F,Pos66G,Pos66H,Pos66I,Pos66J,Pos66K,Pos67,Pos67A,Pos67B,Pos67C,Pos67D,Pos67E,Pos68,Pos68A,Pos68B,Pos68C,Pos68D,Pos68E,Pos68F,Pos68G,Pos68H,Pos69,Pos69A,Pos69B,Pos69C,Pos69D,Pos69E,Pos69F,Pos70,Pos70A,Pos70B,Pos70C,Pos70D,Pos70E,Pos70F,Pos70G,Pos71,Pos71A,Pos71B,Pos71C,Pos71D,Pos71E,Pos71F,Pos72,Pos72A,Pos72B,Pos72C,Pos72D,Pos72E,Pos72F,Pos72G,Pos72H,Pos72I,Pos73,Pos73A,Pos73B,Pos73C,Pos73D,Pos73E,Pos73F,Pos73G,Pos73H,Pos74,Pos74A,Pos74B,Pos74C,Pos74D,Pos74E,Pos74F,Pos74G,Pos74H,Pos75,Pos75A,Pos75B,Pos75C,Pos75D,Pos75E,Pos75F,Pos75G,Pos76,Pos76A,Pos76B,Pos76C,Pos76D,Pos76E,Pos76F,Pos76G,Pos77,Pos77A,Pos77B,Pos77C,Pos77D,Pos77E,Pos77F,Pos77G,Pos78,Pos78A,Pos78B,Pos78C,Pos78D,Pos78E,Pos79,Pos79A,Pos79B,Pos79C,Pos80,Pos80A,Pos80B,Pos80C,Pos80D,Pos80E,Pos81,Pos81A,Pos81B,Pos82,Pos82B,Pos82A,Pos82C,Pos82D,Pos82E,Pos83,Pos84,Pos84A,Pos84B,Pos84C,Pos84D,Pos84E,Pos85,Pos85A,Pos85B,Pos85C,Pos86,Pos86A,Pos86B,Pos86C,Pos86D,Pos86E,Pos86F,Pos86G,Pos86H,Pos86I,Pos86J,Pos86K,Pos86L,Pos86M,Pos87,Pos87A,Pos87B,Pos87C,Pos87D,Pos87E,Pos87F,Pos87G,Pos87H,Pos87I,Pos88,Pos88A,Pos88B,Pos88C,Pos88D,Pos88E,Pos88F,Pos88G,Pos88H,Pos88I,Pos88J,Pos88K,Pos88L,Pos88M,Pos89,Pos89A,Pos89B,Pos89C,Pos89D,Pos89E,Pos89F,Pos89G,Pos89H,Pos89I,Pos89J,Pos89K,Pos89L,Pos89M,Pos90,Pos91,Pos92,Pos93,Pos94,Pos95,Pos96,Pos97,Pos98,Pos99,Pos100,Pos100A,Pos100B,Pos100C,Pos100D,Pos100E,Pos100F,Pos100G,Pos100H,Pos100I,Pos100J,Pos100K,Pos100L,Pos100M,Pos100N,Pos100O,Pos100P,Pos100Q,Pos100R,Pos100S,Pos100T,Pos100U,Pos100V,Pos100W,Pos100X,Pos101,Pos102,Pos103,Pos104,Pos104A,Pos104B,Pos104C,Pos104D,Pos104E,Pos104F,Pos105,Pos105A,Pos105B,Pos105C,Pos105D,Pos105E,Pos105F,Pos106,Pos106A,Pos106B,Pos107,Pos107A,Pos107B,Pos107C,Pos108,Pos109,Pos110,Pos111,Pos112,Pos113
*,205336,9625,3362,2452,1923,1715,249891,249977,249978,249982,249982,249982,1540,1447,1437,1507,1285,249979,1117,1056,249982,249982,987,249964,249964,249965,646,249982,249982,637,249982,490,441,408,354,307,249982,284,249920,249954,249981,3,4,15,40,97,126,154,166,226,387,2144,4028,12595,240733,244801,247542,248715,249340,249599,249823,249882,249951,249975,249980,249981,10,249977,13,249961,249981,249981,249981,14,249951,249974,249974,249980,49,249939,249970,249976,249978,249978,249978,48,249925,249961,249971,249977,249979,249982,74,249902,249970,249976,249977,249977,57,249822,249948,249961,249973,249980,249980,249980,249980,249981,92,249816,249886,249893,249949,249958,249962,249975,249978,249981,143,248569,249163,249186,249903,249980,249982,180,249755,249826,249888,249966,249976,249979,249980,249981,249981,249982,249982,121,249887,249913,249924,249962,249981,249982,249982,249982,153,249932,249942,249953,249972,249978,249980,249982,145,37,232,518,2891,53162,240413,243602,246497,248005,249080,249334,249793,249861,249918,249938,249965,249975,249978,249980,249981,249982,35,22,2,0,0,189,67,249852,249930,249969,249973,249974,51,249870,249936,249964,249978,249978,249982,46,249934,249959,249979,249979,249982,249982,249982,249982,63,249945,249951,249973,249973,249982,249982,249982,249982,249982,249982,249982,82,249968,249969,249969,249981,36,249398,249803,249818,249818,249979,249980,249980,249981,249981,249981,15,3,249982,249982,249982,249982,249982,249982,249982,249982,249982,249982,249982,1,249979,249979,249982,249982,249982,2,249972,249974,249980,249982,249982,249982,249982,249982,13,249924,249926,249946,249957,249963,249982,25,249916,249921,249950,249965,249968,249982,249982,22,249886,249901,249927,249966,249975,249982,226,249902,249914,249942,249964,249969,249977,249977,249982,249982,870,249785,249837,249923,249946,249964,249968,249978,249982,1490,249626,249866,249915,249937,249977,249979,249980,249981,820,249900,249929,249958,249971,249976,249979,249982,786,249710,249725,249921,249968,249977,249981,249982,302,249702,249801,249944,249979,249980,249982,249982,83,249734,249750,249906,249980,249982,55,249944,249955,249977,22,249962,249964,249979,249982,249982,15,249981,249981,9,17,13,17,249982,249982,9,6,249972,249982,249982,249982,249982,6,249981,249982,249982,9,249981,249981,249982,249982,249982,249982,249982,249982,249982,249982,249982,249982,249982,10,249975,249978,249978,249979,249979,249980,249981,249981,249982,11,249973,249977,249979,249980,249980,249981,249981,249981,249981,249981,249982,249982,249982,15,249917,249957,249959,249959,249960,249961,249966,249969,249973,249979,249980,249982,249982,33,974,955,945,945,7676,8871,9648,19868,21600,25205,30031,35706,43433,53303,65750,79225,95440,117681,151608,177323,200512,217020,228490,235134,241556,243609,247585,248857,249506,249729,249903,249923,249960,249977,7419,6304,8349,8343,249772,249898,249906,249912,249915,249921,8333,249908,249935,249960,249962,249962,249963,8475,249975,249979,9729,249979,249981,249982,11514,11543,11863,12544,21506,73601
A,0,186,14,3,247,565,0,0,0,1,0,0,381,94,136,5067,1079,0,8285,193,1,0,63236,0,0,0,197,0,0,1801,0,1939,323,203,23,8813,0,9,0,9,0,138051,184159,3745,3344,4534,10390,5434,8175,6231,7056,97815,5000,35822,1527,514,426,324,38,151,13,31,1,3,0,1,11,0,2677,0,0,0,0,52,0,1,0,0,233,8,1,0,0,0,0,203918,10,0,0,2,0,0,2431,19,4,0,0,6,623,3,3,0,0,0,2,1,0,0,2092,21,1,25,3,2,3,0,1,0,7246,0,627,2,0,0,0,173,11,0,0,1,0,0,0,0,1,1,0,1547,7,0,4,1,0,0,0,0,12518,1,3,0,0,0,0,0,1307,109403,36614,1744,10477,12495,299,242,166,72,57,33,8,10,6,3,8,1,0,0,0,0,14678,8401,13173,11080,12803,5013,292,4,0,0,0,0,168338,2,6,1,0,0,0,6721,1,0,0,0,0,0,0,0,8874,1,0,0,0,0,0,0,0,0,0,0,11237,0,0,0,1,1156,8,9,3,13,1,0,0,0,0,0,1709,7,0,1,0,0,0,0,0,0,0,0,0,758,0,0,0,0,0,11092,0,2,0,0,0,0,0,0,2572,1,1,1,0,0,0,5589,1,5,0,6,0,0,0,1116,6,0,35,1,0,0,2359,0,11,3,1,0,0,0,0,0,2332,54,1,0,5,1,2,0,0,187089,45,10,38,1,0,1,0,1,2964,11,11,1,0,2,0,0,1403,41,136,0,0,0,0,0,7604,22,2,0,1,0,0,0,15700,2,0,70,0,0,2777,0,1,0,11,2,0,0,0,0,453,0,0,149,2375,1173,620,0,0,924,6698,1,0,0,0,0,2603,0,0,0,2242,1,1,0,0,0,0,1,0,0,0,0,0,0,4637,0,0,0,0,0,2,1,1,0,210600,0,0,0,0,1,2,0,0,0,0,0,0,0,1854,0,1,0,16,17,4,0,3,2,0,0,0,0,23,398,93,192762,145389,21878,13928,12412,11751,12548,11651,12965,16828,11729,11109,12747,15006,10735,6914,5214,3716,2069,2158,731,448,260,143,49,24,15,9,6,2,0,0,12671,7074,274,1753,22,2,1,2,1,0,321,0,0,0,0,0,0,242,1,0,4031,0,0,0,347,690,4330,980,5334,15383
C,0,0,0,0,0,0,0,0,0,0,0,1,40,37,9,90,13,1,15,0,0,0,6,0,0,0,20,0,0,24,0,110,15,9,4,65,0,246310,0,14,0,13,123,285,76,624,268,604,1501,1263,2805,20303,1185,1570,376,206,57,43,23,7,21,2,1,1,0,0,910,1,622,1,0,0,0,573,0,0,0,2,0,0,0,0,0,0,0,206,0,0,0,0,0,0,4,0,0,0,0,0,20,0,0,0,0,0,0,0,0,0,1,0,0,0,0,0,0,0,0,0,12,0,0,0,0,0,0,3388,2,1,0,0,0,0,0,0,0,0,0,6,0,0,0,0,0,0,0,0,744,0,0,0,0,0,0,0,59,258,108569,218,843,376,26,8,13,2,3,4,1,2,2,0,0,0,0,0,0,0,524,316,333,215,15,313,541,1,0,0,0,0,34,0,0,0,0,0,0,20,1,0,0,0,0,0,0,0,194,0,0,0,0,0,0,0,0,0,0,0,18,0,0,0,0,0,2,0,4,0,0,0,0,0,0,0,375,40,0,0,0,0,0,0,0,0,0,0,0,681,0,0,0,0,0,6,0,0,0,0,0,0,0,0,151,0,0,0,0,0,0,175,0,0,0,0,0,0,0,51,0,0,0,0,0,0,9,0,0,0,0,0,0,0,0,0,36,0,0,0,0,0,0,0,0,37,0,0,0,0,0,0,0,0,2,0,0,0,0,0,0,0,19,0,0,0,0,0,0,0,3,0,0,0,0,0,0,0,93,0,0,0,0,0,460,0,0,0,7,0,0,0,0,0,9,0,0,4,193,17,2,0,0,14,315,0,0,0,0,0,4,0,0,0,11,0,0,0,0,0,0,0,0,0,0,0,0,0,7,0,0,0,0,0,0,0,0,0,82,0,0,0,0,0,0,0,0,0,0,0,0,0,65,4,3,1,0,0,0,0,0,0,0,0,0,0,473,1638,235354,299,249,1208,3790,3122,10479,14367,17410,13600,19363,18197,11857,8238,5093,2915,4826,1211,786,448,193,466,38,47,37,10,44,4,2,2,0,0,0,764,1641,997,953,0,1,2,0,0,0,11,0,0,0,0,0,0,23,0,0,3,0,0,0,0,4,1,2,98,1
D,7545,1,1,0,1,337,0,0,0,0,0,0,7,16,7,6914,18,0,13,200,0,0,309,0,0,0,65,0,0,4074,0,41,1,39,0,166,0,0,2,0,0,758,1527,623,2629,9495,3572,4382,70461,25245,5121,11261,542,1586,185,55,63,55,29,3,1,1,1,0,0,0,1,0,519,0,0,0,0,2,0,0,0,0,101,0,0,0,0,0,0,881,6,3,1,0,0,0,70,0,0,0,0,0,756,0,4,0,0,0,0,0,0,0,331,16,3,3,0,2,0,0,0,0,5718,6,3,124,0,0,0,120,20,19,0,2,2,0,0,1,0,0,1,4126,5,1,1,2,0,1,0,0,453,1,5,1,0,0,0,0,232,73,11578,365,20478,3769,915,653,398,52,23,19,13,6,22,1,0,2,0,1,0,0,16137,42087,24193,11802,701,17620,2023,4,33,0,0,0,7384,38,4,12,0,0,0,207336,22,1,3,0,0,0,0,0,1631,7,1,9,0,0,0,0,0,0,1,0,486,1,9,0,0,793,4,1,1,4,0,0,0,0,0,0,7816,1,0,0,0,0,0,1,0,0,0,1,0,8,0,0,0,0,0,222,0,0,0,0,0,1,0,0,154,1,0,1,0,0,0,347,0,12,0,1,0,0,0,37,14,1,0,0,0,0,228359,10,6,15,5,8,0,4,0,1,15623,47,26,21,2,13,0,2,0,9284,27,5,1,1,1,1,0,0,3340,5,8,5,1,1,0,0,9989,3,1,2,1,0,0,0,33,2,3,0,0,0,0,0,69,0,0,0,0,0,7211,7,1,0,2,2,0,0,0,0,1224,0,0,0,17535,24499,1,0,0,833,962,6,0,0,1,0,17774,0,0,0,241918,0,1,1,1,1,0,0,0,1,0,0,0,0,25,3,1,0,1,0,0,1,0,1,1666,1,4,3,0,0,0,1,0,0,0,0,0,0,1696,40,6,0,0,0,6,3,0,2,0,0,0,0,1527,1157,52,868,1533,60185,11610,12402,8482,12322,15242,10414,15278,12304,11699,10211,13101,12593,10517,8945,6252,3713,2346,1166,3329,1478,576,386,369,21,0,3,5,2,0,110766,7937,42,916,4,4,2,2,57,0,270,2,0,0,3,0,0,25,0,0,32,0,0,0,11,286,56,158,113,4
E,666,113,39,0,186,246407,0,0,0,0,0,0,18,160,341,669,1065,0,413,5056,0,0,150,0,0,0,407,0,0,16522,0,4,6,364,1,26,0,2,8,0,0,10074,183,264,7287,943,805,2127,15911,2905,1352,1683,419,347,40,64,14,1,0,1,1,1,0,0,0,0,3,0,25,0,0,0,0,1,0,0,0,0,1863,6,0,1,0,0,0,138,1,4,4,2,0,0,218,3,0,6,0,0,1986,3,9,4,1,0,0,0,0,2,4933,62,0,34,2,0,1,0,0,0,164801,117,79,657,77,2,1,138,74,47,11,3,0,1,0,0,0,0,0,233348,29,22,19,14,0,0,0,1,5994,14,10,8,3,1,1,0,186,517,1824,151,5792,3072,140,71,65,46,91,3,0,2,1,1,0,0,0,0,0,0,2161,3944,8201,2990,2427,5026,164,0,0,0,1,0,4695,7,0,0,0,0,0,12121,0,0,0,0,0,0,0,0,58,9,0,0,0,0,0,0,0,0,0,0,795,1,0,9,0,10928,76,9,0,48,0,0,0,0,0,0,461,2,0,0,0,0,0,0,0,0,0,0,0,2,0,0,0,0,0,16,0,0,0,0,0,0,0,0,2,0,1,1,0,0,0,118,0,7,0,0,0,0,0,990,5,0,0,1,1,0,3999,1,0,0,1,0,0,0,0,0,583,2,1,1,0,1,0,1,0,1938,30,1,0,0,0,0,0,0,13751,13,0,0,0,0,1,0,861,5,2,2,0,1,1,0,1020,1,0,0,0,0,0,0,832,0,0,0,0,0,462,1,0,0,3,0,0,0,0,0,16908,0,0,8,700,2037,25,0,0,18293,409,3,0,0,0,0,220632,0,0,0,3023,0,0,0,0,0,0,0,1,0,0,0,0,0,119,0,1,0,0,0,0,0,0,0,58,0,0,0,0,0,0,0,0,1,0,0,0,0,1053,1,0,0,1,1,1,2,0,0,0,0,1,0,65,115,9,2444,3372,18476,9692,9933,5039,4852,5241,6895,8375,7814,9416,8982,8917,14600,10829,8305,5308,4123,1831,1559,673,2389,238,112,33,109,15,3,8,0,0,18639,1265,613,55,4,1,1,0,0,0,4540,6,21,0,0,0,0,935,0,2,7,0,0,0,1294,37,1,2,2,6
F,0,75,0,203,4,1,0,0,0,0,0,0,149,1,2,22,1600,0,54,1,0,0,344,0,0,0,14,0,0,11,0,567,20,6,262,311,0,687,0,0,0,202,1769,1159,437,120324,3382,88825,1191,5963,14225,3001,1826,532,193,104,49,5,2,3,0,0,0,0,0,0,250,1,168230,3,0,0,0,47,0,1,0,0,4,1,0,0,4,0,0,378,0,0,0,0,0,0,6,0,0,0,0,0,1,0,0,0,0,0,0,0,0,0,44,4,0,0,0,0,0,0,0,0,19,0,2,0,0,0,0,1297,0,0,1,0,0,0,0,0,0,0,0,15,0,0,0,0,0,0,0,0,23838,0,0,0,0,0,0,0,905,168,3009,4113,1576,1879,36,155,27,20,5,8,29,5,1,0,0,0,1,1,0,0,2154,1426,1095,2707,529,7498,2826,0,0,0,0,0,331,0,0,0,0,0,0,164,1,0,0,0,0,0,0,1,7297,0,0,0,0,0,0,1,0,0,0,0,266,0,0,0,0,33,4,0,3,0,0,0,0,0,0,0,17,1,0,0,0,0,0,0,0,0,0,0,0,240721,0,0,0,0,1,668,0,0,0,0,0,0,0,0,987,3,2,20,0,17,0,2069,0,5,1,4,0,0,0,137,2,0,0,0,0,0,58,0,1,0,0,0,0,0,0,0,417,2,0,1,0,0,0,0,0,632,0,0,1,2,0,0,0,1,52,0,0,0,0,0,0,0,89,1,0,0,0,0,0,0,65,2,8,0,0,0,0,0,914,2,0,2,0,0,10172,0,1,0,187,0,0,0,1,0,42,0,0,40,93,99,96,0,0,613,4910,0,0,0,0,0,3,0,0,0,1,0,0,0,0,0,0,0,0,0,0,0,0,0,1,0,0,0,0,0,0,0,0,0,18,0,0,0,0,0,0,0,0,0,0,0,0,0,1241,0,1,1,0,0,0,1,0,0,0,0,0,0,847,14872,604,318,725,1629,7312,7984,8040,6806,5867,4713,4848,6433,7857,6314,8652,7163,6368,5731,5217,2847,2326,1355,849,542,213,208,62,86,65,5,8,12,3,1452,9581,2006,3,2,0,1,0,0,0,15,0,1,8,0,0,0,0,0,0,15,0,0,0,5,209,110,339,344,0
G,0,13267,0,3,325,509,40,6,5,0,0,0,106,247351,247291,232641,143,0,1254,79,0,1,368,0,0,0,247463,1,1,221240,0,42,7,1560,9,32,0,840,2,3,0,1767,7245,1462,214928,7498,3604,2587,18649,12660,4486,13611,7561,136277,2663,1793,792,297,216,112,44,38,21,2,1,1,1547,0,364,0,2,2,2,336,2,2,2,1,122,2,1,4,0,0,0,7971,10,3,0,0,0,0,134,16,0,0,0,0,243968,105,9,5,3,0,0,0,1,0,1425,1,8,7,16,10,2,2,2,0,48250,13,8,7,1,0,0,1341,11,7,3,0,0,1,0,0,0,0,0,4678,45,3,0,2,0,0,0,0,119240,6,5,18,5,2,1,1,2816,5054,15241,196,11357,13020,1704,1795,817,226,76,217,6,28,3,0,1,1,0,0,2,1,44364,146581,130340,10437,798,2674,58,37,1,0,0,0,8335,12,0,0,0,4,0,4900,0,0,0,0,0,1,0,0,288,0,0,1,0,0,0,0,0,0,0,0,3603,2,1,0,0,772,132,2,0,10,0,0,0,0,0,0,236650,459,0,0,0,0,0,0,0,0,0,0,0,35,0,0,0,0,0,162,0,0,0,0,0,0,0,0,338,1,1,0,1,0,0,284,0,4,0,0,0,0,0,3746,10,2,2,0,0,0,3541,5,16,3,5,0,0,0,0,0,2290,9,7,2,2,0,0,1,0,8505,13,12,3,1,3,1,1,0,2374,3,5,0,1,1,0,0,3434,3,1,1,0,0,0,0,134,6,1,1,0,0,0,0,3363,3,7,0,0,0,115,3,0,0,11,0,0,0,0,0,291,0,0,53,9915,871,41,0,0,1074,86,0,0,0,0,0,5138,0,0,0,1043,0,0,0,0,0,1,0,0,0,0,0,0,0,128,5,0,0,0,1,0,0,0,0,34617,5,0,0,2,1,0,1,0,0,1,0,0,0,1380,0,0,12,2,1,3,1,3,0,0,1,0,0,11,143,5169,6332,7024,33314,24916,42495,31636,29166,30767,23247,23304,18557,17725,14718,13882,15063,11078,7111,5719,4001,2066,2362,1123,485,282,205,101,20,29,1,1,0,0,29607,1906,2973,235327,69,6,2,3,3,3,517,11,1,0,1,20,1,239373,5,1,233,0,1,0,46,345,12,399,49,16
H,9629,0,186,75,0,1,0,0,0,0,0,0,0,0,0,32,22,0,5,3281,0,0,182,0,0,0,0,0,0,24,0,48,36,54,205,34,0,1,0,0,0,88,430,1982,134,2583,843,1643,4365,6899,9315,9241,248,1552,90,68,13,29,0,18,1,0,1,0,0,0,0,0,1169,0,0,0,0,1453,9,0,0,0,1651,0,0,0,0,0,0,101,0,0,0,0,1,0,73,0,0,0,0,0,16,0,0,0,0,0,0,0,0,0,218,1,2,0,0,0,0,0,0,0,188,38,0,1,0,0,0,1597,1,8,0,0,0,0,0,0,0,0,0,51,0,3,1,0,0,0,0,0,77,3,0,0,0,0,0,0,18,18,1673,383,3265,2012,52,100,8,22,3,10,2,2,1,0,0,0,0,0,0,0,1991,2411,2205,2931,173,8603,3363,1,0,0,0,0,781,0,0,0,0,0,0,1788,0,0,0,0,0,0,0,0,261,0,19,0,0,0,0,0,1,0,0,0,7,0,0,0,0,35,0,0,0,0,0,0,0,0,0,0,47,58,0,0,0,0,0,0,0,0,0,0,0,50,0,0,0,0,0,181,0,0,0,0,0,0,0,0,69,0,1,2,0,0,0,432,13,0,1,0,0,0,0,1547,2,0,0,0,0,0,817,2,0,0,1,0,0,0,0,0,3865,1,33,0,0,0,0,0,0,669,0,0,1,0,0,0,0,0,178,1,2,0,0,0,0,0,1953,0,2,2,0,4,0,0,32,0,10,0,0,0,0,0,216,1,0,0,0,0,4083,8,1,5,129,2,0,0,0,0,3630,0,0,6,628,3506,37,0,0,653,1408,0,0,0,0,0,40,0,0,0,284,0,0,0,0,0,0,0,0,0,0,0,0,0,40,0,1,1,0,0,0,0,0,0,22,0,0,0,0,0,0,0,0,0,0,0,0,0,1236,1,0,0,0,0,1,0,1,0,1,0,0,0,605,3330,7,1265,590,2945,4352,3284,3252,3175,2985,4139,4301,3041,3933,2335,2223,2339,1942,1178,946,760,481,399,209,59,25,18,3,16,1,26,2,2,0,4291,9647,183,90,3,0,0,0,0,0,1884,1,0,6,3,0,0,2,0,0,79,0,0,0,768,2,33,3,59,1
I,0,2,0,142,4,0,0,0,0,0,0,0,27,0,1,2,85,0,150,5,0,0,568,0,0,0,0,0,0,7,0,23,55,916,1185,40,0,0,1,0,0,3658,7419,230,398,5534,24651,5017,3304,16460,2079,9295,84334,2211,827,470,137,125,75,27,13,0,0,0,1,0,6,0,2563,2,0,0,0,36,0,4,0,0,6,2,0,0,0,0,0,1321,0,2,0,0,0,0,149,4,0,0,0,0,4,2,0,1,0,0,0,0,0,0,95,0,0,1,0,0,0,0,0,0,43,0,0,0,0,0,0,375,1,1,0,0,0,0,0,0,0,0,0,154,0,1,0,0,0,0,0,0,919,0,0,0,0,0,0,0,26156,432,2106,205216,5730,3734,539,214,51,138,25,12,12,2,1,2,0,0,0,0,0,0,4236,3523,2967,13985,15473,4269,1070,2,0,0,0,0,1848,14,13,0,0,0,0,118,1,0,0,0,0,0,0,0,95,0,0,0,0,0,0,0,0,0,0,0,1023,0,0,0,0,160,9,0,0,0,1,0,0,0,1,0,12,4,0,0,0,0,0,0,0,0,0,0,0,693,1,2,0,0,0,4245,7,0,0,0,0,0,0,0,201714,1,9,7,0,0,1,240,1,2,0,4,0,0,0,1125,2,2,2,1,0,0,85,3,2,0,3,0,1,0,0,0,2639,4,2,1,2,0,0,0,0,837,2,3,0,0,0,0,0,0,279,2,1,0,0,0,0,1,530,8,8,2,2,0,0,0,4202,56,2,1,0,0,0,0,4718,2,1,0,0,0,708,0,0,0,310,0,1,0,0,0,111,0,0,7775,796,1221,158,0,0,1017,1333,0,0,0,0,0,14,0,0,0,2,0,0,0,0,0,0,0,0,0,0,0,1,0,155,0,0,0,1,0,0,0,0,0,1,0,0,0,0,0,0,0,1,0,1,0,0,0,14387,0,2,0,0,0,0,0,0,0,0,0,0,0,33,2724,16,506,3114,3058,5842,7290,10098,6936,5220,5652,4138,4122,5511,5619,2726,4191,2562,2427,1394,1217,467,222,132,38,63,28,5,3,3,1,0,0,0,1646,4027,67,4,0,0,0,0,0,0,32,0,0,0,0,0,0,2,0,0,6565,1,0,0,9,1255,3453,1225,3,2
K,0,0,207,0,0,115,0,0,0,0,0,0,5,9,0,53,195,0,6,1551,0,0,11,0,0,0,5,0,0,321,0,1,36,12488,1,4,0,0,0,0,0,2574,27,72,1035,1132,1117,545,2955,2492,2018,465,662,540,36,7,78,14,2,0,0,0,0,0,0,0,0,0,1,0,0,0,0,19,0,0,0,0,639,0,0,0,0,0,0,72,1,0,0,1,0,0,39,3,0,0,0,0,47,4,0,0,1,0,0,1,0,0,217867,19,1,4,1,2,9,1,2,2,2909,329,64,3,2,1,0,109,29,1,0,0,0,0,0,0,0,0,0,1463,0,1,0,1,1,0,0,0,1099,1,6,0,0,0,0,0,9,16,473,171,2039,3830,137,81,26,7,28,2,0,1,0,0,0,1,0,0,0,0,3665,687,2059,6420,7265,11290,72,0,7,0,0,0,1619,10,0,0,0,0,0,570,0,0,0,0,0,0,0,0,41,0,1,0,0,0,0,0,0,0,0,0,102,0,0,0,0,202510,62,0,0,1,1,0,0,0,0,2,426,11,1,0,0,0,0,0,0,0,1,0,0,0,0,0,0,0,0,159,0,0,0,0,0,0,0,0,29,0,0,0,0,0,0,24,3,0,1,0,0,0,0,16705,0,8,1,1,0,1,78,4,0,6,0,1,2,0,0,0,7453,2,16,1,3,1,1,0,0,152,118,9,1,0,0,0,0,0,198886,9,0,1,2,0,2,0,12775,6,4,39,1,0,0,0,1608,2,3,0,0,0,0,0,96,1,0,0,0,0,111,0,1,0,5,0,0,0,0,0,3606,0,0,904,2103,6849,13,0,0,184275,11,0,0,0,0,0,541,0,0,0,25,0,0,0,0,0,0,0,0,0,1,0,0,0,870,0,0,0,0,0,1,0,0,0,3,0,0,0,0,0,0,0,1,0,0,0,0,0,1252,0,0,0,0,0,1,0,0,0,1,0,0,0,9,100,3,1898,15344,6654,5238,3494,2855,2803,1726,3288,3279,2573,4198,2616,4586,1786,1348,1610,1037,575,1540,324,380,156,22,83,8,6,4,0,1,0,0,3394,578,512,22,2,0,1,0,0,0,29137,0,0,0,0,0,0,3,0,0,125,1,0,0,1688,1,34,0,1,1
L,11,72023,127,246377,191,3,0,0,0,0,0,0,86,4,6,11,185544,0,321,922,0,0,442,1,18,0,18,0,0,5,0,106,242615,287,242959,137,0,120,2,0,0,5820,1223,369,633,13449,6968,82263,1580,4431,4976,1748,11031,783,365,121,105,51,36,3,22,1,0,0,0,0,706,2,3505,2,0,0,0,919,2,0,0,0,3496,1,0,1,0,0,0,630,3,0,0,0,0,0,1497,4,0,0,0,0,42,2,0,1,0,1,0,0,0,0,492,4,1,1,0,0,1,1,0,0,478,2,5,0,0,0,0,36329,4,1,1,0,0,0,0,0,0,0,0,166,0,0,1,0,0,0,0,0,23637,6,1,1,0,0,0,0,10808,2668,2303,11758,1360,2860,404,121,74,32,19,64,5,0,13,0,1,3,0,0,0,0,2583,1752,2272,4769,2719,3438,4883,24,9,0,0,0,5047,7,0,0,0,0,0,152,1,0,0,0,0,0,0,0,492,0,0,0,0,1,0,0,0,0,0,0,3709,0,0,1,0,823,2,0,6,3,0,0,0,0,0,0,11,371,0,0,0,0,0,0,0,0,0,0,1,2096,0,0,0,1,0,231,1,0,0,0,0,0,0,0,3420,0,21,0,0,0,0,332,23,0,0,1,0,0,0,4759,1,6,0,2,0,0,504,2,1,1,0,0,2,0,0,0,569,0,1,0,0,0,0,0,0,4149,1,1,0,1,0,0,0,0,882,1,0,1,2,0,0,0,236,3,6,0,1,0,0,0,1371,23,1,4,0,1,0,0,50888,1,59,1,2,0,1360,15,3,0,243084,2,6,1,0,1,2641,2,1,11361,215,227,238602,0,1,699,3662,0,0,0,0,1,34,2,0,0,0,0,0,0,0,0,0,0,0,0,0,0,0,0,45,0,0,0,0,1,0,0,0,0,11,1,0,0,0,0,0,0,0,0,0,0,0,1,17283,0,0,1,0,0,0,2,0,0,0,0,0,0,38,1336,148,875,4903,5282,17567,12414,15008,16109,11729,14579,10462,18377,15388,21732,11302,7275,6499,4690,5584,1961,1414,926,1562,254,165,169,30,45,2,0,0,2,0,3095,3928,1943,8,1,0,1,0,0,0,1128,1,0,0,0,1,0,3,0,0,122,0,0,0,25938,219,64,45,11,6
M,0,144,0,63,241,0,0,0,0,0,0,0,21,0,0,3,947,0,415,26,0,0,4,0,0,0,1,0,0,52,0,1,529,241,13,4,0,0,0,0,0,80,352,40,96,551,2527,2509,889,3184,1786,1887,101928,1879,962,521,267,69,61,24,24,21,5,1,1,0,3,0,17,0,0,0,0,0,0,0,0,0,38,0,0,0,0,0,0,11,0,0,0,0,0,0,5,0,0,0,0,0,49,4,0,0,0,0,1,0,0,0,1446,2,0,0,0,1,0,0,0,0,167,0,13,0,0,0,0,50,0,1,0,0,0,0,0,0,0,0,0,78,0,0,0,0,1,0,0,0,1381,0,0,0,0,0,0,0,572,25,470,5393,1392,1333,55,12,48,4,3,1,5,0,0,1,0,0,0,0,0,0,974,345,637,3264,927,1692,428,0,0,0,0,0,199,4,0,0,0,0,0,54,0,3,0,0,0,0,0,0,3,0,0,0,0,0,0,0,0,0,0,0,5009,0,0,0,1,1514,17,1,64,0,0,0,0,0,0,0,0,0,0,0,0,0,0,0,0,0,0,0,0,18,0,0,0,0,0,74,0,0,0,0,0,0,0,0,3638,0,8,0,0,0,0,5,1,0,0,0,0,0,0,416,0,0,0,1,0,0,4,4,2,0,1,0,0,0,0,0,462,2,0,0,0,0,0,0,0,41,0,30,0,0,0,0,0,0,879,2,2,1,0,0,0,0,265,131,1,0,0,0,1,0,16750,1,69,10,0,0,0,0,8063,6,6,0,1,1,64,0,0,0,843,0,1,0,0,0,243,0,0,224374,709,101,1385,0,0,457,38,0,0,0,0,0,39,0,0,0,0,0,0,0,0,0,0,0,0,0,0,0,0,0,1163,0,0,0,0,0,0,0,0,0,0,0,0,0,0,0,0,0,0,0,0,0,0,0,28893,0,0,0,0,0,0,0,1,0,0,0,0,0,1,129,2,341,657,1480,3065,2095,2806,2361,2957,4215,3271,5911,5652,3845,4790,4800,5015,3529,2118,3032,1799,818,836,352,305,155,116,25,6,1,1,1,0,705,261,165,1,0,0,0,0,0,0,42,1,0,1,0,0,0,2,0,0,105,0,0,0,227,3,32,2,0,1
N,0,0,4,0,0,0,0,0,0,0,0,0,4,0,0,1117,10,0,1,247,0,0,148,0,0,0,3,0,0,547,0,122,0,3830,4,65,0,2,1,0,2,180,260,644,361,4786,6237,1895,13182,21674,19606,4586,826,5843,108,119,61,15,6,5,2,2,0,0,0,0,0,0,183,0,0,0,0,2,0,0,0,0,12,0,0,0,1,0,0,210,0,3,1,0,1,0,11,2,7,0,0,0,54,8,1,0,0,0,0,0,0,0,4007,3,0,0,0,0,0,0,0,0,487,20,6,2,0,0,0,161,11,0,0,0,0,0,0,0,0,0,0,90,0,1,0,0,0,0,0,0,50,0,0,0,0,0,0,0,45,60,1403,642,25229,15358,486,122,88,73,34,58,3,7,1,0,0,0,0,0,0,0,14547,4372,5167,21989,543,52562,1349,1,1,0,0,0,479,1,0,0,0,0,0,6870,1,1,0,0,0,0,0,0,287,16,9,0,0,0,0,0,0,0,0,0,15,0,0,0,0,2368,1,0,0,0,0,0,0,0,0,0,325,1,0,0,0,0,0,0,0,0,0,0,0,15,0,0,0,0,0,1874,0,0,0,0,1,0,0,0,1016,0,0,1,6,0,0,149,0,0,12,0,0,0,0,428,2,44,1,0,4,0,7227,8,1,0,1,0,0,0,0,0,186174,12,39,14,11,1,9,0,1,4905,78,18,2,35,0,1,2,0,7774,20,10,4,2,0,0,0,198758,2,49,1,0,0,0,0,334,4,3,1,1,0,0,0,93,0,0,0,0,0,2704,0,0,0,2,0,0,0,0,0,249,0,1,45,44656,185808,1,0,0,7992,154,0,1,0,0,0,721,0,0,0,607,0,0,0,0,0,0,0,0,0,0,0,0,0,228,0,0,0,0,0,0,0,0,0,100,0,0,0,0,0,0,0,0,0,0,0,1,0,2002,2,0,0,0,0,1,1,0,0,0,1,0,0,393,577,26,14746,1699,4193,4060,5623,4264,6875,7998,9717,4227,4523,3863,5804,5371,5542,2689,2380,1569,800,700,240,299,156,101,21,24,10,2,3,1,2,0,16694,9219,26,71,1,0,0,1,0,0,1122,0,0,0,0,0,0,0,0,0,802,0,0,0,34,2,2834,3,14,39
P,0,0,396,336,1,2,0,0,0,0,0,0,258,1,324,5,1075,0,12,1822,0,0,167027,0,0,0,1,0,0,15,1,994,767,144,1426,1306,0,19,0,1,0,683,2253,6990,1309,2232,11729,2600,1506,2281,986,5754,109,371,20,10,6,10,2,1,0,0,0,0,0,0,6,0,53,0,0,0,0,392,0,0,7,0,2176,5,6,0,0,0,0,6348,11,0,0,0,0,0,239945,0,2,1,0,0,55,4,3,3,0,0,0,0,1,0,217,26,24,3,0,1,2,1,0,0,520,679,2,1,0,0,0,4807,1,6,1,2,1,0,1,0,0,0,0,22,0,17,2,1,0,0,0,0,1734,6,5,0,0,0,0,0,72,989,106,77,1910,9805,72,420,99,108,82,9,4,1,1,2,1,0,0,0,0,0,2636,1101,788,1875,7788,509,419,24,0,0,0,0,3783,3,0,1,0,0,1,2988,0,0,0,0,0,0,0,0,7279,0,1,0,0,0,0,0,0,0,0,0,53,1,0,1,0,107,81,85,0,2,0,0,0,0,0,0,7,309,0,0,0,1,0,0,0,0,0,0,0,33,1,0,0,0,0,3440,0,1,0,0,0,0,0,0,143,6,1,0,1,0,0,8541,3,0,1,0,3,0,0,269,3,2,3,2,0,0,92,2,7,0,0,0,0,0,0,0,504,3,1,0,0,0,0,0,0,3207,0,2,1,0,0,0,0,0,265,5,4,2,0,1,0,0,313,28,6,1,1,0,0,0,3689,5,2,2,0,0,0,0,553,1,3,0,0,0,160,1,1,0,2031,2,2,1,0,0,683,0,0,35,235,163,2235,0,0,176,202091,1,0,0,0,0,29,0,0,0,11,1,0,0,0,0,0,0,0,0,0,0,0,1,4343,0,0,0,0,0,0,0,1,0,462,0,0,0,0,0,0,0,0,0,0,1,0,0,200,0,1,0,1,1,0,2,4,1,1,0,0,0,5,192,15,700,3965,13185,27680,14711,17713,9384,10407,13448,13252,10731,14836,10999,8593,7923,6859,4843,3323,1923,1530,635,417,125,175,39,44,1,3,1,0,0,0,3838,3141,299,35,3,3,1,57,0,0,4017,1,19,1,1,0,0,41,0,0,1314,0,0,0,16332,3,1273,5,799,5627
Q,26766,41,245496,39,6,75,0,0,0,0,0,0,8,1,0,25,469,3,71,229082,0,0,222,0,0,0,3,0,0,691,0,9,297,365,11,28,0,0,0,0,0,2520,102,115,1550,386,516,1602,3632,2135,878,984,111,200,16,15,3,3,2,2,0,0,0,0,0,0,1,0,13,0,0,0,0,128,0,0,0,0,232322,3,4,1,0,0,5,35,1,2,2,0,0,0,1024,3,0,0,0,0,202,3,2,0,0,1,0,0,0,0,7231,2,1,0,11,1,0,0,0,0,15687,27,0,0,0,0,0,418,7,1,0,1,0,0,0,0,0,0,0,1387,0,1,0,0,0,0,0,0,694,1,0,0,0,0,0,0,11,230,889,199,524,790,59,12,25,7,18,1,1,1,0,0,1,0,0,0,0,0,855,588,1571,1862,2801,1510,334,0,0,0,0,0,841,0,0,0,0,0,0,450,0,0,0,0,0,0,0,0,58,0,0,0,0,0,0,0,0,0,0,0,19,0,0,0,0,5597,4,1,0,3,0,0,0,0,0,0,3,754,0,0,0,0,0,0,0,0,0,0,0,0,0,0,0,0,0,13,0,0,0,0,0,0,0,0,18,0,4,0,0,0,0,31,10,0,0,0,0,0,0,11750,0,2,5,0,2,0,36,0,2,2,0,0,1,0,0,0,225,1,3,0,0,1,0,0,0,39,1,9,1,1,2,0,0,0,3822,0,0,1,0,0,1,0,524,0,1,1,0,0,0,0,805,0,1,0,0,0,0,0,350,0,1,0,0,0,224,0,0,0,661,3,1,0,0,0,213026,0,0,55,237,170,699,0,0,10131,196,0,0,0,0,0,690,0,0,0,15,0,0,0,0,0,0,0,0,0,0,0,0,0,227,0,0,0,0,0,0,0,0,0,1,0,0,0,0,0,0,0,0,0,0,0,0,0,362,2,0,0,0,0,1,0,0,1,0,0,0,0,12,324,1,470,1642,4133,10289,7421,3267,5270,5181,4746,4522,3420,3222,3892,4460,3499,2288,1379,1143,1344,507,3875,179,95,31,16,10,2,6,0,0,0,0,2236,917,484,5,9,1,0,0,0,0,185139,6,1,0,0,0,0,22,2,0,16,1,0,0,187603,0,15,2,1,127
R,0,15,150,132,8,18,0,0,0,0,1,0,29,209,227,548,260,0,19,5777,0,0,365,0,1,18,341,0,0,1885,0,142,3461,203959,340,216,0,611,0,2,0,1862,460,779,9732,19487,5582,4948,11586,20116,4057,3450,1226,5597,116,43,13,11,6,2,0,0,0,0,0,0,841,1,47,13,0,0,0,245687,18,0,0,0,6402,5,0,0,0,4,0,1532,5,2,0,1,2,1,507,7,0,0,6,0,1061,3,0,6,5,0,0,0,0,0,6963,1,53,3,0,0,0,0,0,0,1191,138,2,0,0,0,0,196925,45,51,73,5,3,1,1,0,1,0,0,398,3,17,17,0,0,0,1,0,5437,10,5,2,2,1,0,0,203,70,7464,806,8413,20849,569,145,179,86,46,5,7,3,0,0,0,0,1,0,0,0,14889,4413,11665,22327,3876,7352,162,0,1,0,0,0,4007,0,0,0,0,0,0,835,0,0,0,1,0,0,1,0,203,0,0,0,1,0,0,0,0,0,0,0,131,0,0,0,0,19670,61,5,1,0,0,0,1,0,0,0,428,247840,0,0,0,0,0,0,0,0,0,0,0,14,0,0,0,0,0,1084,0,1,1,0,0,0,0,0,97,2,1,0,0,0,0,208,5,0,1,0,0,0,0,193436,0,1,4,4,0,0,78,14,3,4,1,0,0,1,1,0,3490,16,10,0,10,0,3,0,0,1170,14,9,7,0,0,0,0,0,9173,6,1,0,1,0,0,0,3074,3,3,2,1,0,0,0,1514,3,1,0,1,0,0,0,405,0,1,1,0,0,490,0,7,0,1867,3,4,1,0,0,4977,0,0,2575,11321,1687,2556,0,0,11876,970,0,0,0,0,0,433,0,1,1,6,0,0,0,0,0,0,0,0,0,0,0,0,0,424,0,1,0,0,0,0,0,0,0,68,1,0,0,0,0,0,0,0,0,0,0,0,0,2679,0,0,2,0,1,1,3,0,0,0,0,0,1,7,1020,1028,939,14793,18401,26991,23945,16617,16855,13913,13720,12540,14283,12030,12083,10322,9145,7154,3920,4291,2214,1322,627,289,173,124,102,13,21,4,4,1,0,0,7104,2401,11958,329,75,60,58,1,2,1,12268,4,4,0,13,0,19,474,0,1,67,1,0,0,2575,3,31,5,6,8
S,0,4,0,54,0,43,51,0,0,0,0,0,219757,21,24,628,46799,0,24,117,0,0,7944,0,0,0,329,0,0,1251,0,243587,61,3355,77,233009,0,221,0,0,0,10996,3403,226727,1929,26338,32780,14380,76454,41848,14997,13177,1253,26626,300,443,90,97,28,8,3,0,1,0,0,0,140,0,1323,1,0,0,0,248,0,1,0,0,91,5,0,0,0,1,0,3090,5,0,1,0,0,0,2649,14,0,0,0,0,103,17,1,2,0,0,0,1,1,0,734,2,3,1,0,1,2,3,0,0,587,29,2,0,0,0,0,711,2,2,1,0,0,0,1,1,0,0,0,299,1,0,1,0,0,0,0,0,900,0,1,0,0,0,0,0,404,126550,22775,3279,102553,60881,3063,1646,964,828,233,71,55,10,7,31,4,0,3,1,0,0,95329,17052,22380,81003,7056,16762,4903,15,0,4,0,0,16432,2,13,0,0,0,0,1647,18,0,1,0,1,0,0,0,219213,3,0,0,9,0,0,0,0,1,0,1,283,1,1,2,0,681,14,61,1,74,0,1,0,2,0,0,1090,58,0,0,0,0,0,0,1,0,0,0,0,1586,0,0,1,0,0,6465,0,2,0,0,0,0,0,0,1452,40,1,0,0,1,0,223602,3,22,12,2,5,0,1,7204,7,6,2,2,1,0,693,19,1,6,0,4,0,1,0,0,12723,0,2,13,0,1,0,1,0,5503,4,2,3,0,0,0,0,0,756,0,1,4,0,2,0,0,9061,10,2,1,5,0,0,0,3944,11,5,0,0,0,0,1,486,1,2,1,0,0,6469,0,0,0,59,0,1,0,0,0,261,0,0,193,152175,10771,110,1,0,2967,14123,0,0,0,0,0,350,0,0,0,25,0,0,0,0,0,0,0,0,0,0,1,0,0,8208,0,0,1,1,2,0,0,0,0,1017,0,1,0,0,0,0,0,0,1,0,0,0,0,500,15,4,1,2,1,0,1,2,2,0,1,0,0,1123,9461,1199,4434,6939,13518,24358,21641,25540,23660,23297,23985,20850,18877,15105,14181,15277,10831,8336,7689,3175,2878,3827,761,321,348,174,83,15,33,14,2,1,0,1,8574,29764,1184,1306,8,3,3,0,2,1,402,19,1,0,0,0,0,57,0,0,1367,0,0,0,309,6,1540,147,220597,153821
T,0,0,0,0,1,22,1,0,0,0,0,0,27438,0,1,375,1458,0,86,496,0,0,5395,18,0,0,6,0,0,373,0,1573,104,21406,36,5141,0,0,0,0,0,26672,11872,3355,1899,4807,127777,2611,6787,16045,5316,19961,2885,9218,332,218,76,16,20,4,4,1,0,1,0,0,3,0,75,0,0,0,0,3,1,0,0,0,386,3,0,0,0,0,0,6751,2,2,2,0,0,0,908,1,0,0,0,0,149,3,0,0,0,0,0,0,0,0,1587,0,0,0,0,0,0,0,0,0,316,1,3,0,0,0,0,79,1,2,1,0,1,0,0,0,0,0,0,245,0,0,13,0,0,0,0,0,367,0,0,0,0,0,0,0,306,1634,19924,3079,29571,19411,507,254,165,213,91,30,19,35,5,2,1,0,0,0,0,0,17966,5896,11940,34430,180633,20608,627,3,0,9,9,9,11579,2,4,4,5,0,0,1084,0,0,0,0,0,0,0,0,2166,0,1,0,0,0,1,0,0,0,0,0,570,0,0,0,0,2255,17,3,0,3,0,2,0,0,0,0,62,8,0,0,0,0,0,0,0,0,0,0,0,385,2,0,0,0,0,216570,1,3,2,0,0,0,0,1,6286,4,6,2,0,1,0,5323,1,3,0,0,1,1,0,3490,1,2,1,0,0,0,297,2,10,0,0,1,0,0,0,0,5700,23,4,1,0,0,0,0,0,10666,20,3,6,3,0,0,0,0,3012,3,7,0,0,0,0,0,5057,25,7,3,2,1,0,1,203564,1,49,19,1,1,1,0,898,89,68,0,0,0,3896,1,0,0,27,1,0,0,0,0,423,0,0,1054,5133,9475,103,0,0,6910,8826,0,0,1,0,0,187,0,0,0,60,0,0,0,0,0,0,0,0,0,0,0,0,0,229299,0,0,0,0,0,0,0,0,0,596,1,0,0,0,0,0,0,0,0,0,0,0,0,9010,0,2,0,1,0,2,0,0,0,1,0,0,0,15,3169,39,7874,22393,13879,11729,15534,11344,14606,15546,13235,12413,10562,10018,8395,9543,7943,4261,3947,2033,1328,743,405,185,133,359,37,22,7,4,0,0,0,0,8009,5401,336,452,1,0,0,0,1,0,498,0,0,0,0,0,0,14,0,0,225010,0,0,1,347,23,223687,12,725,1320
V,30,154485,0,98,246840,163,0,0,0,0,0,0,12,319,164,263,5473,0,237701,34,0,0,2216,0,0,0,200,0,0,346,0,55,1122,227,3066,118,0,81,47,0,0,40426,25722,562,1789,7528,2669,8758,2542,4349,4422,11188,22122,1550,320,155,52,28,38,6,10,2,0,0,0,0,57,0,39635,0,0,0,0,7,0,0,0,0,85,1,0,0,0,0,0,16024,3,1,1,0,0,0,226,5,0,0,0,0,205,0,2,0,0,0,0,0,0,0,140,3,0,8,0,5,0,0,0,0,1016,0,3,0,0,0,0,1393,2,9,3,0,0,1,0,0,0,0,0,1710,3,3,0,0,0,0,0,0,4193,2,0,0,1,1,1,0,205687,1597,7293,11169,2070,4233,252,202,117,16,46,15,6,1,1,1,1,0,0,0,0,0,4513,2439,6078,9594,3017,5721,2253,2,0,1,0,0,13950,10,4,1,0,0,0,1152,2,19,0,3,0,0,0,0,383,1,0,0,0,0,0,0,0,0,0,0,222389,0,3,1,0,414,87,1,8,4,0,0,2,0,1,0,463,1,0,0,0,0,1,0,0,1,0,0,0,2249,0,2,0,0,0,3342,2,0,0,1,0,0,1,0,27858,0,0,2,18,1,0,627,1,2,4,0,6,0,0,2393,42,0,0,2,0,0,1110,2,6,1,0,0,0,0,0,0,1262,17,0,4,2,0,0,0,0,9220,3,3,3,0,0,0,0,0,516,0,2,4,0,0,0,0,135,4,25,0,1,0,0,0,2801,141,6,1,0,1,0,0,161540,10,85,2,0,0,1589,3,5,0,633,0,1,1,0,0,182,0,0,1317,399,393,3194,0,0,422,3452,0,0,0,0,0,624,0,0,0,361,0,0,0,0,0,0,0,0,0,0,0,0,0,42,0,1,0,0,0,0,0,0,0,598,0,0,0,0,1,0,0,0,0,0,0,0,0,164742,0,1,0,1,1,1,1,0,0,0,0,0,0,25,1177,192,10407,13687,12870,11964,11709,12521,11020,10603,12602,10279,11008,9687,8282,8611,5777,5448,2822,1822,1614,2269,471,236,235,66,26,28,10,2,0,0,1,0,4181,10099,793,185,2,3,0,2,1,0,244,6,0,0,0,0,0,140,0,0,356,0,1,0,898,235352,599,234104,42,6
W,0,2,0,5,5,2,0,0,0,0,0,0,17,313,13,7,1880,0,21,7,0,0,2,0,0,0,264,0,0,128,0,14,87,119,0,2,1,592,0,0,0,8,60,11,111,657,166,4007,481,1119,2139,4426,553,534,380,23,1,3,19,1,0,0,0,0,0,0,245182,0,830,0,0,0,0,28,0,0,0,0,284,0,1,0,0,0,0,3,0,0,0,0,0,0,9,0,0,0,0,0,573,0,1,0,0,1,0,0,0,0,18,0,0,0,0,0,0,0,0,0,113,14,1,0,0,0,0,37,5,0,0,0,0,0,0,0,0,0,0,58,3,0,0,0,0,0,0,0,45815,0,0,0,0,0,0,0,5,76,2903,127,1046,15183,117,29,98,8,7,25,0,1,0,0,0,0,0,0,0,0,1690,296,336,605,131,5142,296,2,0,0,0,0,94,1,0,0,0,0,0,44,0,0,0,0,0,0,0,0,105,0,0,0,0,0,0,0,0,0,0,0,139,0,0,0,0,104,3,2,74,0,0,0,0,0,0,0,9,47,0,0,0,0,0,0,0,0,0,0,0,27,0,0,0,0,0,7,0,0,0,0,0,0,0,0,2,0,0,0,0,0,0,115,0,0,0,0,0,0,0,173,0,1,0,0,0,0,1,0,0,0,0,0,0,0,0,0,9,0,0,0,0,0,0,0,0,56,1,0,0,0,0,0,0,0,91,0,0,1,0,0,0,0,12,0,0,0,0,0,0,0,134,1,0,0,0,0,0,0,504,0,0,0,0,0,2128,0,0,0,83,0,0,0,0,0,53,0,0,25,84,4,88,0,0,4,27,0,0,0,0,0,70,0,0,0,0,0,0,0,0,0,0,0,0,0,0,0,0,0,4,0,0,0,0,0,0,0,0,0,5,1,0,0,1,0,0,0,0,0,0,0,0,0,58,0,0,5,0,0,0,0,0,0,0,0,0,0,50,588,4323,138,228,2278,7172,8586,8733,8979,8645,9511,8698,7266,5150,5570,3615,2772,2070,2883,1392,3255,411,387,164,81,19,57,3,2,1,2,0,0,0,1370,1470,215073,100,2,0,1,1,1,0,47,0,0,1,0,0,0,148,0,0,0,0,0,0,17,0,1,1,5,9
Y,0,0,1,1,0,5,0,0,0,0,0,0,80,0,0,4,563,0,0,31,0,0,57,0,0,0,0,0,0,29,0,115,0,3,7,159,0,204,0,0,0,3548,1390,554,266,16998,4274,13092,4666,52457,141976,14003,2134,4350,394,233,138,72,40,6,1,1,1,0,0,0,306,1,28119,0,0,0,0,36,0,0,0,0,23,2,0,0,0,0,0,315,0,0,0,0,0,0,4,0,0,0,0,0,12,0,0,0,0,0,0,0,0,0,50,0,0,0,1,0,1,0,0,0,92,1,0,0,0,0,0,355,1,0,0,3,0,0,0,0,0,0,0,21,0,0,0,0,0,0,0,0,740,0,0,0,0,0,0,0,37,108,3134,379,11467,1931,138,99,58,18,13,62,14,5,0,1,0,0,0,0,0,0,4056,2331,2581,5698,308,72192,223853,11,1,0,0,0,156,0,3,0,0,1,0,923,1,0,0,0,0,0,0,0,992,1,0,0,0,0,0,0,0,0,0,0,47,9,0,0,0,27,1,0,0,0,1,0,0,0,0,0,57,8,0,0,1,0,0,0,0,0,0,0,0,611,0,0,0,0,0,130,0,0,0,0,0,0,0,0,24,0,0,0,0,0,0,1747,2,0,0,0,0,0,0,189,0,5,0,0,0,0,410,3,0,0,0,0,0,0,0,0,2757,3,0,1,0,0,0,0,0,394,0,0,0,1,0,0,0,0,167,2,0,0,3,0,0,0,709,0,4,5,0,0,0,0,74,0,16,0,0,0,0,0,119,130,0,0,0,0,204745,0,7,1,6,4,2,0,0,0,956,0,0,1,464,899,0,0,0,644,306,0,0,0,0,0,51,0,0,0,340,0,0,0,0,0,0,0,0,0,0,0,0,0,8,0,0,3,1,0,0,0,0,0,47,0,1,1,0,0,0,0,0,0,0,0,0,0,75,1,5,1,0,0,0,0,0,2,0,0,0,0,244688,206559,748,1422,792,3741,9557,14240,20670,20289,18393,15281,14049,16822,18424,17670,14688,17651,25299,18561,15835,9369,5033,3764,3180,1021,3256,594,172,41,82,20,29,1,2,3528,133422,1706,25,3,1,3,2,0,57,16,17,0,6,0,0,0,2,0,0,5,0,0,0,21,0,14,5,274,4