Amino_acid,Pos11B,Pos12,Pos13,Pos14,Pos14A,Pos14B,Pos14C,Pos15,Pos15A,Pos15B,Pos15C,Pos16,Pos17,Pos18,Pos19,Pos20,Pos21,Pos21A,Pos21B,Pos22,Pos22A,Pos22B,Pos22C,Pos23,Pos24,Pos25,Pos26,Pos27,Pos28,Pos29,Pos30,Pos31,Pos32,Pos33,Pos34,Pos35,Pos35A,Pos35B,Pos35C,Pos35D,Pos35E,Pos35F,Pos35G,Pos35H,Pos35I,Pos35J,Pos35K,Pos35L,Pos35M,Pos35N,Pos35O,Pos35P,Pos35Q,Pos36,Pos36A,Pos36B,Pos36C,Pos36D,Pos36E,Pos36F,Pos36G,Pos36H,Pos36I,Pos36J,Pos36K,Pos37,Pos37A,Pos37B,Pos37C,Pos37D,Pos38,Pos38A,Pos38B,Pos38C,Pos38D,Pos39,Pos39A,Pos39B,Pos39C,Pos39D,Pos39E,Pos39F,Pos40,Pos40A,Pos40B,Pos40C,Pos40D,Pos40E,Pos41,Pos41A,Pos41B,Pos41C,Pos41D,Pos41E,Pos42,Pos42A,Pos42B,Pos42C,Pos42D,Pos43,Pos43A,Pos43B,Pos43C,Pos43D,Pos43E,Pos43F,Pos43G,Pos43H,Pos43I,Pos44,Pos44A,Pos44B,Pos44C,Pos44D,Pos44E,Pos44F,Pos44G,Pos44H,Pos45,Pos45A,Pos45B,Pos45C,Pos45D,Pos45E,Pos45F,Pos45G,Pos45H,Pos45I,Pos46,Pos46A,Pos46B,Pos46C,Pos46D,Pos47,Pos47A,Pos47B,Pos47C,Pos47D,Pos47E,Pos47F,Pos48,Pos49,Pos50,Pos51,Pos52,Pos52A,Pos52B,Pos52C,Pos52D,Pos52E,Pos52F,Pos52G,Pos52H,Pos52I,Pos52J,Pos52K,Pos52L,Pos52M,Pos52N,Pos53,Pos54,Pos55,Pos56,Pos57,Pos58,Pos59,Pos59A,Pos59B,Pos59C,Pos59D,Pos59E,Pos60,Pos60A,Pos60B,Pos60C,Pos61,Pos61A,Pos61B,Pos61C,Pos61D,Pos62,Pos62A,Pos62B,Pos62C,Pos62D,Pos62E,Pos63,Pos63A,Pos63B,Pos63C,Pos64,Pos64A,Pos64B,Pos64C,Pos64D,Pos64E,Pos64F,Pos64G,Pos65,Pos65A,Pos65B,Pos65C,Pos66,Pos67,Pos67A,Pos67B,Pos67C,Pos67D,Pos67E,Pos67F,Pos67G,Pos67H,Pos68,Pos68A,Pos68B,Pos68C,Pos69,Pos69A,Pos69B,Pos69C,Pos69D,Pos69E,Pos69F,Pos69G,Pos69H,Pos69I,Pos70,Pos70A,Pos70B,Pos70C,Pos70D,Pos70E,Pos71,Pos71A,Pos71B,Pos71C,Pos71D,Pos71E,Pos71F,Pos71G,Pos72,Pos72A,Pos72B,Pos72C,Pos72D,Pos72E,Pos72F,Pos72G,Pos73,Pos73A,Pos73B,Pos73C,Pos73D,Pos73E,Pos73F,Pos73G,Pos74,Pos74A,Pos74B,Pos74C,Pos74D,Pos74E,Pos74F,Pos74G,Pos74H,Pos75,Pos75A,Pos75B,Pos75C,Pos75D,Pos75E,Pos75F,Pos76,Pos76A,Pos76B,Pos76C,Pos76D,Pos76E,Pos76F,Pos76G,Pos76H,Pos77,Pos77A,Pos77B,Pos77C,Pos77D,Pos77E,Pos78,Pos78A,Pos78B,Pos78C,Pos79,Pos79A,Pos79B,Pos79C,Pos79D,Pos79E,Pos80,Pos80A,Pos80B,Pos81,Pos82,Pos82A,Pos82B,Pos82C,Pos82D,Pos82E,Pos83,Pos84,Pos84A,Pos85,Pos85A,Pos86,Pos86A,Pos87,Pos87A,Pos88,Pos88A,Pos89,Pos89A,Pos89B,Pos89C,Pos89D,Pos89E,Pos89F,Pos89G,Pos89H,Pos90,Pos91,Pos92,Pos93,Pos94,Pos95,Pos96,Pos97,Pos98,Pos99,Pos100,Pos100A,Pos100B,Pos100C,Pos100D,Pos100E,Pos100F,Pos100G,Pos100H,Pos100I,Pos100J,Pos100K,Pos100L,Pos100M,Pos100N,Pos100O,Pos100P,Pos100Q,Pos100R,Pos100S,Pos100T,Pos100U,Pos100V,Pos100W,Pos100X,Pos101,Pos102,Pos103,Pos104,Pos104A,Pos104B,Pos104C,Pos104D,Pos104E,Pos104F,Pos105,Pos105A,Pos105B,Pos105C,Pos105D,Pos105E,Pos105F,Pos106,Pos107,Pos108,Pos108A,Pos109,Pos110,Pos111,Pos112,Pos113,PosCDR1_length,PosCDR2_length,PosCDR3_length
-,96581,755,613,541,96578,96578,96578,419,96579,96579,96580,416,345,310,286,245,220,96580,96581,194,96562,96571,96581,2,2,9,33,79,93,105,112,124,204,794,1486,4100,93608,94881,95774,96177,96377,96471,96537,96562,96575,96580,96580,96581,96581,96581,96581,96581,96581,5,96580,96581,96581,96581,96581,96581,96581,96581,96581,96581,96581,4,96578,96581,96581,96581,3,96567,96575,96577,96579,37,96564,96576,96578,96579,96581,96581,42,96570,96580,96580,96580,96580,57,96549,96572,96576,96580,96582,25,96545,96575,96578,96580,38,96519,96546,96548,96567,96571,96571,96576,96578,96581,39,96219,96366,96377,96564,96580,96580,96581,96581,61,96486,96506,96529,96553,96581,96581,96581,96581,96581,44,96553,96560,96565,96577,68,96569,96574,96574,96579,96580,96581,55,17,81,254,1180,26031,93131,94560,95498,95955,96281,96384,96514,96543,96560,96566,96578,96580,96580,16,7,1,1,0,61,27,96551,96569,96580,96581,96581,19,96557,96576,96580,25,96563,96567,96581,96581,23,96571,96574,96580,96581,96581,31,96579,96579,96579,27,96428,96543,96544,96548,96580,96580,96580,9,96581,96581,96581,6,5,96581,96581,96581,96581,96581,96581,96581,96581,6,96576,96576,96581,8,96559,96559,96569,96575,96577,96580,96581,96581,96581,6,96562,96566,96577,96579,96580,10,96558,96561,96568,96577,96581,96581,96581,94,96545,96552,96569,96578,96579,96579,96581,281,96498,96522,96552,96562,96575,96576,96581,468,96448,96527,96561,96566,96579,96580,96580,96581,265,96550,96561,96575,96578,96580,96580,245,96498,96507,96562,96577,96579,96582,96582,96582,116,96489,96520,96564,96581,96581,26,96488,96506,96558,16,96555,96561,96569,96581,96581,3,96571,96571,2,1,1,2,2,96579,96579,1,1,96398,2,96580,2,96576,1,96582,1,96581,1,96563,96578,96578,96578,96578,96578,96578,96580,2,15,1,0,0,21,492,847,3889,4749,6783,9075,12489,16577,21795,27715,33808,40727,50344,62157,71454,79602,85686,89599,91916,93908,94602,95792,96254,96433,96510,96558,96567,96578,96581,3,0,0,1,96522,96552,96557,96560,96563,96563,3,96556,96567,96572,96572,96572,96573,79,686,1363,96581,1376,1492,1722,4301,20052,0,0,0
A,0,2737,50,32838,0,0,0,63,0,0,0,650,664,91,89,10,2768,0,0,5,1,1,0,60439,75115,1180,1128,1400,3841,1871,2872,2259,2456,43959,1506,12562,566,186,167,89,11,40,5,5,0,0,0,0,0,0,0,0,0,7,0,0,0,1,0,0,0,0,0,0,0,801,0,0,1,0,23,0,0,0,0,67,3,0,0,0,0,0,81753,3,0,0,0,0,778,4,2,2,0,0,224,3,2,1,0,587,5,0,5,2,2,2,0,1,0,2413,1,147,0,0,0,0,1,0,62,1,0,0,0,0,0,0,0,0,564,2,2,0,0,3668,0,1,0,0,0,0,566,46448,20688,543,3313,4049,110,93,35,15,27,10,4,7,1,2,1,0,0,4481,2858,4023,3408,4441,1681,121,0,0,0,0,0,68786,1,1,0,2124,0,1,0,0,2950,2,0,0,0,0,3753,0,0,0,334,3,3,0,0,0,0,0,550,0,0,0,2,239,0,0,1,0,0,0,0,0,3794,0,0,0,820,0,0,0,0,1,0,0,0,0,1886,1,0,0,2,0,474,3,0,9,0,0,0,0,756,1,7,2,1,0,1,0,776,35,0,0,2,0,1,0,76132,11,3,11,3,1,0,1,0,938,3,6,1,0,0,0,477,9,28,1,0,0,0,0,0,2671,7,0,0,0,0,4928,0,0,22,898,1,0,0,0,0,7,0,0,126,76,363,847,194,0,0,270,2251,0,843,0,712,1,1599,0,84408,0,815,0,0,0,1,4,0,0,0,4,134,31,70376,56567,8303,5305,4960,4983,4892,4657,4764,5926,4236,4136,4537,4986,3619,2361,1803,1289,680,657,226,172,110,48,28,16,4,0,0,0,0,0,4667,2341,105,530,5,1,0,1,0,1,93,0,1,0,0,0,0,81,1233,106,0,176,1288,295,1506,4407,0,0,0
C,0,3,3,3,0,0,0,6,0,0,0,9,35,2,4,2,23,1,0,95294,0,8,0,6,50,73,16,220,72,183,397,367,772,5488,302,502,93,45,17,11,8,0,4,1,1,0,0,0,0,0,1,0,0,272,0,0,0,0,0,0,0,0,0,0,0,205,0,0,0,0,201,0,0,0,1,1,0,0,1,0,0,0,59,0,0,0,0,0,3,0,0,0,0,0,4,0,0,0,0,1,0,0,0,0,0,0,0,0,0,2,0,0,0,0,0,0,0,1,954,1,1,0,0,0,0,0,0,0,1,0,0,0,1,258,0,0,0,0,0,0,18,97,36317,75,285,162,6,3,5,1,0,0,0,0,0,0,0,0,0,168,106,121,87,5,114,199,0,0,0,0,0,7,0,0,0,6,0,0,0,0,55,0,0,0,0,0,5,0,0,0,0,1,0,0,0,0,0,0,112,0,0,0,16,273,0,0,0,0,0,0,0,0,3,0,0,0,61,0,0,0,0,0,0,0,0,0,56,0,0,0,0,0,19,0,0,0,0,0,0,0,4,0,0,0,0,0,0,0,8,0,0,0,0,0,0,0,12,0,0,0,0,0,0,0,0,3,0,0,0,0,0,0,5,0,0,0,0,0,0,0,0,1,0,0,0,0,0,28,0,0,0,163,0,0,0,0,0,2,0,0,1,1,5,58,2,0,0,3,98,0,2,0,6,0,2,0,18,0,13,1,0,0,0,0,0,0,0,144,527,92397,82,108,481,1721,1009,3743,4656,5739,4556,6303,5670,3757,2561,1658,1004,1383,388,280,139,70,133,9,11,10,6,12,0,3,0,0,0,0,204,479,330,257,1,1,0,0,0,0,6,0,0,0,0,0,0,8,2,0,0,0,0,4,35,0,0,0,0
D,0,1,75,148,0,0,0,12,0,0,0,2184,15,0,16,2,45,0,0,0,0,0,0,259,478,204,777,2918,1192,1453,25756,11779,2338,4541,184,636,66,22,21,14,12,4,0,0,0,0,0,0,0,0,0,0,0,1,0,0,0,0,0,0,0,0,1,0,0,169,0,0,0,0,1,0,0,0,0,33,1,0,0,0,0,0,286,0,0,0,0,0,18,1,1,0,0,0,207,0,0,0,0,118,5,0,2,0,2,0,0,0,0,1730,2,3,34,1,0,0,0,0,30,7,9,7,0,1,0,0,1,0,1867,2,2,1,0,111,0,2,0,0,0,0,83,15,3567,138,6135,1123,279,260,126,22,4,9,6,1,6,0,0,0,0,5379,18405,8382,3919,251,6188,600,3,9,0,0,0,2253,15,0,2,81502,12,1,1,0,501,2,0,0,0,0,163,0,3,0,252,0,0,0,0,0,0,0,2697,0,0,0,2,1,0,0,0,0,1,0,1,0,61,0,1,0,48,0,0,1,0,0,0,0,0,0,120,0,2,0,0,0,24,7,0,0,0,0,0,0,89210,3,4,6,0,0,1,1,5118,13,11,7,0,6,0,1,2833,14,2,1,0,1,0,0,0,926,2,1,2,0,0,0,3113,0,3,0,0,0,0,0,0,10,0,1,0,0,0,29,1,0,0,2435,1,0,0,0,0,0,0,0,368,0,8030,5114,0,0,0,231,277,1,5799,1,94051,1,4,0,591,0,649,13,1,0,0,0,0,0,1,506,371,11,273,490,25149,4198,5216,3742,4783,5795,4562,5997,4679,4417,4066,4673,4227,3540,2995,1992,1221,784,408,956,476,198,103,93,8,2,1,1,0,0,47752,2511,14,335,1,1,1,0,17,0,80,0,1,0,0,0,0,7,19,1,0,89,15,35,32,0,0,0,0
E,0,130,1667,46,0,0,0,154,0,0,0,5029,3,3,138,0,9,0,0,0,2,0,0,3195,53,90,2539,300,239,659,4842,1094,458,563,136,132,10,19,4,0,0,0,0,0,0,0,0,0,0,0,0,0,0,0,0,0,0,0,0,0,0,1,0,1,0,4,0,0,0,0,1,0,0,0,0,564,1,0,0,0,0,0,51,0,1,1,2,0,46,0,0,0,0,0,867,3,2,0,0,1757,26,0,15,1,0,2,0,0,0,58100,29,18,165,17,0,1,0,0,47,49,38,19,0,0,0,0,0,0,90145,9,3,7,4,1708,0,3,1,1,1,0,55,173,648,38,1734,1044,41,33,20,13,29,4,0,1,1,0,0,0,0,704,1336,2640,961,697,1607,52,1,1,0,0,0,1653,1,0,0,4985,0,0,0,0,23,0,1,0,0,0,264,0,0,3,3549,14,2,1,6,0,0,0,158,0,1,0,1,0,0,0,0,0,0,0,0,0,5,0,0,0,2,0,1,0,0,0,0,0,0,0,24,0,1,0,0,0,290,1,0,0,0,0,0,0,1396,0,0,0,1,0,0,0,207,0,2,1,1,0,0,0,702,19,1,0,0,0,0,0,0,4859,4,0,0,2,0,2,263,1,2,2,0,0,0,0,0,324,0,1,0,1,0,267,0,0,0,150,0,1,0,0,0,1,0,0,5167,3,570,260,7,0,0,5801,120,182,87040,0,895,0,33,0,21,0,297,0,0,0,1,0,0,0,1,23,32,3,722,1023,7316,3567,3524,2286,1929,2086,2466,3112,3033,3714,3365,3447,4981,3718,2836,1826,1325,757,535,261,670,89,34,11,30,5,1,2,0,0,6634,349,249,24,3,0,0,0,0,0,1431,2,7,0,0,0,0,265,0,393,0,10,2,2,0,2,0,0,0
F,0,18,0,85,0,0,0,6,0,0,0,2,208,6,0,118,115,0,0,205,0,0,0,93,584,394,169,43146,1230,44568,455,2347,4334,1096,599,195,76,25,14,1,0,1,0,0,0,0,0,0,0,0,0,0,0,78,1,0,0,0,0,0,0,0,0,0,0,58858,0,0,0,0,13,0,0,0,0,1,0,0,0,1,0,0,147,0,0,0,0,0,3,0,0,0,0,0,0,0,0,0,0,10,0,0,0,1,0,0,0,1,0,4,0,1,0,0,0,0,0,0,376,0,0,1,0,0,0,0,0,0,11,0,0,0,0,12055,0,0,0,0,0,0,274,56,1165,1479,510,617,14,57,13,10,2,3,10,0,3,0,0,0,0,646,461,331,860,177,2531,874,0,0,0,0,0,121,0,0,0,52,0,0,0,0,2645,0,0,0,0,0,87,0,0,0,10,1,0,2,0,0,0,0,10,0,0,0,0,93361,0,0,0,0,0,0,0,0,227,0,0,0,330,1,0,3,0,3,0,0,0,0,801,0,1,0,1,0,53,0,0,0,0,0,0,1,15,1,0,0,0,0,0,0,163,1,0,0,0,0,0,0,224,1,2,1,1,0,0,0,1,20,0,0,0,0,0,0,24,0,0,0,0,0,0,0,0,23,0,1,0,0,0,322,1,1,0,3579,0,0,10,0,0,49,0,0,22,5,22,30,25,0,0,180,1372,0,0,0,0,0,2,0,5,0,340,0,0,0,0,0,0,0,0,272,4804,160,150,335,710,3074,3297,2940,2804,2251,1841,2074,2427,2675,2336,2954,2499,2150,1907,1695,980,745,439,225,172,81,77,23,18,21,3,4,1,0,472,3469,615,4,0,1,0,1,0,0,6,0,1,5,0,0,0,0,11,2,0,70,33,99,120,0,0,0,0
G,0,396,20,135,0,0,0,95508,1,0,0,86450,19,5,701,1,15,0,0,243,1,1,0,533,2472,442,84874,2757,1227,980,6592,4109,1649,4735,2335,56546,790,594,254,103,75,33,18,5,5,0,1,0,0,0,0,0,1,457,0,0,0,0,0,1,0,0,0,0,1,123,0,0,0,0,115,3,3,3,0,52,1,1,2,1,0,0,2424,1,1,0,0,0,28,8,0,0,0,0,94315,22,3,0,2,442,0,3,1,4,3,1,1,1,0,17807,5,1,1,0,1,0,0,0,460,3,1,1,0,0,0,0,0,0,1636,11,1,0,0,38744,1,0,5,1,1,1,840,1870,5720,58,3776,4176,549,552,300,55,28,70,1,10,0,0,0,0,1,16364,57175,57335,3585,276,932,19,6,0,0,0,0,3215,1,0,0,1723,1,0,0,0,105,0,0,1,1,0,1112,0,0,0,234,30,2,0,4,0,0,0,92028,0,0,0,145,9,0,0,0,0,0,0,0,0,51,0,0,0,140,0,0,0,0,0,0,0,0,0,102,0,0,0,0,0,1508,0,0,0,0,0,0,0,1288,2,7,2,0,0,0,0,827,5,0,0,0,0,0,0,2791,2,3,0,0,0,1,0,0,781,1,1,0,0,0,0,1060,3,2,0,0,0,0,0,0,30,1,1,0,0,0,1113,1,0,0,40,0,0,0,0,0,4,0,0,87,20,334,3213,9,0,0,316,42,0,1660,0,375,1,31,0,10528,0,397,0,0,2,0,0,2,2,0,1,43,1548,2225,2391,12639,9967,15221,12534,11865,13527,9802,9429,7589,6939,5520,5443,5162,3878,2560,2298,1406,638,707,339,179,110,55,38,4,5,2,0,0,0,11034,749,930,94520,20,3,2,2,0,0,171,3,0,0,1,9,1,95862,53,16,0,117,2,114,25,5,0,0,0
H,0,1,1046,69,0,0,0,0,0,0,0,13,11,18,9,58,11,0,0,1,0,0,0,28,121,559,40,829,231,492,1348,2164,3077,2755,71,492,14,27,2,10,1,2,0,0,0,0,0,0,0,0,0,0,0,1,0,0,0,0,0,0,0,0,0,0,0,538,1,0,0,0,461,4,0,0,0,545,0,0,0,0,0,0,38,0,0,0,0,0,22,0,0,0,0,0,12,0,0,0,0,55,0,1,0,0,0,0,0,0,0,88,5,0,0,0,0,0,0,0,612,0,2,0,0,0,0,0,0,0,27,0,4,0,0,38,1,0,0,0,0,0,4,6,735,131,1021,618,16,33,4,13,1,1,0,0,0,0,0,0,0,665,757,659,966,50,3232,1038,0,1,0,0,0,241,0,0,0,603,0,0,0,0,104,0,5,0,0,0,2,0,0,0,8,0,0,0,0,0,0,0,36,0,0,0,24,9,0,0,0,0,0,0,0,0,49,0,0,0,22,0,1,1,0,0,0,0,0,0,117,3,0,0,0,0,418,1,1,0,0,0,0,0,282,1,0,0,0,0,0,0,1266,0,7,0,0,0,0,0,215,2,1,0,0,0,0,0,0,43,0,0,0,0,0,0,670,0,0,1,0,2,0,0,0,19,0,3,0,0,0,59,0,0,0,1526,5,0,1,0,0,48,6,0,1216,1,1154,206,17,0,0,171,625,0,15,0,89,0,8,0,3,0,331,1,0,0,0,0,0,0,0,229,1101,4,685,247,1287,1879,1369,1235,1355,1086,1452,1709,1122,1623,924,854,924,719,421,324,229,170,142,74,14,9,5,0,4,0,5,0,1,0,1545,3193,52,32,1,0,0,1,0,0,591,1,0,1,0,0,0,0,22,257,0,2,9,0,18,0,0,0,0
I,0,33,1,172,0,0,0,0,0,0,0,0,13,19,233,402,19,0,0,0,0,0,0,1087,2082,85,159,2114,14561,1900,1159,12931,819,2877,29340,698,269,124,55,36,23,12,1,0,0,0,0,0,0,0,0,0,0,3,0,0,0,0,0,0,0,0,0,0,0,743,0,0,0,0,13,0,0,0,0,0,0,0,0,0,0,0,368,0,0,0,0,0,64,2,1,1,0,0,2,0,0,0,0,28,0,0,0,0,0,0,0,0,0,7,0,0,0,0,0,0,0,0,139,0,0,0,0,0,0,0,0,0,49,0,1,0,0,322,0,0,0,0,0,0,7861,134,894,80965,1864,1261,436,73,18,41,10,4,2,3,0,0,0,0,0,1582,1069,952,4801,5196,1353,345,2,0,0,0,0,620,1,1,0,51,1,0,0,0,45,0,1,0,0,0,293,0,0,0,56,1,0,0,0,2,0,0,4,0,0,0,2,252,0,1,0,0,0,0,0,0,1476,3,0,0,81218,0,7,6,0,0,1,1,0,1,68,0,1,0,0,0,526,1,1,1,0,0,0,0,26,1,0,0,1,0,0,0,992,4,1,0,0,0,0,0,262,1,0,0,0,0,0,0,0,94,0,1,0,0,0,0,241,4,4,2,0,0,0,0,0,1321,2,0,1,0,0,1670,0,0,0,329,0,0,0,0,0,87,0,0,34,2591,393,283,63,0,0,389,401,0,5,0,1,0,49,0,1,0,5073,0,1,0,0,0,0,1,0,2,921,5,200,1232,1275,2855,2931,3949,2808,2134,2135,1591,1712,2060,1950,1065,1418,865,839,506,344,141,90,60,11,14,6,3,2,1,0,0,0,0,578,1310,30,0,0,0,0,0,0,0,10,0,0,0,0,0,0,1,1830,2,0,374,1051,371,0,0,0,0,0
K,0,4,495,4,0,0,0,0,0,0,0,109,0,11,3820,0,5,0,0,0,0,0,0,801,39,16,351,350,326,179,965,884,984,183,226,176,4,4,18,4,0,0,0,0,0,0,0,1,0,0,0,0,0,0,0,0,0,0,0,0,1,0,0,0,0,0,0,0,0,0,9,0,0,0,0,177,0,0,0,0,0,0,23,0,0,0,0,0,14,1,0,1,0,0,12,0,0,0,0,85808,11,1,2,0,2,3,2,1,1,1033,83,26,2,0,1,0,0,0,43,8,1,0,0,0,0,0,0,0,550,0,1,0,0,369,1,1,0,0,0,0,2,4,162,71,742,1219,43,22,10,1,9,0,0,1,0,0,0,1,0,1218,226,601,2051,2126,3379,28,0,1,0,0,0,688,0,0,0,204,0,0,0,0,8,0,0,0,0,0,56,0,0,0,81562,30,0,1,0,0,0,0,134,0,0,0,6,0,0,0,0,0,0,0,0,0,57,0,0,0,6,0,0,0,0,0,1,0,0,0,4,1,0,0,0,0,5133,0,3,0,1,0,0,0,34,0,0,1,0,0,0,0,2370,2,12,0,0,0,0,0,54,42,9,2,0,0,0,0,0,79331,2,2,0,0,0,0,4304,5,3,7,2,0,0,0,0,542,0,3,0,0,0,37,1,0,0,39,0,1,0,0,0,9,1,0,1129,297,1884,699,6,0,0,75271,0,1,193,0,8,0,255,0,0,0,404,0,0,0,0,0,0,0,0,4,49,1,856,6711,2581,2097,1759,994,1132,675,1315,1231,1054,1445,985,1550,749,530,538,322,191,478,127,113,36,8,25,3,1,1,0,0,0,0,1130,197,183,1,2,0,0,0,0,0,11806,0,0,0,0,0,0,2,39,513,0,0,4,0,1,1,0,0,0
L,0,123,268,156,0,4,0,4,2,0,0,3,34,94037,84,93884,39,0,0,26,0,0,0,1674,441,103,210,4231,2211,26031,472,1785,1838,609,3519,216,113,29,21,12,11,0,3,0,0,0,0,0,0,0,0,1,0,211,1,0,1,0,0,0,0,0,0,0,0,1196,1,0,0,0,270,0,0,0,0,1005,1,0,0,0,0,0,219,2,0,0,0,0,562,2,0,0,0,0,22,0,0,0,0,200,2,0,1,0,0,0,0,0,0,165,0,2,0,0,0,0,0,0,13914,1,1,1,0,0,0,0,0,0,54,0,0,0,0,16326,2,0,1,0,0,0,3367,798,861,3591,529,1228,115,33,22,9,10,15,0,0,4,0,2,1,0,847,584,750,1484,848,1177,1498,4,1,0,0,0,1548,2,0,0,63,0,0,0,0,159,1,0,0,0,0,1303,0,0,0,284,1,0,1,0,0,0,0,7,0,0,0,104,685,0,0,0,0,0,0,0,1,87,0,0,0,1356,0,5,0,0,0,0,0,0,0,97,5,0,1,0,0,1281,0,2,0,0,0,0,0,142,0,1,1,0,0,1,0,229,0,0,0,0,0,0,0,1115,0,0,0,0,0,0,0,0,302,2,0,1,0,0,0,93,3,2,0,0,0,0,0,0,460,7,1,1,0,0,19401,1,33,0,503,13,1,0,0,0,94305,0,9,808,3560,82,63,92921,0,3,226,1308,0,14,0,1,0,11,0,5,0,5910,0,0,0,0,0,0,0,0,6,485,44,261,1926,2706,8079,5647,6568,6603,4761,5652,4692,6624,5535,7352,4077,2716,2292,1554,1774,660,458,271,484,92,52,44,11,18,1,0,0,0,0,1144,1355,617,0,1,0,0,0,0,0,380,2,0,0,0,0,0,1,35,7472,0,66,17,31,9,5,0,0,0
M,0,161,11,2,0,0,0,0,0,0,0,19,1,212,78,7,2,0,0,0,0,0,0,28,118,28,42,252,869,775,294,1199,668,679,46824,620,339,211,91,43,18,11,7,4,0,1,0,0,0,0,0,0,0,3,0,0,0,0,0,0,0,0,0,0,0,12,0,0,0,0,0,0,0,0,0,21,0,0,0,0,0,0,4,0,0,0,0,0,2,0,1,0,0,0,15,0,0,0,0,462,0,0,0,0,0,0,0,0,0,57,0,4,0,0,0,0,0,0,18,0,0,0,0,0,0,0,0,0,38,0,0,0,0,569,0,0,0,0,0,0,173,10,180,1922,460,455,19,1,14,4,1,1,0,0,0,0,0,0,0,362,101,184,1085,294,562,121,0,0,0,0,0,57,0,0,0,9,0,1,0,0,0,0,0,0,0,0,2526,0,0,0,515,4,0,11,0,0,0,0,1,1,0,0,0,10,0,0,0,0,0,0,0,0,29,0,0,0,1321,0,3,0,0,0,0,0,0,0,3,0,0,0,0,0,189,0,0,0,0,0,1,0,4,1,1,0,0,0,0,0,177,0,0,0,0,0,0,0,16,0,9,0,0,0,0,0,0,326,0,0,0,0,0,0,128,25,0,0,0,0,0,0,0,5947,1,4,5,0,0,3102,1,1,0,9,0,0,0,0,0,343,0,0,67,88361,24,275,485,0,0,158,7,0,16,0,0,0,376,0,0,0,7893,0,0,0,0,0,0,0,0,0,44,0,122,259,495,1112,933,1161,887,1196,1769,1491,2040,1915,1461,1745,1986,2205,1319,802,1425,609,306,273,103,102,57,27,11,1,0,1,0,0,243,78,69,0,0,0,0,0,0,0,18,0,0,0,0,0,0,1,20,58,0,1,8,1,0,0,0,0,0
N,0,0,82,46,0,0,0,1,0,0,0,162,35,0,1173,0,27,0,0,0,0,0,1,62,85,175,108,1873,1987,659,4480,7458,13224,1641,318,1947,33,45,18,8,0,1,1,0,0,0,0,0,0,0,0,0,0,0,0,0,0,0,0,0,0,0,0,0,0,53,0,0,0,1,2,0,0,2,0,1,0,0,0,0,0,0,67,0,0,1,0,0,3,0,1,0,0,0,26,0,0,0,0,1542,1,0,2,0,0,0,0,0,0,155,7,1,0,0,0,0,0,0,44,3,1,0,0,0,0,0,0,0,49,0,0,0,0,20,0,0,0,0,0,0,8,29,572,232,10284,4679,162,49,26,27,9,11,2,1,2,2,0,0,0,6086,1612,1807,7756,164,23240,421,1,0,0,0,0,147,0,0,0,2332,0,0,0,0,123,3,0,0,0,0,9,0,0,0,750,1,0,0,0,0,0,0,118,0,0,0,0,3,0,0,0,0,0,1,0,0,604,1,0,0,293,0,0,1,3,0,0,0,0,0,50,0,1,1,0,0,182,2,4,0,0,1,0,0,2381,7,1,0,0,1,0,0,75173,4,20,11,5,1,4,0,1413,24,16,2,11,0,1,1,0,2547,14,2,1,2,0,0,79387,1,13,1,1,1,0,0,0,78,2,2,0,0,0,30,0,0,0,1059,1,0,1,0,0,0,0,0,75,15,75624,14478,3,0,0,2837,54,0,228,0,179,0,61,0,29,0,647,0,0,0,1,0,0,0,0,128,196,14,10942,682,1878,1648,2217,1633,2590,2725,3485,1631,1755,1469,2208,1929,1858,1002,789,534,344,220,78,85,39,44,6,11,1,0,2,0,1,0,6210,2948,14,28,0,0,0,0,0,0,398,0,0,0,0,0,0,0,226,11,0,1,810,1,6,9,0,0,0
P,0,5,563,56377,0,0,0,3,0,0,0,8,386,304,47,509,480,0,0,3,0,0,0,203,817,2397,394,810,3594,798,481,805,367,1865,39,100,8,2,1,1,0,1,0,0,1,0,0,0,0,0,0,0,0,2,0,0,0,0,1,0,0,0,0,0,0,28,0,0,0,0,136,0,2,0,0,694,2,3,0,0,0,0,2064,0,0,0,0,0,93096,0,0,1,2,0,10,2,0,2,0,80,7,6,1,0,2,1,0,0,0,229,170,0,1,0,0,0,0,0,1835,2,4,0,0,0,0,0,0,0,7,2,3,0,0,543,1,0,1,0,0,0,33,291,56,16,576,2855,43,114,22,34,12,1,3,0,1,0,1,0,0,899,370,342,672,2912,156,135,5,0,0,0,0,1196,0,0,0,941,0,0,0,0,2300,0,0,1,0,1,24,0,0,0,26,21,20,0,0,0,0,0,1,0,0,0,96,12,0,0,0,0,0,0,0,0,1001,0,0,0,41,0,0,0,0,0,0,0,0,0,2527,1,0,0,0,1,77,0,0,2,0,0,0,0,41,0,2,0,0,0,0,0,147,1,0,0,0,0,0,0,1141,0,0,2,0,0,0,0,0,72,2,0,0,0,0,0,109,13,0,1,0,0,0,0,0,1085,3,1,2,0,0,164,0,1,1,39,0,2,0,0,0,682,0,0,219,6,51,69,739,0,0,55,79598,0,8,0,5,0,1227,0,158,0,72,0,0,0,1,0,0,1,0,4,59,2,197,1174,4514,10632,5476,6968,3767,4256,4722,4807,4445,5519,4357,3213,2819,2281,1800,1159,628,483,186,124,48,48,11,10,5,1,0,0,0,0,1543,1256,140,19,1,0,0,16,0,0,1307,0,5,0,1,1,0,13,367,4755,0,0,365,4,250,1637,0,0,0
Q,1,15,89657,54,0,0,0,2,0,0,0,202,3,103,124,4,13,0,0,0,0,0,0,743,41,26,460,131,125,497,1018,680,323,291,32,61,5,5,1,0,0,0,0,0,0,0,0,0,0,0,0,0,0,0,0,0,0,0,0,0,0,0,0,0,0,7,0,1,0,0,53,1,0,0,0,90879,0,2,1,1,0,1,12,0,0,0,0,0,385,1,2,0,0,0,67,2,0,0,0,2333,0,1,2,4,0,0,0,0,0,13456,9,3,0,0,0,0,0,0,138,0,1,2,1,0,0,0,0,0,494,0,1,2,0,246,0,0,0,0,0,0,9,59,379,59,181,293,14,3,8,2,6,0,0,0,0,1,0,0,0,281,164,455,570,882,529,110,0,0,0,0,0,291,0,0,0,137,0,0,0,0,11,0,0,0,0,0,6,0,0,0,1909,5,0,0,0,0,0,0,1,0,0,0,253,0,0,0,0,0,0,0,0,0,5,0,0,0,1,0,1,0,0,0,0,0,0,0,11,3,0,0,0,0,3090,0,1,0,0,0,0,0,19,0,0,0,0,0,0,0,73,1,0,0,0,0,0,0,21,1,0,0,0,1,0,0,0,1349,0,0,0,0,0,0,141,0,0,0,0,0,0,0,0,251,1,0,0,0,1,128,11,0,0,85,0,3,0,0,0,212,2,0,85028,29,59,74,227,0,0,3188,61,0,243,0,1,0,66,0,0,1,115,0,0,0,0,0,0,0,0,5,136,2,220,607,1894,3449,2552,1349,1713,1922,1757,1755,1524,1231,1390,1573,1214,808,429,417,410,169,1091,54,28,10,2,2,0,2,0,0,0,0,912,294,178,1,3,0,0,0,0,0,75615,1,0,0,1,0,0,9,3,80412,1,0,1,0,1,36,0,0,0
R,0,8,1813,122,0,0,4,155,0,2,0,591,53,995,81470,96,68,1,0,257,0,0,0,693,149,259,3242,10246,1818,1444,4256,6228,1338,1249,366,1721,37,16,4,4,1,1,0,0,0,0,0,0,0,0,0,0,0,268,0,1,0,0,0,0,0,0,0,0,0,11,2,0,0,0,95167,5,2,0,0,2248,3,0,0,0,1,0,503,0,0,0,0,2,163,4,0,0,0,0,410,1,0,1,0,2214,3,23,0,1,0,0,0,0,0,504,39,6,1,0,0,0,0,0,77104,14,16,22,28,0,0,0,0,1,139,2,4,4,0,1672,4,1,0,1,0,0,63,17,3063,322,3183,6580,158,42,54,22,17,4,2,0,1,0,0,0,0,5682,1586,3631,8247,1568,2491,41,0,0,0,0,0,1301,0,0,0,260,0,0,0,0,58,0,0,0,0,0,36,0,0,0,5981,19,3,1,0,0,0,2,138,0,0,0,95890,5,0,0,0,1,0,0,0,0,336,0,0,1,21,0,1,0,0,0,0,0,0,0,68,1,0,0,0,0,75708,0,5,1,3,0,0,0,39,8,3,1,0,1,0,0,1126,6,3,1,4,0,0,0,415,2,3,1,0,0,0,0,0,3252,0,1,0,0,0,0,1046,2,0,0,0,0,0,0,0,466,1,1,0,0,0,101,0,0,0,132,0,0,0,0,0,582,0,2,1658,759,551,3564,795,0,0,4004,343,0,115,0,6,0,130,0,22,0,939,0,0,0,0,0,2,0,0,0,364,343,517,5465,8033,10896,9559,6696,6542,5211,5888,5056,5323,4643,4600,3834,3676,2457,1364,1354,749,417,197,94,64,39,34,5,9,2,0,0,0,0,2863,783,4487,101,17,18,20,0,2,0,4277,2,0,0,7,0,8,142,19,780,0,2,16,6,3,2,0,0,0
S,0,9,45,2724,0,0,0,94,0,0,0,450,94208,14,1168,10,91100,0,1,78,1,1,0,3405,1032,89016,574,15707,9945,5066,36122,16194,5254,4498,445,9919,88,134,30,27,11,1,1,3,0,0,0,0,0,0,0,0,0,40,0,0,0,0,0,0,0,0,0,0,0,508,0,0,0,0,79,0,0,0,0,36,3,0,0,0,0,0,1017,1,0,0,0,0,956,6,1,0,0,0,39,4,0,0,0,284,1,0,0,0,0,1,1,0,0,212,9,1,0,0,0,0,0,0,215,1,1,0,0,0,0,0,0,0,136,0,0,1,0,494,0,0,0,0,0,0,122,45368,8266,1124,39620,22449,1081,479,287,268,63,25,25,3,3,9,0,0,1,41465,6052,7744,38921,2327,5770,1480,4,0,1,0,0,5544,0,3,0,545,5,0,0,0,86266,2,0,0,0,0,81,0,0,0,238,6,8,0,21,0,2,0,344,0,0,0,14,650,1,0,0,0,0,0,0,0,2181,0,2,0,405,22,2,0,1,0,0,0,0,0,88134,4,9,2,0,0,5420,0,3,1,1,0,0,0,252,11,1,0,0,1,0,0,4352,1,1,8,0,0,1,0,1765,1,5,0,0,0,0,0,0,234,0,2,0,0,2,0,3245,2,0,0,2,0,0,0,0,1326,4,8,1,0,0,166,0,0,1,2312,0,1,0,0,0,16,0,0,82,46,3828,65287,25,3,0,903,6215,0,121,0,9,0,2481,0,362,0,145,3,1,0,0,0,0,0,0,269,2941,391,1628,2701,5184,8796,8803,9633,10000,9772,10171,8240,7138,5708,5465,5242,3718,2717,2549,1059,942,1124,273,110,107,50,18,7,7,3,2,0,0,0,2989,11226,446,479,0,3,1,0,0,0,132,5,0,0,0,0,0,8,386,76,0,3,455,44,89929,70026,0,0,0
T,0,32,139,2201,4,0,0,3,0,0,0,122,493,49,7007,6,1536,0,0,1,0,0,0,8873,3922,1139,717,1952,50630,828,2519,5735,1858,7709,1017,3244,94,69,27,13,7,0,1,0,0,1,0,0,1,0,0,0,0,2,0,0,0,0,0,0,0,0,0,0,0,33,0,0,0,0,0,0,0,0,0,104,2,0,0,0,0,0,2375,3,0,0,0,0,295,1,1,0,0,0,67,0,0,0,0,559,0,0,0,0,0,1,1,0,0,175,0,1,0,0,0,0,0,0,28,2,0,0,0,0,0,1,0,0,100,0,0,2,0,135,0,0,0,0,0,0,75,589,8210,1256,16704,6760,195,93,45,72,44,11,5,11,0,1,0,0,0,6305,1935,3655,12138,73176,6495,215,0,0,1,1,1,4185,0,0,0,345,0,0,0,0,702,1,1,0,0,0,166,0,0,0,656,2,0,0,2,0,0,0,24,0,0,0,1,121,0,0,0,0,0,0,0,0,85552,0,3,0,2023,0,2,1,0,1,0,0,1,0,1749,1,0,0,0,0,1377,0,1,0,0,0,0,0,89,1,3,0,1,0,0,0,1767,4,2,0,3,0,0,0,3882,11,1,1,0,0,0,0,0,969,1,4,1,0,0,0,1710,14,4,1,0,0,0,0,0,80939,1,24,7,0,0,286,18,22,0,1239,2,0,1,0,0,7,1,0,151,356,3162,1682,37,0,0,2255,2651,0,67,0,10,0,90230,0,211,0,2719,0,1,0,0,0,0,0,0,5,1166,11,2808,8845,4765,4913,6659,4901,5785,6405,5698,5144,4224,3748,3148,3530,2615,1520,1339,711,472,250,158,54,54,96,16,8,0,1,1,0,0,0,2897,1785,127,144,1,0,0,0,0,0,157,0,0,0,0,0,0,5,91535,76,0,6,90846,5,232,393,0,0,0
V,0,92146,18,832,0,0,0,77,0,1,1,113,8,389,87,1228,35,0,0,21,15,0,0,13422,8507,176,646,2389,1122,3012,956,1905,1587,4577,6964,561,95,58,19,16,12,2,3,1,0,0,0,0,0,0,0,0,0,21,0,0,0,0,0,0,0,0,0,0,0,15275,0,0,0,0,9,2,0,0,0,33,0,0,0,0,0,0,5030,2,0,0,0,0,81,3,0,1,0,0,85,0,0,0,0,36,2,0,3,1,0,0,1,0,0,330,0,1,1,0,0,1,0,0,381,1,0,0,0,0,1,0,0,0,639,1,0,0,0,1449,3,0,0,0,0,0,82962,537,3119,4133,725,1389,79,43,41,6,21,2,2,1,0,1,0,0,0,1488,896,1981,3066,1064,2037,760,0,0,0,0,0,4649,4,1,0,378,0,12,0,1,133,0,0,0,0,0,86607,0,0,0,149,15,1,0,1,0,0,0,194,0,0,0,2,745,0,0,0,0,0,0,0,0,1026,2,0,0,8454,0,0,0,3,0,0,0,0,0,175,0,1,1,0,1,692,9,0,0,0,0,0,0,372,0,0,0,0,0,0,0,531,4,0,2,1,0,0,0,2941,2,0,0,1,0,0,0,0,166,0,1,1,0,0,0,66,0,14,0,0,0,0,0,0,899,61,3,1,0,0,64523,3,18,0,482,4,11,0,1,0,191,0,0,71,446,121,181,996,0,0,136,1060,0,180,0,107,1,12,0,205,0,69785,0,0,0,0,0,0,0,0,8,494,46,3271,5373,4923,5110,5044,5451,4561,4483,4817,3967,4126,4083,2958,2943,2141,1831,962,622,490,647,185,58,63,21,14,7,1,0,0,0,0,0,1576,3423,273,64,2,1,1,0,0,1,76,2,0,0,0,0,0,51,96,278,0,94289,166,93845,12,1,0,0,0
W,0,5,1,0,0,0,0,75,0,0,1,44,1,14,43,0,1,0,0,174,0,0,0,3,21,7,29,209,46,1254,127,385,796,2014,241,132,129,6,2,0,5,0,0,0,0,0,0,0,0,0,0,0,0,95014,0,0,0,0,0,0,0,0,0,0,0,253,0,0,0,0,9,0,0,0,2,73,0,0,0,0,0,0,1,0,0,0,0,0,2,0,0,0,0,0,170,0,0,0,0,9,0,1,0,0,0,0,0,0,0,47,4,1,0,0,0,0,0,0,13,3,0,0,0,0,0,0,0,0,16,0,0,0,0,17489,0,0,0,0,0,0,1,23,885,36,322,8942,44,16,20,7,2,6,0,0,0,0,0,0,0,664,115,143,255,34,1615,96,0,0,0,0,0,16,0,0,0,19,0,0,0,0,49,0,0,0,0,0,42,0,0,0,32,0,0,21,0,0,0,0,2,0,0,0,15,11,0,0,0,0,0,0,0,0,2,0,0,0,1,0,0,0,0,0,0,0,0,0,43,0,0,0,0,0,45,0,0,0,0,0,0,0,2,0,0,0,0,0,0,0,1,0,1,0,0,0,0,0,19,0,0,0,0,0,0,0,0,55,1,0,0,0,0,0,2,0,0,0,0,0,0,0,0,43,0,0,0,0,0,171,0,0,0,685,0,0,0,0,1,32,0,0,15,8,1,21,28,0,0,0,7,0,20,0,0,0,2,0,2,0,17,0,0,2,0,0,0,0,0,12,198,1229,74,109,940,2863,3680,3452,3721,3425,3630,3384,3332,2039,1893,1669,1221,775,937,490,943,139,135,48,31,12,17,1,0,0,0,0,0,0,497,510,87105,34,0,0,0,0,0,0,16,0,0,1,0,0,0,47,0,6,0,0,0,1,0,4,0,0,0
Y,0,0,15,27,0,0,0,0,0,0,0,6,47,0,5,0,51,0,0,80,0,0,0,1033,453,204,74,4669,1223,3828,1359,16150,52238,4459,632,2022,145,80,42,13,10,2,1,1,0,0,1,0,0,1,0,0,0,197,0,0,0,0,0,0,0,0,0,0,0,17761,0,0,0,0,17,0,0,0,0,11,1,0,0,0,0,0,99,0,0,0,0,0,4,0,0,0,0,0,3,0,0,0,0,19,0,0,0,1,0,0,0,0,0,29,0,0,0,0,0,0,0,0,108,0,0,0,0,0,0,0,0,0,16,0,0,0,0,298,0,0,0,0,0,0,11,41,1014,139,3438,652,47,23,14,5,6,21,6,0,0,0,0,0,0,1280,767,845,1749,94,31432,88402,5,0,0,0,0,45,0,0,0,278,0,0,0,0,322,0,0,0,0,0,16,3,0,0,10,0,0,0,0,0,0,0,14,0,0,1,3,191,0,0,0,0,0,0,0,0,30,0,0,0,11,0,0,0,0,0,0,0,0,0,541,0,0,0,0,0,66,0,0,0,0,0,0,0,136,0,0,0,0,0,0,0,998,3,0,0,4,0,0,0,161,1,0,0,0,0,0,0,0,50,0,0,0,0,0,0,253,2,0,4,0,0,0,0,0,31,2,8,0,0,0,31,56,0,0,80862,0,1,0,0,0,2,1,0,256,1,323,176,1,0,0,187,91,0,11,1,125,2,2,0,12,0,20,1,0,0,0,0,0,0,0,94958,82502,339,973,337,1488,3929,5879,8475,9440,7693,7025,6554,7952,8131,7791,6389,7308,9206,7096,5674,3402,1940,1296,1073,366,939,232,40,26,23,7,7,1,1,1689,58326,618,8,2,1,0,1,0,17,9,8,0,3,0,0,0,0,0,5,0,0,2,2,102,2,0,0,0
6,0,0,0,0,0,0,0,0,0,0,0,0,0,0,0,0,0,0,0,0,0,0,0,0,0,0,0,0,0,0,0,0,0,0,0,0,0,0,0,0,0,0,0,0,0,0,0,0,0,0,0,0,0,0,0,0,0,0,0,0,0,0,0,0,0,0,0,0,0,0,0,0,0,0,0,0,0,0,0,0,0,0,0,0,0,0,0,0,0,0,0,0,0,0,0,0,0,0,0,0,0,0,0,0,0,0,0,0,0,0,0,0,0,0,0,0,0,0,0,0,0,0,0,0,0,0,0,0,0,0,0,0,0,0,0,0,0,0,0,0,0,0,0,0,0,0,0,0,0,0,0,0,0,0,0,0,0,0,0,0,0,0,0,0,0,0,0,0,0,0,0,0,0,0,0,0,0,0,0,0,0,0,0,0,0,0,0,0,0,0,0,0,0,0,0,0,0,0,0,0,0,0,0,0,0,0,0,0,0,0,0,0,0,0,0,0,0,0,0,0,0,0,0,0,0,0,0,0,0,0,0,0,0,0,0,0,0,0,0,0,0,0,0,0,0,0,0,0,0,0,0,0,0,0,0,0,0,0,0,0,0,0,0,0,0,0,0,0,0,0,0,0,0,0,0,0,0,0,0,0,0,0,0,0,0,0,0,0,0,0,0,0,0,0,0,0,0,0,0,0,0,0,0,0,0,0,0,0,0,0,0,0,0,0,0,0,0,0,0,0,0,0,0,0,0,0,0,0,0,0,0,0,0,0,0,0,0,0,0,0,0,0,0,0,0,0,0,0,0,0,0,0,0,0,0,0,0,0,0,0,0,0,0,0,0,0,0,0,0,0,0,0,0,0,0,0,0,0,0,0,0,0,0,0,0,0,0,0,89508,0,860
5,0,0,0,0,0,0,0,0,0,0,0,0,0,0,0,0,0,0,0,0,0,0,0,0,0,0,0,0,0,0,0,0,0,0,0,0,0,0,0,0,0,0,0,0,0,0,0,0,0,0,0,0,0,0,0,0,0,0,0,0,0,0,0,0,0,0,0,0,0,0,0,0,0,0,0,0,0,0,0,0,0,0,0,0,0,0,0,0,0,0,0,0,0,0,0,0,0,0,0,0,0,0,0,0,0,0,0,0,0,0,0,0,0,0,0,0,0,0,0,0,0,0,0,0,0,0,0,0,0,0,0,0,0,0,0,0,0,0,0,0,0,0,0,0,0,0,0,0,0,0,0,0,0,0,0,0,0,0,0,0,0,0,0,0,0,0,0,0,0,0,0,0,0,0,0,0,0,0,0,0,0,0,0,0,0,0,0,0,0,0,0,0,0,0,0,0,0,0,0,0,0,0,0,0,0,0,0,0,0,0,0,0,0,0,0,0,0,0,0,0,0,0,0,0,0,0,0,0,0,0,0,0,0,0,0,0,0,0,0,0,0,0,0,0,0,0,0,0,0,0,0,0,0,0,0,0,0,0,0,0,0,0,0,0,0,0,0,0,0,0,0,0,0,0,0,0,0,0,0,0,0,0,0,0,0,0,0,0,0,0,0,0,0,0,0,0,0,0,0,0,0,0,0,0,0,0,0,0,0,0,0,0,0,0,0,0,0,0,0,0,0,0,0,0,0,0,0,0,0,0,0,0,0,0,0,0,0,0,0,0,0,0,0,0,0,0,0,0,0,0,0,0,0,0,0,0,0,0,0,0,0,0,0,0,0,0,0,0,0,0,0,0,0,0,0,0,0,0,0,0,0,0,0,0,0,0,0,0,2614,0,3042
8,0,0,0,0,0,0,0,0,0,0,0,0,0,0,0,0,0,0,0,0,0,0,0,0,0,0,0,0,0,0,0,0,0,0,0,0,0,0,0,0,0,0,0,0,0,0,0,0,0,0,0,0,0,0,0,0,0,0,0,0,0,0,0,0,0,0,0,0,0,0,0,0,0,0,0,0,0,0,0,0,0,0,0,0,0,0,0,0,0,0,0,0,0,0,0,0,0,0,0,0,0,0,0,0,0,0,0,0,0,0,0,0,0,0,0,0,0,0,0,0,0,0,0,0,0,0,0,0,0,0,0,0,0,0,0,0,0,0,0,0,0,0,0,0,0,0,0,0,0,0,0,0,0,0,0,0,0,0,0,0,0,0,0,0,0,0,0,0,0,0,0,0,0,0,0,0,0,0,0,0,0,0,0,0,0,0,0,0,0,0,0,0,0,0,0,0,0,0,0,0,0,0,0,0,0,0,0,0,0,0,0,0,0,0,0,0,0,0,0,0,0,0,0,0,0,0,0,0,0,0,0,0,0,0,0,0,0,0,0,0,0,0,0,0,0,0,0,0,0,0,0,0,0,0,0,0,0,0,0,0,0,0,0,0,0,0,0,0,0,0,0,0,0,0,0,0,0,0,0,0,0,0,0,0,0,0,0,0,0,0,0,0,0,0,0,0,0,0,0,0,0,0,0,0,0,0,0,0,0,0,0,0,0,0,0,0,0,0,0,0,0,0,0,0,0,0,0,0,0,0,0,0,0,0,0,0,0,0,0,0,0,0,0,0,0,0,0,0,0,0,0,0,0,0,0,0,0,0,0,0,0,0,0,0,0,0,0,0,0,0,0,0,0,0,0,0,0,0,0,0,0,0,0,0,0,0,0,0,1701,1,2292
7,0,0,0,0,0,0,0,0,0,0,0,0,0,0,0,0,0,0,0,0,0,0,0,0,0,0,0,0,0,0,0,0,0,0,0,0,0,0,0,0,0,0,0,0,0,0,0,0,0,0,0,0,0,0,0,0,0,0,0,0,0,0,0,0,0,0,0,0,0,0,0,0,0,0,0,0,0,0,0,0,0,0,0,0,0,0,0,0,0,0,0,0,0,0,0,0,0,0,0,0,0,0,0,0,0,0,0,0,0,0,0,0,0,0,0,0,0,0,0,0,0,0,0,0,0,0,0,0,0,0,0,0,0,0,0,0,0,0,0,0,0,0,0,0,0,0,0,0,0,0,0,0,0,0,0,0,0,0,0,0,0,0,0,0,0,0,0,0,0,0,0,0,0,0,0,0,0,0,0,0,0,0,0,0,0,0,0,0,0,0,0,0,0,0,0,0,0,0,0,0,0,0,0,0,0,0,0,0,0,0,0,0,0,0,0,0,0,0,0,0,0,0,0,0,0,0,0,0,0,0,0,0,0,0,0,0,0,0,0,0,0,0,0,0,0,0,0,0,0,0,0,0,0,0,0,0,0,0,0,0,0,0,0,0,0,0,0,0,0,0,0,0,0,0,0,0,0,0,0,0,0,0,0,0,0,0,0,0,0,0,0,0,0,0,0,0,0,0,0,0,0,0,0,0,0,0,0,0,0,0,0,0,0,0,0,0,0,0,0,0,0,0,0,0,0,0,0,0,0,0,0,0,0,0,0,0,0,0,0,0,0,0,0,0,0,0,0,0,0,0,0,0,0,0,0,0,0,0,0,0,0,0,0,0,0,0,0,0,0,0,0,0,0,0,0,0,0,0,0,0,0,0,0,0,0,0,0,0,1273,1,2034
4,0,0,0,0,0,0,0,0,0,0,0,0,0,0,0,0,0,0,0,0,0,0,0,0,0,0,0,0,0,0,0,0,0,0,0,0,0,0,0,0,0,0,0,0,0,0,0,0,0,0,0,0,0,0,0,0,0,0,0,0,0,0,0,0,0,0,0,0,0,0,0,0,0,0,0,0,0,0,0,0,0,0,0,0,0,0,0,0,0,0,0,0,0,0,0,0,0,0,0,0,0,0,0,0,0,0,0,0,0,0,0,0,0,0,0,0,0,0,0,0,0,0,0,0,0,0,0,0,0,0,0,0,0,0,0,0,0,0,0,0,0,0,0,0,0,0,0,0,0,0,0,0,0,0,0,0,0,0,0,0,0,0,0,0,0,0,0,0,0,0,0,0,0,0,0,0,0,0,0,0,0,0,0,0,0,0,0,0,0,0,0,0,0,0,0,0,0,0,0,0,0,0,0,0,0,0,0,0,0,0,0,0,0,0,0,0,0,0,0,0,0,0,0,0,0,0,0,0,0,0,0,0,0,0,0,0,0,0,0,0,0,0,0,0,0,0,0,0,0,0,0,0,0,0,0,0,0,0,0,0,0,0,0,0,0,0,0,0,0,0,0,0,0,0,0,0,0,0,0,0,0,0,0,0,0,0,0,0,0,0,0,0,0,0,0,0,0,0,0,0,0,0,0,0,0,0,0,0,0,0,0,0,0,0,0,0,0,0,0,0,0,0,0,0,0,0,0,0,0,0,0,0,0,0,0,0,0,0,0,0,0,0,0,0,0,0,0,0,0,0,0,0,0,0,0,0,0,0,0,0,0,0,0,0,0,0,0,0,0,0,0,0,0,0,0,0,0,0,0,0,0,0,0,0,0,0,0,0,692,0,355
3,0,0,0,0,0,0,0,0,0,0,0,0,0,0,0,0,0,0,0,0,0,0,0,0,0,0,0,0,0,0,0,0,0,0,0,0,0,0,0,0,0,0,0,0,0,0,0,0,0,0,0,0,0,0,0,0,0,0,0,0,0,0,0,0,0,0,0,0,0,0,0,0,0,0,0,0,0,0,0,0,0,0,0,0,0,0,0,0,0,0,0,0,0,0,0,0,0,0,0,0,0,0,0,0,0,0,0,0,0,0,0,0,0,0,0,0,0,0,0,0,0,0,0,0,0,0,0,0,0,0,0,0,0,0,0,0,0,0,0,0,0,0,0,0,0,0,0,0,0,0,0,0,0,0,0,0,0,0,0,0,0,0,0,0,0,0,0,0,0,0,0,0,0,0,0,0,0,0,0,0,0,0,0,0,0,0,0,0,0,0,0,0,0,0,0,0,0,0,0,0,0,0,0,0,0,0,0,0,0,0,0,0,0,0,0,0,0,0,0,0,0,0,0,0,0,0,0,0,0,0,0,0,0,0,0,0,0,0,0,0,0,0,0,0,0,0,0,0,0,0,0,0,0,0,0,0,0,0,0,0,0,0,0,0,0,0,0,0,0,0,0,0,0,0,0,0,0,0,0,0,0,0,0,0,0,0,0,0,0,0,0,0,0,0,0,0,0,0,0,0,0,0,0,0,0,0,0,0,0,0,0,0,0,0,0,0,0,0,0,0,0,0,0,0,0,0,0,0,0,0,0,0,0,0,0,0,0,0,0,0,0,0,0,0,0,0,0,0,0,0,0,0,0,0,0,0,0,0,0,0,0,0,0,0,0,0,0,0,0,0,0,0,0,0,0,0,0,0,0,0,0,0,0,0,0,0,0,0,590,0,471
0,0,0,0,0,0,0,0,0,0,0,0,0,0,0,0,0,0,0,0,0,0,0,0,0,0,0,0,0,0,0,0,0,0,0,0,0,0,0,0,0,0,0,0,0,0,0,0,0,0,0,0,0,0,0,0,0,0,0,0,0,0,0,0,0,0,0,0,0,0,0,0,0,0,0,0,0,0,0,0,0,0,0,0,0,0,0,0,0,0,0,0,0,0,0,0,0,0,0,0,0,0,0,0,0,0,0,0,0,0,0,0,0,0,0,0,0,0,0,0,0,0,0,0,0,0,0,0,0,0,0,0,0,0,0,0,0,0,0,0,0,0,0,0,0,0,0,0,0,0,0,0,0,0,0,0,0,0,0,0,0,0,0,0,0,0,0,0,0,0,0,0,0,0,0,0,0,0,0,0,0,0,0,0,0,0,0,0,0,0,0,0,0,0,0,0,0,0,0,0,0,0,0,0,0,0,0,0,0,0,0,0,0,0,0,0,0,0,0,0,0,0,0,0,0,0,0,0,0,0,0,0,0,0,0,0,0,0,0,0,0,0,0,0,0,0,0,0,0,0,0,0,0,0,0,0,0,0,0,0,0,0,0,0,0,0,0,0,0,0,0,0,0,0,0,0,0,0,0,0,0,0,0,0,0,0,0,0,0,0,0,0,0,0,0,0,0,0,0,0,0,0,0,0,0,0,0,0,0,0,0,0,0,0,0,0,0,0,0,0,0,0,0,0,0,0,0,0,0,0,0,0,0,0,0,0,0,0,0,0,0,0,0,0,0,0,0,0,0,0,0,0,0,0,0,0,0,0,0,0,0,0,0,0,0,0,0,0,0,0,0,0,0,0,0,0,0,0,0,0,0,0,0,0,0,0,0,0,0,112,0,0
2,0,0,0,0,0,0,0,0,0,0,0,0,0,0,0,0,0,0,0,0,0,0,0,0,0,0,0,0,0,0,0,0,0,0,0,0,0,0,0,0,0,0,0,0,0,0,0,0,0,0,0,0,0,0,0,0,0,0,0,0,0,0,0,0,0,0,0,0,0,0,0,0,0,0,0,0,0,0,0,0,0,0,0,0,0,0,0,0,0,0,0,0,0,0,0,0,0,0,0,0,0,0,0,0,0,0,0,0,0,0,0,0,0,0,0,0,0,0,0,0,0,0,0,0,0,0,0,0,0,0,0,0,0,0,0,0,0,0,0,0,0,0,0,0,0,0,0,0,0,0,0,0,0,0,0,0,0,0,0,0,0,0,0,0,0,0,0,0,0,0,0,0,0,0,0,0,0,0,0,0,0,0,0,0,0,0,0,0,0,0,0,0,0,0,0,0,0,0,0,0,0,0,0,0,0,0,0,0,0,0,0,0,0,0,0,0,0,0,0,0,0,0,0,0,0,0,0,0,0,0,0,0,0,0,0,0,0,0,0,0,0,0,0,0,0,0,0,0,0,0,0,0,0,0,0,0,0,0,0,0,0,0,0,0,0,0,0,0,0,0,0,0,0,0,0,0,0,0,0,0,0,0,0,0,0,0,0,0,0,0,0,0,0,0,0,0,0,0,0,0,0,0,0,0,0,0,0,0,0,0,0,0,0,0,0,0,0,0,0,0,0,0,0,0,0,0,0,0,0,0,0,0,0,0,0,0,0,0,0,0,0,0,0,0,0,0,0,0,0,0,0,0,0,0,0,0,0,0,0,0,0,0,0,0,0,0,0,0,0,0,0,0,0,0,0,0,0,0,0,0,0,0,0,0,0,0,0,0,80,0,18
1,0,0,0,0,0,0,0,0,0,0,0,0,0,0,0,0,0,0,0,0,0,0,0,0,0,0,0,0,0,0,0,0,0,0,0,0,0,0,0,0,0,0,0,0,0,0,0,0,0,0,0,0,0,0,0,0,0,0,0,0,0,0,0,0,0,0,0,0,0,0,0,0,0,0,0,0,0,0,0,0,0,0,0,0,0,0,0,0,0,0,0,0,0,0,0,0,0,0,0,0,0,0,0,0,0,0,0,0,0,0,0,0,0,0,0,0,0,0,0,0,0,0,0,0,0,0,0,0,0,0,0,0,0,0,0,0,0,0,0,0,0,0,0,0,0,0,0,0,0,0,0,0,0,0,0,0,0,0,0,0,0,0,0,0,0,0,0,0,0,0,0,0,0,0,0,0,0,0,0,0,0,0,0,0,0,0,0,0,0,0,0,0,0,0,0,0,0,0,0,0,0,0,0,0,0,0,0,0,0,0,0,0,0,0,0,0,0,0,0,0,0,0,0,0,0,0,0,0,0,0,0,0,0,0,0,0,0,0,0,0,0,0,0,0,0,0,0,0,0,0,0,0,0,0,0,0,0,0,0,0,0,0,0,0,0,0,0,0,0,0,0,0,0,0,0,0,0,0,0,0,0,0,0,0,0,0,0,0,0,0,0,0,0,0,0,0,0,0,0,0,0,0,0,0,0,0,0,0,0,0,0,0,0,0,0,0,0,0,0,0,0,0,0,0,0,0,0,0,0,0,0,0,0,0,0,0,0,0,0,0,0,0,0,0,0,0,0,0,0,0,0,0,0,0,0,0,0,0,0,0,0,0,0,0,0,0,0,0,0,0,0,0,0,0,0,0,0,0,0,0,0,0,0,0,0,0,0,0,12,0,3
17,0,0,0,0,0,0,0,0,0,0,0,0,0,0,0,0,0,0,0,0,0,0,0,0,0,0,0,0,0,0,0,0,0,0,0,0,0,0,0,0,0,0,0,0,0,0,0,0,0,0,0,0,0,0,0,0,0,0,0,0,0,0,0,0,0,0,0,0,0,0,0,0,0,0,0,0,0,0,0,0,0,0,0,0,0,0,0,0,0,0,0,0,0,0,0,0,0,0,0,0,0,0,0,0,0,0,0,0,0,0,0,0,0,0,0,0,0,0,0,0,0,0,0,0,0,0,0,0,0,0,0,0,0,0,0,0,0,0,0,0,0,0,0,0,0,0,0,0,0,0,0,0,0,0,0,0,0,0,0,0,0,0,0,0,0,0,0,0,0,0,0,0,0,0,0,0,0,0,0,0,0,0,0,0,0,0,0,0,0,0,0,0,0,0,0,0,0,0,0,0,0,0,0,0,0,0,0,0,0,0,0,0,0,0,0,0,0,0,0,0,0,0,0,0,0,0,0,0,0,0,0,0,0,0,0,0,0,0,0,0,0,0,0,0,0,0,0,0,0,0,0,0,0,0,0,0,0,0,0,0,0,0,0,0,0,0,0,0,0,0,0,0,0,0,0,0,0,0,0,0,0,0,0,0,0,0,0,0,0,0,0,0,0,0,0,0,0,0,0,0,0,0,0,0,0,0,0,0,0,0,0,0,0,0,0,0,0,0,0,0,0,0,0,0,0,0,0,0,0,0,0,0,0,0,0,0,0,0,0,0,0,0,0,0,0,0,0,0,0,0,0,0,0,0,0,0,0,0,0,0,0,0,0,0,0,0,0,0,0,0,0,0,0,0,0,0,0,0,0,0,0,0,0,0,0,0,0,0,0,67092,9297
16,0,0,0,0,0,0,0,0,0,0,0,0,0,0,0,0,0,0,0,0,0,0,0,0,0,0,0,0,0,0,0,0,0,0,0,0,0,0,0,0,0,0,0,0,0,0,0,0,0,0,0,0,0,0,0,0,0,0,0,0,0,0,0,0,0,0,0,0,0,0,0,0,0,0,0,0,0,0,0,0,0,0,0,0,0,0,0,0,0,0,0,0,0,0,0,0,0,0,0,0,0,0,0,0,0,0,0,0,0,0,0,0,0,0,0,0,0,0,0,0,0,0,0,0,0,0,0,0,0,0,0,0,0,0,0,0,0,0,0,0,0,0,0,0,0,0,0,0,0,0,0,0,0,0,0,0,0,0,0,0,0,0,0,0,0,0,0,0,0,0,0,0,0,0,0,0,0,0,0,0,0,0,0,0,0,0,0,0,0,0,0,0,0,0,0,0,0,0,0,0,0,0,0,0,0,0,0,0,0,0,0,0,0,0,0,0,0,0,0,0,0,0,0,0,0,0,0,0,0,0,0,0,0,0,0,0,0,0,0,0,0,0,0,0,0,0,0,0,0,0,0,0,0,0,0,0,0,0,0,0,0,0,0,0,0,0,0,0,0,0,0,0,0,0,0,0,0,0,0,0,0,0,0,0,0,0,0,0,0,0,0,0,0,0,0,0,0,0,0,0,0,0,0,0,0,0,0,0,0,0,0,0,0,0,0,0,0,0,0,0,0,0,0,0,0,0,0,0,0,0,0,0,0,0,0,0,0,0,0,0,0,0,0,0,0,0,0,0,0,0,0,0,0,0,0,0,0,0,0,0,0,0,0,0,0,0,0,0,0,0,0,0,0,0,0,0,0,0,0,0,0,0,0,0,0,0,0,0,0,24732,11813
18,0,0,0,0,0,0,0,0,0,0,0,0,0,0,0,0,0,0,0,0,0,0,0,0,0,0,0,0,0,0,0,0,0,0,0,0,0,0,0,0,0,0,0,0,0,0,0,0,0,0,0,0,0,0,0,0,0,0,0,0,0,0,0,0,0,0,0,0,0,0,0,0,0,0,0,0,0,0,0,0,0,0,0,0,0,0,0,0,0,0,0,0,0,0,0,0,0,0,0,0,0,0,0,0,0,0,0,0,0,0,0,0,0,0,0,0,0,0,0,0,0,0,0,0,0,0,0,0,0,0,0,0,0,0,0,0,0,0,0,0,0,0,0,0,0,0,0,0,0,0,0,0,0,0,0,0,0,0,0,0,0,0,0,0,0,0,0,0,0,0,0,0,0,0,0,0,0,0,0,0,0,0,0,0,0,0,0,0,0,0,0,0,0,0,0,0,0,0,0,0,0,0,0,0,0,0,0,0,0,0,0,0,0,0,0,0,0,0,0,0,0,0,0,0,0,0,0,0,0,0,0,0,0,0,0,0,0,0,0,0,0,0,0,0,0,0,0,0,0,0,0,0,0,0,0,0,0,0,0,0,0,0,0,0,0,0,0,0,0,0,0,0,0,0,0,0,0,0,0,0,0,0,0,0,0,0,0,0,0,0,0,0,0,0,0,0,0,0,0,0,0,0,0,0,0,0,0,0,0,0,0,0,0,0,0,0,0,0,0,0,0,0,0,0,0,0,0,0,0,0,0,0,0,0,0,0,0,0,0,0,0,0,0,0,0,0,0,0,0,0,0,0,0,0,0,0,0,0,0,0,0,0,0,0,0,0,0,0,0,0,0,0,0,0,0,0,0,0,0,0,0,0,0,0,0,0,0,0,0,1442,8148
19,0,0,0,0,0,0,0,0,0,0,0,0,0,0,0,0,0,0,0,0,0,0,0,0,0,0,0,0,0,0,0,0,0,0,0,0,0,0,0,0,0,0,0,0,0,0,0,0,0,0,0,0,0,0,0,0,0,0,0,0,0,0,0,0,0,0,0,0,0,0,0,0,0,0,0,0,0,0,0,0,0,0,0,0,0,0,0,0,0,0,0,0,0,0,0,0,0,0,0,0,0,0,0,0,0,0,0,0,0,0,0,0,0,0,0,0,0,0,0,0,0,0,0,0,0,0,0,0,0,0,0,0,0,0,0,0,0,0,0,0,0,0,0,0,0,0,0,0,0,0,0,0,0,0,0,0,0,0,0,0,0,0,0,0,0,0,0,0,0,0,0,0,0,0,0,0,0,0,0,0,0,0,0,0,0,0,0,0,0,0,0,0,0,0,0,0,0,0,0,0,0,0,0,0,0,0,0,0,0,0,0,0,0,0,0,0,0,0,0,0,0,0,0,0,0,0,0,0,0,0,0,0,0,0,0,0,0,0,0,0,0,0,0,0,0,0,0,0,0,0,0,0,0,0,0,0,0,0,0,0,0,0,0,0,0,0,0,0,0,0,0,0,0,0,0,0,0,0,0,0,0,0,0,0,0,0,0,0,0,0,0,0,0,0,0,0,0,0,0,0,0,0,0,0,0,0,0,0,0,0,0,0,0,0,0,0,0,0,0,0,0,0,0,0,0,0,0,0,0,0,0,0,0,0,0,0,0,0,0,0,0,0,0,0,0,0,0,0,0,0,0,0,0,0,0,0,0,0,0,0,0,0,0,0,0,0,0,0,0,0,0,0,0,0,0,0,0,0,0,0,0,0,0,0,0,0,0,0,0,952,6084
15,0,0,0,0,0,0,0,0,0,0,0,0,0,0,0,0,0,0,0,0,0,0,0,0,0,0,0,0,0,0,0,0,0,0,0,0,0,0,0,0,0,0,0,0,0,0,0,0,0,0,0,0,0,0,0,0,0,0,0,0,0,0,0,0,0,0,0,0,0,0,0,0,0,0,0,0,0,0,0,0,0,0,0,0,0,0,0,0,0,0,0,0,0,0,0,0,0,0,0,0,0,0,0,0,0,0,0,0,0,0,0,0,0,0,0,0,0,0,0,0,0,0,0,0,0,0,0,0,0,0,0,0,0,0,0,0,0,0,0,0,0,0,0,0,0,0,0,0,0,0,0,0,0,0,0,0,0,0,0,0,0,0,0,0,0,0,0,0,0,0,0,0,0,0,0,0,0,0,0,0,0,0,0,0,0,0,0,0,0,0,0,0,0,0,0,0,0,0,0,0,0,0,0,0,0,0,0,0,0,0,0,0,0,0,0,0,0,0,0,0,0,0,0,0,0,0,0,0,0,0,0,0,0,0,0,0,0,0,0,0,0,0,0,0,0,0,0,0,0,0,0,0,0,0,0,0,0,0,0,0,0,0,0,0,0,0,0,0,0,0,0,0,0,0,0,0,0,0,0,0,0,0,0,0,0,0,0,0,0,0,0,0,0,0,0,0,0,0,0,0,0,0,0,0,0,0,0,0,0,0,0,0,0,0,0,0,0,0,0,0,0,0,0,0,0,0,0,0,0,0,0,0,0,0,0,0,0,0,0,0,0,0,0,0,0,0,0,0,0,0,0,0,0,0,0,0,0,0,0,0,0,0,0,0,0,0,0,0,0,0,0,0,0,0,0,0,0,0,0,0,0,0,0,0,0,0,0,0,0,933,9617
20,0,0,0,0,0,0,0,0,0,0,0,0,0,0,0,0,0,0,0,0,0,0,0,0,0,0,0,0,0,0,0,0,0,0,0,0,0,0,0,0,0,0,0,0,0,0,0,0,0,0,0,0,0,0,0,0,0,0,0,0,0,0,0,0,0,0,0,0,0,0,0,0,0,0,0,0,0,0,0,0,0,0,0,0,0,0,0,0,0,0,0,0,0,0,0,0,0,0,0,0,0,0,0,0,0,0,0,0,0,0,0,0,0,0,0,0,0,0,0,0,0,0,0,0,0,0,0,0,0,0,0,0,0,0,0,0,0,0,0,0,0,0,0,0,0,0,0,0,0,0,0,0,0,0,0,0,0,0,0,0,0,0,0,0,0,0,0,0,0,0,0,0,0,0,0,0,0,0,0,0,0,0,0,0,0,0,0,0,0,0,0,0,0,0,0,0,0,0,0,0,0,0,0,0,0,0,0,0,0,0,0,0,0,0,0,0,0,0,0,0,0,0,0,0,0,0,0,0,0,0,0,0,0,0,0,0,0,0,0,0,0,0,0,0,0,0,0,0,0,0,0,0,0,0,0,0,0,0,0,0,0,0,0,0,0,0,0,0,0,0,0,0,0,0,0,0,0,0,0,0,0,0,0,0,0,0,0,0,0,0,0,0,0,0,0,0,0,0,0,0,0,0,0,0,0,0,0,0,0,0,0,0,0,0,0,0,0,0,0,0,0,0,0,0,0,0,0,0,0,0,0,0,0,0,0,0,0,0,0,0,0,0,0,0,0,0,0,0,0,0,0,0,0,0,0,0,0,0,0,0,0,0,0,0,0,0,0,0,0,0,0,0,0,0,0,0,0,0,0,0,0,0,0,0,0,0,0,0,0,464,3913
21,0,0,0,0,0,0,0,0,0,0,0,0,0,0,0,0,0,0,0,0,0,0,0,0,0,0,0,0,0,0,0,0,0,0,0,0,0,0,0,0,0,0,0,0,0,0,0,0,0,0,0,0,0,0,0,0,0,0,0,0,0,0,0,0,0,0,0,0,0,0,0,0,0,0,0,0,0,0,0,0,0,0,0,0,0,0,0,0,0,0,0,0,0,0,0,0,0,0,0,0,0,0,0,0,0,0,0,0,0,0,0,0,0,0,0,0,0,0,0,0,0,0,0,0,0,0,0,0,0,0,0,0,0,0,0,0,0,0,0,0,0,0,0,0,0,0,0,0,0,0,0,0,0,0,0,0,0,0,0,0,0,0,0,0,0,0,0,0,0,0,0,0,0,0,0,0,0,0,0,0,0,0,0,0,0,0,0,0,0,0,0,0,0,0,0,0,0,0,0,0,0,0,0,0,0,0,0,0,0,0,0,0,0,0,0,0,0,0,0,0,0,0,0,0,0,0,0,0,0,0,0,0,0,0,0,0,0,0,0,0,0,0,0,0,0,0,0,0,0,0,0,0,0,0,0,0,0,0,0,0,0,0,0,0,0,0,0,0,0,0,0,0,0,0,0,0,0,0,0,0,0,0,0,0,0,0,0,0,0,0,0,0,0,0,0,0,0,0,0,0,0,0,0,0,0,0,0,0,0,0,0,0,0,0,0,0,0,0,0,0,0,0,0,0,0,0,0,0,0,0,0,0,0,0,0,0,0,0,0,0,0,0,0,0,0,0,0,0,0,0,0,0,0,0,0,0,0,0,0,0,0,0,0,0,0,0,0,0,0,0,0,0,0,0,0,0,0,0,0,0,0,0,0,0,0,0,0,0,0,377,2317
14,0,0,0,0,0,0,0,0,0,0,0,0,0,0,0,0,0,0,0,0,0,0,0,0,0,0,0,0,0,0,0,0,0,0,0,0,0,0,0,0,0,0,0,0,0,0,0,0,0,0,0,0,0,0,0,0,0,0,0,0,0,0,0,0,0,0,0,0,0,0,0,0,0,0,0,0,0,0,0,0,0,0,0,0,0,0,0,0,0,0,0,0,0,0,0,0,0,0,0,0,0,0,0,0,0,0,0,0,0,0,0,0,0,0,0,0,0,0,0,0,0,0,0,0,0,0,0,0,0,0,0,0,0,0,0,0,0,0,0,0,0,0,0,0,0,0,0,0,0,0,0,0,0,0,0,0,0,0,0,0,0,0,0,0,0,0,0,0,0,0,0,0,0,0,0,0,0,0,0,0,0,0,0,0,0,0,0,0,0,0,0,0,0,0,0,0,0,0,0,0,0,0,0,0,0,0,0,0,0,0,0,0,0,0,0,0,0,0,0,0,0,0,0,0,0,0,0,0,0,0,0,0,0,0,0,0,0,0,0,0,0,0,0,0,0,0,0,0,0,0,0,0,0,0,0,0,0,0,0,0,0,0,0,0,0,0,0,0,0,0,0,0,0,0,0,0,0,0,0,0,0,0,0,0,0,0,0,0,0,0,0,0,0,0,0,0,0,0,0,0,0,0,0,0,0,0,0,0,0,0,0,0,0,0,0,0,0,0,0,0,0,0,0,0,0,0,0,0,0,0,0,0,0,0,0,0,0,0,0,0,0,0,0,0,0,0,0,0,0,0,0,0,0,0,0,0,0,0,0,0,0,0,0,0,0,0,0,0,0,0,0,0,0,0,0,0,0,0,0,0,0,0,0,0,0,0,0,0,0,199,6919
23,0,0,0,0,0,0,0,0,0,0,0,0,0,0,0,0,0,0,0,0,0,0,0,0,0,0,0,0,0,0,0,0,0,0,0,0,0,0,0,0,0,0,0,0,0,0,0,0,0,0,0,0,0,0,0,0,0,0,0,0,0,0,0,0,0,0,0,0,0,0,0,0,0,0,0,0,0,0,0,0,0,0,0,0,0,0,0,0,0,0,0,0,0,0,0,0,0,0,0,0,0,0,0,0,0,0,0,0,0,0,0,0,0,0,0,0,0,0,0,0,0,0,0,0,0,0,0,0,0,0,0,0,0,0,0,0,0,0,0,0,0,0,0,0,0,0,0,0,0,0,0,0,0,0,0,0,0,0,0,0,0,0,0,0,0,0,0,0,0,0,0,0,0,0,0,0,0,0,0,0,0,0,0,0,0,0,0,0,0,0,0,0,0,0,0,0,0,0,0,0,0,0,0,0,0,0,0,0,0,0,0,0,0,0,0,0,0,0,0,0,0,0,0,0,0,0,0,0,0,0,0,0,0,0,0,0,0,0,0,0,0,0,0,0,0,0,0,0,0,0,0,0,0,0,0,0,0,0,0,0,0,0,0,0,0,0,0,0,0,0,0,0,0,0,0,0,0,0,0,0,0,0,0,0,0,0,0,0,0,0,0,0,0,0,0,0,0,0,0,0,0,0,0,0,0,0,0,0,0,0,0,0,0,0,0,0,0,0,0,0,0,0,0,0,0,0,0,0,0,0,0,0,0,0,0,0,0,0,0,0,0,0,0,0,0,0,0,0,0,0,0,0,0,0,0,0,0,0,0,0,0,0,0,0,0,0,0,0,0,0,0,0,0,0,0,0,0,0,0,0,0,0,0,0,0,0,0,0,0,132,694
22,0,0,0,0,0,0,0,0,0,0,0,0,0,0,0,0,0,0,0,0,0,0,0,0,0,0,0,0,0,0,0,0,0,0,0,0,0,0,0,0,0,0,0,0,0,0,0,0,0,0,0,0,0,0,0,0,0,0,0,0,0,0,0,0,0,0,0,0,0,0,0,0,0,0,0,0,0,0,0,0,0,0,0,0,0,0,0,0,0,0,0,0,0,0,0,0,0,0,0,0,0,0,0,0,0,0,0,0,0,0,0,0,0,0,0,0,0,0,0,0,0,0,0,0,0,0,0,0,0,0,0,0,0,0,0,0,0,0,0,0,0,0,0,0,0,0,0,0,0,0,0,0,0,0,0,0,0,0,0,0,0,0,0,0,0,0,0,0,0,0,0,0,0,0,0,0,0,0,0,0,0,0,0,0,0,0,0,0,0,0,0,0,0,0,0,0,0,0,0,0,0,0,0,0,0,0,0,0,0,0,0,0,0,0,0,0,0,0,0,0,0,0,0,0,0,0,0,0,0,0,0,0,0,0,0,0,0,0,0,0,0,0,0,0,0,0,0,0,0,0,0,0,0,0,0,0,0,0,0,0,0,0,0,0,0,0,0,0,0,0,0,0,0,0,0,0,0,0,0,0,0,0,0,0,0,0,0,0,0,0,0,0,0,0,0,0,0,0,0,0,0,0,0,0,0,0,0,0,0,0,0,0,0,0,0,0,0,0,0,0,0,0,0,0,0,0,0,0,0,0,0,0,0,0,0,0,0,0,0,0,0,0,0,0,0,0,0,0,0,0,0,0,0,0,0,0,0,0,0,0,0,0,0,0,0,0,0,0,0,0,0,0,0,0,0,0,0,0,0,0,0,0,0,0,0,0,0,0,0,103,1992
12,0,0,0,0,0,0,0,0,0,0,0,0,0,0,0,0,0,0,0,0,0,0,0,0,0,0,0,0,0,0,0,0,0,0,0,0,0,0,0,0,0,0,0,0,0,0,0,0,0,0,0,0,0,0,0,0,0,0,0,0,0,0,0,0,0,0,0,0,0,0,0,0,0,0,0,0,0,0,0,0,0,0,0,0,0,0,0,0,0,0,0,0,0,0,0,0,0,0,0,0,0,0,0,0,0,0,0,0,0,0,0,0,0,0,0,0,0,0,0,0,0,0,0,0,0,0,0,0,0,0,0,0,0,0,0,0,0,0,0,0,0,0,0,0,0,0,0,0,0,0,0,0,0,0,0,0,0,0,0,0,0,0,0,0,0,0,0,0,0,0,0,0,0,0,0,0,0,0,0,0,0,0,0,0,0,0,0,0,0,0,0,0,0,0,0,0,0,0,0,0,0,0,0,0,0,0,0,0,0,0,0,0,0,0,0,0,0,0,0,0,0,0,0,0,0,0,0,0,0,0,0,0,0,0,0,0,0,0,0,0,0,0,0,0,0,0,0,0,0,0,0,0,0,0,0,0,0,0,0,0,0,0,0,0,0,0,0,0,0,0,0,0,0,0,0,0,0,0,0,0,0,0,0,0,0,0,0,0,0,0,0,0,0,0,0,0,0,0,0,0,0,0,0,0,0,0,0,0,0,0,0,0,0,0,0,0,0,0,0,0,0,0,0,0,0,0,0,0,0,0,0,0,0,0,0,0,0,0,0,0,0,0,0,0,0,0,0,0,0,0,0,0,0,0,0,0,0,0,0,0,0,0,0,0,0,0,0,0,0,0,0,0,0,0,0,0,0,0,0,0,0,0,0,0,0,0,0,0,0,45,5920
24,0,0,0,0,0,0,0,0,0,0,0,0,0,0,0,0,0,0,0,0,0,0,0,0,0,0,0,0,0,0,0,0,0,0,0,0,0,0,0,0,0,0,0,0,0,0,0,0,0,0,0,0,0,0,0,0,0,0,0,0,0,0,0,0,0,0,0,0,0,0,0,0,0,0,0,0,0,0,0,0,0,0,0,0,0,0,0,0,0,0,0,0,0,0,0,0,0,0,0,0,0,0,0,0,0,0,0,0,0,0,0,0,0,0,0,0,0,0,0,0,0,0,0,0,0,0,0,0,0,0,0,0,0,0,0,0,0,0,0,0,0,0,0,0,0,0,0,0,0,0,0,0,0,0,0,0,0,0,0,0,0,0,0,0,0,0,0,0,0,0,0,0,0,0,0,0,0,0,0,0,0,0,0,0,0,0,0,0,0,0,0,0,0,0,0,0,0,0,0,0,0,0,0,0,0,0,0,0,0,0,0,0,0,0,0,0,0,0,0,0,0,0,0,0,0,0,0,0,0,0,0,0,0,0,0,0,0,0,0,0,0,0,0,0,0,0,0,0,0,0,0,0,0,0,0,0,0,0,0,0,0,0,0,0,0,0,0,0,0,0,0,0,0,0,0,0,0,0,0,0,0,0,0,0,0,0,0,0,0,0,0,0,0,0,0,0,0,0,0,0,0,0,0,0,0,0,0,0,0,0,0,0,0,0,0,0,0,0,0,0,0,0,0,0,0,0,0,0,0,0,0,0,0,0,0,0,0,0,0,0,0,0,0,0,0,0,0,0,0,0,0,0,0,0,0,0,0,0,0,0,0,0,0,0,0,0,0,0,0,0,0,0,0,0,0,0,0,0,0,0,0,0,0,0,0,0,0,0,0,29,1190
11,0,0,0,0,0,0,0,0,0,0,0,0,0,0,0,0,0,0,0,0,0,0,0,0,0,0,0,0,0,0,0,0,0,0,0,0,0,0,0,0,0,0,0,0,0,0,0,0,0,0,0,0,0,0,0,0,0,0,0,0,0,0,0,0,0,0,0,0,0,0,0,0,0,0,0,0,0,0,0,0,0,0,0,0,0,0,0,0,0,0,0,0,0,0,0,0,0,0,0,0,0,0,0,0,0,0,0,0,0,0,0,0,0,0,0,0,0,0,0,0,0,0,0,0,0,0,0,0,0,0,0,0,0,0,0,0,0,0,0,0,0,0,0,0,0,0,0,0,0,0,0,0,0,0,0,0,0,0,0,0,0,0,0,0,0,0,0,0,0,0,0,0,0,0,0,0,0,0,0,0,0,0,0,0,0,0,0,0,0,0,0,0,0,0,0,0,0,0,0,0,0,0,0,0,0,0,0,0,0,0,0,0,0,0,0,0,0,0,0,0,0,0,0,0,0,0,0,0,0,0,0,0,0,0,0,0,0,0,0,0,0,0,0,0,0,0,0,0,0,0,0,0,0,0,0,0,0,0,0,0,0,0,0,0,0,0,0,0,0,0,0,0,0,0,0,0,0,0,0,0,0,0,0,0,0,0,0,0,0,0,0,0,0,0,0,0,0,0,0,0,0,0,0,0,0,0,0,0,0,0,0,0,0,0,0,0,0,0,0,0,0,0,0,0,0,0,0,0,0,0,0,0,0,0,0,0,0,0,0,0,0,0,0,0,0,0,0,0,0,0,0,0,0,0,0,0,0,0,0,0,0,0,0,0,0,0,0,0,0,0,0,0,0,0,0,0,0,0,0,0,0,0,0,0,0,0,0,0,0,20,5218
13,0,0,0,0,0,0,0,0,0,0,0,0,0,0,0,0,0,0,0,0,0,0,0,0,0,0,0,0,0,0,0,0,0,0,0,0,0,0,0,0,0,0,0,0,0,0,0,0,0,0,0,0,0,0,0,0,0,0,0,0,0,0,0,0,0,0,0,0,0,0,0,0,0,0,0,0,0,0,0,0,0,0,0,0,0,0,0,0,0,0,0,0,0,0,0,0,0,0,0,0,0,0,0,0,0,0,0,0,0,0,0,0,0,0,0,0,0,0,0,0,0,0,0,0,0,0,0,0,0,0,0,0,0,0,0,0,0,0,0,0,0,0,0,0,0,0,0,0,0,0,0,0,0,0,0,0,0,0,0,0,0,0,0,0,0,0,0,0,0,0,0,0,0,0,0,0,0,0,0,0,0,0,0,0,0,0,0,0,0,0,0,0,0,0,0,0,0,0,0,0,0,0,0,0,0,0,0,0,0,0,0,0,0,0,0,0,0,0,0,0,0,0,0,0,0,0,0,0,0,0,0,0,0,0,0,0,0,0,0,0,0,0,0,0,0,0,0,0,0,0,0,0,0,0,0,0,0,0,0,0,0,0,0,0,0,0,0,0,0,0,0,0,0,0,0,0,0,0,0,0,0,0,0,0,0,0,0,0,0,0,0,0,0,0,0,0,0,0,0,0,0,0,0,0,0,0,0,0,0,0,0,0,0,0,0,0,0,0,0,0,0,0,0,0,0,0,0,0,0,0,0,0,0,0,0,0,0,0,0,0,0,0,0,0,0,0,0,0,0,0,0,0,0,0,0,0,0,0,0,0,0,0,0,0,0,0,0,0,0,0,0,0,0,0,0,0,0,0,0,0,0,0,0,0,0,0,0,0,0,19,6093
25,0,0,0,0,0,0,0,0,0,0,0,0,0,0,0,0,0,0,0,0,0,0,0,0,0,0,0,0,0,0,0,0,0,0,0,0,0,0,0,0,0,0,0,0,0,0,0,0,0,0,0,0,0,0,0,0,0,0,0,0,0,0,0,0,0,0,0,0,0,0,0,0,0,0,0,0,0,0,0,0,0,0,0,0,0,0,0,0,0,0,0,0,0,0,0,0,0,0,0,0,0,0,0,0,0,0,0,0,0,0,0,0,0,0,0,0,0,0,0,0,0,0,0,0,0,0,0,0,0,0,0,0,0,0,0,0,0,0,0,0,0,0,0,0,0,0,0,0,0,0,0,0,0,0,0,0,0,0,0,0,0,0,0,0,0,0,0,0,0,0,0,0,0,0,0,0,0,0,0,0,0,0,0,0,0,0,0,0,0,0,0,0,0,0,0,0,0,0,0,0,0,0,0,0,0,0,0,0,0,0,0,0,0,0,0,0,0,0,0,0,0,0,0,0,0,0,0,0,0,0,0,0,0,0,0,0,0,0,0,0,0,0,0,0,0,0,0,0,0,0,0,0,0,0,0,0,0,0,0,0,0,0,0,0,0,0,0,0,0,0,0,0,0,0,0,0,0,0,0,0,0,0,0,0,0,0,0,0,0,0,0,0,0,0,0,0,0,0,0,0,0,0,0,0,0,0,0,0,0,0,0,0,0,0,0,0,0,0,0,0,0,0,0,0,0,0,0,0,0,0,0,0,0,0,0,0,0,0,0,0,0,0,0,0,0,0,0,0,0,0,0,0,0,0,0,0,0,0,0,0,0,0,0,0,0,0,0,0,0,0,0,0,0,0,0,0,0,0,0,0,0,0,0,0,0,0,0,0,0,17,462
27,0,0,0,0,0,0,0,0,0,0,0,0,0,0,0,0,0,0,0,0,0,0,0,0,0,0,0,0,0,0,0,0,0,0,0,0,0,0,0,0,0,0,0,0,0,0,0,0,0,0,0,0,0,0,0,0,0,0,0,0,0,0,0,0,0,0,0,0,0,0,0,0,0,0,0,0,0,0,0,0,0,0,0,0,0,0,0,0,0,0,0,0,0,0,0,0,0,0,0,0,0,0,0,0,0,0,0,0,0,0,0,0,0,0,0,0,0,0,0,0,0,0,0,0,0,0,0,0,0,0,0,0,0,0,0,0,0,0,0,0,0,0,0,0,0,0,0,0,0,0,0,0,0,0,0,0,0,0,0,0,0,0,0,0,0,0,0,0,0,0,0,0,0,0,0,0,0,0,0,0,0,0,0,0,0,0,0,0,0,0,0,0,0,0,0,0,0,0,0,0,0,0,0,0,0,0,0,0,0,0,0,0,0,0,0,0,0,0,0,0,0,0,0,0,0,0,0,0,0,0,0,0,0,0,0,0,0,0,0,0,0,0,0,0,0,0,0,0,0,0,0,0,0,0,0,0,0,0,0,0,0,0,0,0,0,0,0,0,0,0,0,0,0,0,0,0,0,0,0,0,0,0,0,0,0,0,0,0,0,0,0,0,0,0,0,0,0,0,0,0,0,0,0,0,0,0,0,0,0,0,0,0,0,0,0,0,0,0,0,0,0,0,0,0,0,0,0,0,0,0,0,0,0,0,0,0,0,0,0,0,0,0,0,0,0,0,0,0,0,0,0,0,0,0,0,0,0,0,0,0,0,0,0,0,0,0,0,0,0,0,0,0,0,0,0,0,0,0,0,0,0,0,0,0,0,0,0,0,0,12,77
26,0,0,0,0,0,0,0,0,0,0,0,0,0,0,0,0,0,0,0,0,0,0,0,0,0,0,0,0,0,0,0,0,0,0,0,0,0,0,0,0,0,0,0,0,0,0,0,0,0,0,0,0,0,0,0,0,0,0,0,0,0,0,0,0,0,0,0,0,0,0,0,0,0,0,0,0,0,0,0,0,0,0,0,0,0,0,0,0,0,0,0,0,0,0,0,0,0,0,0,0,0,0,0,0,0,0,0,0,0,0,0,0,0,0,0,0,0,0,0,0,0,0,0,0,0,0,0,0,0,0,0,0,0,0,0,0,0,0,0,0,0,0,0,0,0,0,0,0,0,0,0,0,0,0,0,0,0,0,0,0,0,0,0,0,0,0,0,0,0,0,0,0,0,0,0,0,0,0,0,0,0,0,0,0,0,0,0,0,0,0,0,0,0,0,0,0,0,0,0,0,0,0,0,0,0,0,0,0,0,0,0,0,0,0,0,0,0,0,0,0,0,0,0,0,0,0,0,0,0,0,0,0,0,0,0,0,0,0,0,0,0,0,0,0,0,0,0,0,0,0,0,0,0,0,0,0,0,0,0,0,0,0,0,0,0,0,0,0,0,0,0,0,0,0,0,0,0,0,0,0,0,0,0,0,0,0,0,0,0,0,0,0,0,0,0,0,0,0,0,0,0,0,0,0,0,0,0,0,0,0,0,0,0,0,0,0,0,0,0,0,0,0,0,0,0,0,0,0,0,0,0,0,0,0,0,0,0,0,0,0,0,0,0,0,0,0,0,0,0,0,0,0,0,0,0,0,0,0,0,0,0,0,0,0,0,0,0,0,0,0,0,0,0,0,0,0,0,0,0,0,0,0,0,0,0,0,0,0,0,6,179
28,0,0,0,0,0,0,0,0,0,0,0,0,0,0,0,0,0,0,0,0,0,0,0,0,0,0,0,0,0,0,0,0,0,0,0,0,0,0,0,0,0,0,0,0,0,0,0,0,0,0,0,0,0,0,0,0,0,0,0,0,0,0,0,0,0,0,0,0,0,0,0,0,0,0,0,0,0,0,0,0,0,0,0,0,0,0,0,0,0,0,0,0,0,0,0,0,0,0,0,0,0,0,0,0,0,0,0,0,0,0,0,0,0,0,0,0,0,0,0,0,0,0,0,0,0,0,0,0,0,0,0,0,0,0,0,0,0,0,0,0,0,0,0,0,0,0,0,0,0,0,0,0,0,0,0,0,0,0,0,0,0,0,0,0,0,0,0,0,0,0,0,0,0,0,0,0,0,0,0,0,0,0,0,0,0,0,0,0,0,0,0,0,0,0,0,0,0,0,0,0,0,0,0,0,0,0,0,0,0,0,0,0,0,0,0,0,0,0,0,0,0,0,0,0,0,0,0,0,0,0,0,0,0,0,0,0,0,0,0,0,0,0,0,0,0,0,0,0,0,0,0,0,0,0,0,0,0,0,0,0,0,0,0,0,0,0,0,0,0,0,0,0,0,0,0,0,0,0,0,0,0,0,0,0,0,0,0,0,0,0,0,0,0,0,0,0,0,0,0,0,0,0,0,0,0,0,0,0,0,0,0,0,0,0,0,0,0,0,0,0,0,0,0,0,0,0,0,0,0,0,0,0,0,0,0,0,0,0,0,0,0,0,0,0,0,0,0,0,0,0,0,0,0,0,0,0,0,0,0,0,0,0,0,0,0,0,0,0,0,0,0,0,0,0,0,0,0,0,0,0,0,0,0,0,0,0,0,0,0,2,48
30,0,0,0,0,0,0,0,0,0,0,0,0,0,0,0,0,0,0,0,0,0,0,0,0,0,0,0,0,0,0,0,0,0,0,0,0,0,0,0,0,0,0,0,0,0,0,0,0,0,0,0,0,0,0,0,0,0,0,0,0,0,0,0,0,0,0,0,0,0,0,0,0,0,0,0,0,0,0,0,0,0,0,0,0,0,0,0,0,0,0,0,0,0,0,0,0,0,0,0,0,0,0,0,0,0,0,0,0,0,0,0,0,0,0,0,0,0,0,0,0,0,0,0,0,0,0,0,0,0,0,0,0,0,0,0,0,0,0,0,0,0,0,0,0,0,0,0,0,0,0,0,0,0,0,0,0,0,0,0,0,0,0,0,0,0,0,0,0,0,0,0,0,0,0,0,0,0,0,0,0,0,0,0,0,0,0,0,0,0,0,0,0,0,0,0,0,0,0,0,0,0,0,0,0,0,0,0,0,0,0,0,0,0,0,0,0,0,0,0,0,0,0,0,0,0,0,0,0,0,0,0,0,0,0,0,0,0,0,0,0,0,0,0,0,0,0,0,0,0,0,0,0,0,0,0,0,0,0,0,0,0,0,0,0,0,0,0,0,0,0,0,0,0,0,0,0,0,0,0,0,0,0,0,0,0,0,0,0,0,0,0,0,0,0,0,0,0,0,0,0,0,0,0,0,0,0,0,0,0,0,0,0,0,0,0,0,0,0,0,0,0,0,0,0,0,0,0,0,0,0,0,0,0,0,0,0,0,0,0,0,0,0,0,0,0,0,0,0,0,0,0,0,0,0,0,0,0,0,0,0,0,0,0,0,0,0,0,0,0,0,0,0,0,0,0,0,0,0,0,0,0,0,0,0,0,0,0,0,0,2,11
9,0,0,0,0,0,0,0,0,0,0,0,0,0,0,0,0,0,0,0,0,0,0,0,0,0,0,0,0,0,0,0,0,0,0,0,0,0,0,0,0,0,0,0,0,0,0,0,0,0,0,0,0,0,0,0,0,0,0,0,0,0,0,0,0,0,0,0,0,0,0,0,0,0,0,0,0,0,0,0,0,0,0,0,0,0,0,0,0,0,0,0,0,0,0,0,0,0,0,0,0,0,0,0,0,0,0,0,0,0,0,0,0,0,0,0,0,0,0,0,0,0,0,0,0,0,0,0,0,0,0,0,0,0,0,0,0,0,0,0,0,0,0,0,0,0,0,0,0,0,0,0,0,0,0,0,0,0,0,0,0,0,0,0,0,0,0,0,0,0,0,0,0,0,0,0,0,0,0,0,0,0,0,0,0,0,0,0,0,0,0,0,0,0,0,0,0,0,0,0,0,0,0,0,0,0,0,0,0,0,0,0,0,0,0,0,0,0,0,0,0,0,0,0,0,0,0,0,0,0,0,0,0,0,0,0,0,0,0,0,0,0,0,0,0,0,0,0,0,0,0,0,0,0,0,0,0,0,0,0,0,0,0,0,0,0,0,0,0,0,0,0,0,0,0,0,0,0,0,0,0,0,0,0,0,0,0,0,0,0,0,0,0,0,0,0,0,0,0,0,0,0,0,0,0,0,0,0,0,0,0,0,0,0,0,0,0,0,0,0,0,0,0,0,0,0,0,0,0,0,0,0,0,0,0,0,0,0,0,0,0,0,0,0,0,0,0,0,0,0,0,0,0,0,0,0,0,0,0,0,0,0,0,0,0,0,0,0,0,0,0,0,0,0,0,0,0,0,0,0,0,0,0,0,0,0,0,0,0,0,2,3414
10,0,0,0,0,0,0,0,0,0,0,0,0,0,0,0,0,0,0,0,0,0,0,0,0,0,0,0,0,0,0,0,0,0,0,0,0,0,0,0,0,0,0,0,0,0,0,0,0,0,0,0,0,0,0,0,0,0,0,0,0,0,0,0,0,0,0,0,0,0,0,0,0,0,0,0,0,0,0,0,0,0,0,0,0,0,0,0,0,0,0,0,0,0,0,0,0,0,0,0,0,0,0,0,0,0,0,0,0,0,0,0,0,0,0,0,0,0,0,0,0,0,0,0,0,0,0,0,0,0,0,0,0,0,0,0,0,0,0,0,0,0,0,0,0,0,0,0,0,0,0,0,0,0,0,0,0,0,0,0,0,0,0,0,0,0,0,0,0,0,0,0,0,0,0,0,0,0,0,0,0,0,0,0,0,0,0,0,0,0,0,0,0,0,0,0,0,0,0,0,0,0,0,0,0,0,0,0,0,0,0,0,0,0,0,0,0,0,0,0,0,0,0,0,0,0,0,0,0,0,0,0,0,0,0,0,0,0,0,0,0,0,0,0,0,0,0,0,0,0,0,0,0,0,0,0,0,0,0,0,0,0,0,0,0,0,0,0,0,0,0,0,0,0,0,0,0,0,0,0,0,0,0,0,0,0,0,0,0,0,0,0,0,0,0,0,0,0,0,0,0,0,0,0,0,0,0,0,0,0,0,0,0,0,0,0,0,0,0,0,0,0,0,0,0,0,0,0,0,0,0,0,0,0,0,0,0,0,0,0,0,0,0,0,0,0,0,0,0,0,0,0,0,0,0,0,0,0,0,0,0,0,0,0,0,0,0,0,0,0,0,0,0,0,0,0,0,0,0,0,0,0,0,0,0,0,0,0,0,0,0,4088
29,0,0,0,0,0,0,0,0,0,0,0,0,0,0,0,0,0,0,0,0,0,0,0,0,0,0,0,0,0,0,0,0,0,0,0,0,0,0,0,0,0,0,0,0,0,0,0,0,0,0,0,0,0,0,0,0,0,0,0,0,0,0,0,0,0,0,0,0,0,0,0,0,0,0,0,0,0,0,0,0,0,0,0,0,0,0,0,0,0,0,0,0,0,0,0,0,0,0,0,0,0,0,0,0,0,0,0,0,0,0,0,0,0,0,0,0,0,0,0,0,0,0,0,0,0,0,0,0,0,0,0,0,0,0,0,0,0,0,0,0,0,0,0,0,0,0,0,0,0,0,0,0,0,0,0,0,0,0,0,0,0,0,0,0,0,0,0,0,0,0,0,0,0,0,0,0,0,0,0,0,0,0,0,0,0,0,0,0,0,0,0,0,0,0,0,0,0,0,0,0,0,0,0,0,0,0,0,0,0,0,0,0,0,0,0,0,0,0,0,0,0,0,0,0,0,0,0,0,0,0,0,0,0,0,0,0,0,0,0,0,0,0,0,0,0,0,0,0,0,0,0,0,0,0,0,0,0,0,0,0,0,0,0,0,0,0,0,0,0,0,0,0,0,0,0,0,0,0,0,0,0,0,0,0,0,0,0,0,0,0,0,0,0,0,0,0,0,0,0,0,0,0,0,0,0,0,0,0,0,0,0,0,0,0,0,0,0,0,0,0,0,0,0,0,0,0,0,0,0,0,0,0,0,0,0,0,0,0,0,0,0,0,0,0,0,0,0,0,0,0,0,0,0,0,0,0,0,0,0,0,0,0,0,0,0,0,0,0,0,0,0,0,0,0,0,0,0,0,0,0,0,0,0,0,0,0,0,0,0,0,9
31,0,0,0,0,0,0,0,0,0,0,0,0,0,0,0,0,0,0,0,0,0,0,0,0,0,0,0,0,0,0,0,0,0,0,0,0,0,0,0,0,0,0,0,0,0,0,0,0,0,0,0,0,0,0,0,0,0,0,0,0,0,0,0,0,0,0,0,0,0,0,0,0,0,0,0,0,0,0,0,0,0,0,0,0,0,0,0,0,0,0,0,0,0,0,0,0,0,0,0,0,0,0,0,0,0,0,0,0,0,0,0,0,0,0,0,0,0,0,0,0,0,0,0,0,0,0,0,0,0,0,0,0,0,0,0,0,0,0,0,0,0,0,0,0,0,0,0,0,0,0,0,0,0,0,0,0,0,0,0,0,0,0,0,0,0,0,0,0,0,0,0,0,0,0,0,0,0,0,0,0,0,0,0,0,0,0,0,0,0,0,0,0,0,0,0,0,0,0,0,0,0,0,0,0,0,0,0,0,0,0,0,0,0,0,0,0,0,0,0,0,0,0,0,0,0,0,0,0,0,0,0,0,0,0,0,0,0,0,0,0,0,0,0,0,0,0,0,0,0,0,0,0,0,0,0,0,0,0,0,0,0,0,0,0,0,0,0,0,0,0,0,0,0,0,0,0,0,0,0,0,0,0,0,0,0,0,0,0,0,0,0,0,0,0,0,0,0,0,0,0,0,0,0,0,0,0,0,0,0,0,0,0,0,0,0,0,0,0,0,0,0,0,0,0,0,0,0,0,0,0,0,0,0,0,0,0,0,0,0,0,0,0,0,0,0,0,0,0,0,0,0,0,0,0,0,0,0,0,0,0,0,0,0,0,0,0,0,0,0,0,0,0,0,0,0,0,0,0,0,0,0,0,0,0,0,0,0,0,0,0,3
32,0,0,0,0,0,0,0,0,0,0,0,0,0,0,0,0,0,0,0,0,0,0,0,0,0,0,0,0,0,0,0,0,0,0,0,0,0,0,0,0,0,0,0,0,0,0,0,0,0,0,0,0,0,0,0,0,0,0,0,0,0,0,0,0,0,0,0,0,0,0,0,0,0,0,0,0,0,0,0,0,0,0,0,0,0,0,0,0,0,0,0,0,0,0,0,0,0,0,0,0,0,0,0,0,0,0,0,0,0,0,0,0,0,0,0,0,0,0,0,0,0,0,0,0,0,0,0,0,0,0,0,0,0,0,0,0,0,0,0,0,0,0,0,0,0,0,0,0,0,0,0,0,0,0,0,0,0,0,0,0,0,0,0,0,0,0,0,0,0,0,0,0,0,0,0,0,0,0,0,0,0,0,0,0,0,0,0,0,0,0,0,0,0,0,0,0,0,0,0,0,0,0,0,0,0,0,0,0,0,0,0,0,0,0,0,0,0,0,0,0,0,0,0,0,0,0,0,0,0,0,0,0,0,0,0,0,0,0,0,0,0,0,0,0,0,0,0,0,0,0,0,0,0,0,0,0,0,0,0,0,0,0,0,0,0,0,0,0,0,0,0,0,0,0,0,0,0,0,0,0,0,0,0,0,0,0,0,0,0,0,0,0,0,0,0,0,0,0,0,0,0,0,0,0,0,0,0,0,0,0,0,0,0,0,0,0,0,0,0,0,0,0,0,0,0,0,0,0,0,0,0,0,0,0,0,0,0,0,0,0,0,0,0,0,0,0,0,0,0,0,0,0,0,0,0,0,0,0,0,0,0,0,0,0,0,0,0,0,0,0,0,0,0,0,0,0,0,0,0,0,0,0,0,0,0,0,0,0,0,0,1