Amino_acid,Pos1,Pos2,Pos3,Pos4,Pos5,Pos6,Pos6A,Pos7,Pos8,Pos9,Pos10,Pos11,Pos11A,Pos11B,Pos11C,Pos11D,Pos12,Pos12A,Pos13,Pos13A,Pos13B,Pos13C,Pos14,Pos14A,Pos14B,Pos14C,Pos15,Pos16,Pos17,Pos18,Pos19,Pos20,Pos21,Pos21A,Pos22,Pos22A,Pos22B,Pos22C,Pos23,Pos24,Pos25,Pos26,Pos27,Pos28,Pos29,Pos30,Pos31,Pos32,Pos33,Pos34,Pos35,Pos35A,Pos35B,Pos35C,Pos35D,Pos35E,Pos35F,Pos35G,Pos35H,Pos35I,Pos35J,Pos35K,Pos35L,Pos36,Pos36A,Pos36B,Pos36C,Pos36D,Pos36E,Pos36F,Pos36G,Pos36H,Pos36I,Pos36J,Pos36K,Pos37,Pos37A,Pos37B,Pos37C,Pos37D,Pos37E,Pos38,Pos38A,Pos38B,Pos38C,Pos38D,Pos38E,Pos38F,Pos39,Pos39A,Pos39B,Pos39C,Pos39D,Pos39E,Pos39F,Pos40,Pos40A,Pos40B,Pos40C,Pos40D,Pos40E,Pos40F,Pos40G,Pos40H,Pos40I,Pos40J,Pos41,Pos41A,Pos41B,Pos41C,Pos41D,Pos41E,Pos41F,Pos42,Pos42A,Pos42B,Pos42C,Pos42D,Pos42E,Pos42F,Pos42G,Pos42H,Pos42I,Pos42J,Pos43,Pos43A,Pos43B,Pos43C,Pos43D,Pos43E,Pos43F,Pos43G,Pos43H,Pos43I,Pos44,Pos44A,Pos44B,Pos44C,Pos44D,Pos44E,Pos44F,Pos44G,Pos44H,Pos45,Pos45A,Pos45B,Pos45C,Pos45D,Pos45E,Pos45F,Pos45G,Pos45H,Pos45I,Pos45J,Pos46,Pos46A,Pos46B,Pos46C,Pos46D,Pos46E,Pos46F,Pos46G,Pos46H,Pos46I,Pos47,Pos47A,Pos47B,Pos47C,Pos47D,Pos47E,Pos47F,Pos47G,Pos48,Pos49,Pos50,Pos51,Pos52,Pos52A,Pos52B,Pos52C,Pos52D,Pos52E,Pos52F,Pos52G,Pos52H,Pos52I,Pos52J,Pos52K,Pos52L,Pos52M,Pos52N,Pos52O,Pos53,Pos54,Pos55,Pos56,Pos57,Pos58,Pos59,Pos59A,Pos59B,Pos59C,Pos59D,Pos59E,Pos60,Pos60A,Pos60B,Pos60C,Pos60D,Pos60E,Pos61,Pos61A,Pos61B,Pos61C,Pos61D,Pos62,Pos62A,Pos62B,Pos62C,Pos62D,Pos62E,Pos63,Pos63A,Pos63B,Pos63C,Pos63D,Pos63E,Pos64,Pos64A,Pos64B,Pos64C,Pos64D,Pos64E,Pos64F,Pos64G,Pos64H,Pos64I,Pos64J,Pos64K,Pos65,Pos66,Pos66A,Pos66B,Pos66C,Pos67,Pos67A,Pos67B,Pos67C,Pos68,Pos68A,Pos68B,Pos68C,Pos68D,Pos68E,Pos69,Pos69A,Pos69B,Pos69C,Pos69D,Pos69E,Pos69F,Pos69G,Pos69H,Pos69I,Pos70,Pos70A,Pos70B,Pos70C,Pos70D,Pos70E,Pos70F,Pos70G,Pos70H,Pos71,Pos71A,Pos71B,Pos71C,Pos71D,Pos71E,Pos71F,Pos72,Pos72A,Pos72B,Pos72C,Pos72D,Pos72E,Pos72F,Pos72G,Pos73,Pos73A,Pos73B,Pos73C,Pos73D,Pos73E,Pos73F,Pos73G,Pos73H,Pos74,Pos74A,Pos74B,Pos74C,Pos74D,Pos74E,Pos74F,Pos74G,Pos74H,Pos75,Pos75A,Pos75B,Pos75C,Pos75D,Pos75E,Pos75F,Pos75G,Pos75H,Pos75I,Pos76,Pos76A,Pos76B,Pos76C,Pos76D,Pos76E,Pos76F,Pos76G,Pos76H,Pos76I,Pos76J,Pos77,Pos77A,Pos77B,Pos77C,Pos77D,Pos77E,Pos77F,Pos77G,Pos78,Pos78A,Pos78B,Pos78C,Pos79,Pos79A,Pos79B,Pos79C,Pos79D,Pos79E,Pos79F,Pos79G,Pos79H,Pos79I,Pos79J,Pos80,Pos80A,Pos80B,Pos80C,Pos81,Pos82,Pos82A,Pos82B,Pos82C,Pos82D,Pos82E,Pos82F,Pos82G,Pos82H,Pos82I,Pos83,Pos84,Pos84A,Pos85,Pos85A,Pos86,Pos86A,Pos86B,Pos86C,Pos86D,Pos86E,Pos86F,Pos86G,Pos86H,Pos86I,Pos87,Pos87A,Pos87B,Pos87C,Pos87D,Pos87E,Pos87F,Pos87G,Pos87H,Pos87I,Pos88,Pos88A,Pos88B,Pos88C,Pos88D,Pos88E,Pos88F,Pos88G,Pos88H,Pos88I,Pos88J,Pos88K,Pos89,Pos89A,Pos89B,Pos89C,Pos89D,Pos89E,Pos89F,Pos89G,Pos89H,Pos89I,Pos89J,Pos89K,Pos89L,Pos89M,Pos90,Pos91,Pos92,Pos93,Pos94,Pos95,Pos96,Pos97,Pos98,Pos99,Pos100,Pos100A,Pos100B,Pos100C,Pos100D,Pos100E,Pos100F,Pos100G,Pos100H,Pos100I,Pos100J,Pos100K,Pos100L,Pos100M,Pos100N,Pos100O,Pos100P,Pos100Q,Pos100R,Pos100S,Pos100T,Pos100U,Pos100V,Pos100W,Pos100X,Pos101,Pos102,Pos103,Pos104,Pos104A,Pos104B,Pos104C,Pos104D,Pos104E,Pos104F,Pos105,Pos105A,Pos105B,Pos105C,Pos105D,Pos105E,Pos105F,Pos106,Pos106A,Pos106B,Pos107,Pos108,Pos108A,Pos109,Pos110,Pos111,Pos112,Pos113
*,205470,9621,3302,2348,1890,1672,249915,1511,1416,1402,1474,1258,249977,249978,249978,249978,1088,249977,1016,249977,249977,249978,948,249959,249959,249960,625,620,494,441,411,365,323,249972,301,249904,249950,249978,5,5,10,29,77,97,122,134,187,382,2101,4016,12633,240693,244839,247558,248718,249326,249600,249838,249899,249951,249972,249976,249976,20,249973,249976,249976,249977,249977,249978,249978,249978,249978,249978,249978,17,249958,249973,249975,249975,249977,24,249935,249957,249959,249964,249978,249978,45,249942,249970,249975,249977,249978,249978,49,249919,249965,249968,249973,249974,249977,249978,249978,249978,249978,95,249887,249960,249967,249970,249972,249978,73,249841,249952,249963,249970,249975,249976,249977,249978,249978,249978,105,249794,249865,249874,249935,249949,249955,249974,249975,249977,143,248588,249216,249242,249917,249977,249977,249978,249978,195,249738,249804,249853,249957,249973,249974,249976,249976,249977,249978,143,249895,249925,249938,249966,249977,249977,249978,249978,249978,187,249934,249944,249950,249967,249973,249974,249978,154,53,255,570,2891,53405,240446,243618,246548,248058,249054,249337,249780,249857,249914,249930,249967,249976,249978,249978,37,22,2,1,0,215,80,249837,249911,249963,249968,249973,44,249864,249953,249970,249978,249978,40,249933,249958,249973,249974,60,249933,249935,249969,249969,249978,84,249953,249956,249957,249976,249976,48,249395,249824,249835,249837,249974,249975,249975,249976,249977,249977,249977,24,6,249978,249978,249978,3,249971,249971,249978,4,249967,249968,249978,249978,249978,7,249922,249928,249942,249949,249951,249977,249978,249978,249978,12,249905,249920,249944,249961,249964,249977,249978,249978,14,249889,249907,249930,249968,249972,249975,233,249908,249917,249955,249965,249968,249973,249976,887,249797,249836,249920,249942,249951,249958,249971,249978,1459,249618,249842,249907,249930,249969,249974,249976,249978,807,249891,249917,249948,249962,249964,249966,249977,249977,249978,788,249714,249735,249909,249960,249969,249975,249978,249978,249978,249978,315,249678,249789,249952,249976,249978,249978,249978,81,249735,249751,249900,52,249933,249948,249970,249977,249977,249978,249978,249978,249978,249978,13,249964,249965,249976,10,9,10,13,13,249977,249978,249978,249978,249978,249978,8,13,249969,14,249978,13,249976,249976,249976,249977,249977,249978,249978,249978,249978,13,249975,249976,249976,249976,249976,249976,249978,249978,249978,14,249971,249975,249975,249976,249976,249977,249977,249977,249978,249978,249978,24,249933,249960,249964,249964,249964,249964,249968,249969,249971,249975,249976,249977,249978,33,1010,976,966,968,7639,8804,9584,19748,21634,25292,30085,35879,43578,53277,65613,79191,95537,117679,151962,177503,200762,217356,228757,235341,241776,243771,247619,248876,249530,249747,249924,249951,249967,249977,7351,6268,8388,8368,249774,249897,249908,249915,249919,249922,8363,249910,249931,249952,249952,249953,249954,8525,249975,249978,9770,11522,249978,11553,11864,12514,21490,73907
A,0,163,11,1,262,588,0,418,115,116,5072,1178,0,0,0,0,8370,2,174,1,0,0,63049,0,0,0,223,1788,2024,295,210,20,8850,0,17,1,10,0,138166,184433,3671,3513,4452,10728,5470,8304,6377,7051,97761,5091,35895,1498,575,409,304,35,136,15,19,1,0,0,1,11,0,0,0,1,0,0,0,0,0,0,0,2853,0,0,2,0,0,57,0,3,1,0,0,0,263,3,2,0,1,0,0,204057,15,1,1,1,0,1,0,0,1,0,2450,10,3,0,0,2,0,552,2,2,2,0,0,0,1,0,0,0,2170,16,5,30,1,1,5,0,2,0,7353,1,592,1,0,1,0,1,0,165,12,1,1,3,1,0,0,0,0,0,1544,8,2,2,1,0,0,0,0,0,12728,1,5,0,0,0,0,1,1293,109736,36710,1686,10324,12495,316,228,146,59,51,24,9,20,2,1,6,1,0,0,14345,8474,12920,10968,12640,5066,323,6,1,0,0,0,168301,2,9,0,0,0,6637,2,3,0,0,8735,1,1,0,0,0,11087,0,0,0,0,0,1128,4,14,0,12,0,0,0,0,0,0,0,1659,10,0,0,0,710,1,0,0,11232,0,0,0,0,0,2571,0,0,1,0,1,0,0,0,0,5403,3,7,1,5,0,0,0,0,1098,4,0,30,0,0,0,2372,2,19,0,2,0,0,0,2299,43,1,2,2,0,4,0,0,186693,32,14,31,4,0,1,1,0,3090,7,15,0,0,2,1,0,0,1,1392,42,115,2,1,0,0,0,0,0,0,7384,20,1,0,2,0,0,0,15648,0,1,73,2719,0,0,0,0,0,0,0,0,0,0,13,2,0,0,486,151,1126,2365,623,0,0,0,0,0,0,997,6753,0,2484,0,2241,0,1,0,0,1,0,1,1,0,4659,0,1,0,0,0,1,0,0,0,210514,0,0,0,0,1,2,0,0,0,0,0,1957,1,0,1,6,9,2,0,0,0,0,0,0,0,26,424,71,192954,145258,22083,13817,12669,11699,12368,11734,12917,17262,11887,11110,13085,14914,10718,6956,5172,3771,2057,2093,714,512,266,170,55,35,14,5,2,2,0,0,12560,7092,282,1668,18,1,1,1,1,1,350,1,0,0,0,0,0,259,0,0,3966,312,0,636,4365,959,5234,15487
C,0,1,0,1,1,1,0,33,38,16,84,22,0,0,0,0,11,0,2,0,0,0,4,0,0,0,24,20,107,12,19,5,76,0,246323,0,17,0,16,115,283,78,661,207,621,1485,1352,2884,20282,1154,1599,346,184,48,32,19,8,18,0,0,3,0,0,952,1,0,0,0,0,0,0,0,0,0,0,605,1,0,0,0,0,526,0,0,0,6,0,0,1,0,0,0,0,0,0,224,0,0,0,0,0,0,0,0,0,0,5,0,0,0,0,0,0,12,0,0,0,0,0,0,0,0,0,0,2,0,0,0,0,0,0,0,0,0,19,0,1,0,0,0,1,0,1,3486,0,0,0,0,0,0,0,0,0,0,4,1,0,0,0,0,0,0,0,0,782,0,0,0,0,0,0,0,59,251,108696,219,865,437,15,10,13,4,4,3,0,1,0,0,0,0,0,0,602,334,295,253,16,308,520,3,0,1,0,0,28,0,0,0,0,0,16,0,0,0,0,183,0,0,0,0,0,17,0,0,0,0,0,3,1,1,3,0,0,0,0,0,0,0,0,323,34,0,0,0,729,0,0,0,14,0,0,0,0,0,167,0,0,0,0,0,0,0,0,0,154,0,0,0,0,0,0,0,0,39,0,0,0,0,0,0,6,0,0,0,0,0,0,0,25,0,0,0,0,0,1,0,0,23,0,0,0,0,0,0,0,0,4,0,0,0,0,0,0,0,0,0,27,0,1,0,0,0,0,0,0,0,0,2,0,0,0,0,0,0,0,96,0,0,0,454,0,1,0,0,0,0,0,0,0,0,3,1,0,0,1,1,17,170,9,0,0,0,0,0,0,20,293,0,6,0,7,0,0,0,0,0,1,0,0,0,5,0,0,1,0,0,0,0,0,0,65,0,0,0,0,0,0,0,0,0,0,0,56,6,2,1,0,0,0,0,0,0,0,0,0,0,484,1641,235257,275,232,1166,3885,3019,10493,14096,17319,13634,19277,18086,12255,8152,5241,2856,4650,1186,817,438,202,492,43,47,25,8,34,1,1,0,0,0,0,763,1638,983,848,2,1,0,2,0,0,10,0,0,2,0,0,0,12,0,0,2,0,0,4,1,4,95,0
D,7497,1,0,0,3,322,0,4,12,10,6945,20,0,0,0,0,8,0,225,0,0,0,340,0,0,0,65,4158,43,0,34,5,177,0,1,0,0,0,720,1578,600,2601,9477,3472,4501,70990,24969,5183,11088,537,1625,195,61,59,52,30,2,0,0,1,0,0,0,0,0,0,0,0,0,0,0,0,1,0,0,490,0,0,0,0,0,4,0,0,0,1,1,0,98,1,0,0,0,0,0,805,1,2,0,0,0,0,0,0,0,0,65,3,0,0,0,0,0,812,1,1,0,0,0,1,0,0,0,0,344,7,0,8,4,2,0,0,0,0,5809,6,3,110,2,0,0,0,0,136,28,28,1,0,1,0,0,1,0,0,4149,9,3,0,1,0,1,0,1,0,443,0,6,0,0,0,0,0,258,67,11301,395,20322,3828,916,620,387,49,20,16,12,5,21,1,1,0,0,1,16430,41964,24219,12143,738,17464,2014,5,52,0,1,0,7507,28,1,5,0,0,207239,16,3,5,0,1618,15,0,9,0,0,541,1,17,3,0,0,858,3,1,0,1,0,0,0,2,0,0,0,7751,3,0,0,1,4,0,0,0,224,0,0,0,0,0,151,0,0,5,1,0,0,0,0,0,327,0,14,0,1,0,0,0,0,41,12,1,2,1,0,0,228405,6,15,7,2,4,2,0,15670,41,19,20,3,19,0,3,0,9179,36,6,6,3,2,0,1,0,3327,2,4,10,1,0,0,0,0,0,9998,4,5,2,0,0,0,0,0,0,0,30,0,3,0,0,0,0,0,72,3,0,0,7206,6,0,2,0,0,0,0,0,0,0,2,0,0,0,1208,2,24822,17528,1,0,0,0,1,0,0,784,987,9,17585,0,241938,0,0,2,0,0,0,0,0,1,26,2,0,1,0,0,0,0,0,0,1684,3,2,1,0,0,0,2,0,0,0,0,1699,27,1,1,0,0,5,0,1,0,0,0,0,0,1541,1160,40,866,1592,59999,11485,12686,8291,12105,15208,10531,15279,12161,11554,10349,12968,12689,10245,9047,6180,3610,2336,1151,3283,1505,551,394,354,21,5,3,0,0,0,111173,7925,28,922,3,1,2,1,50,3,267,0,1,0,1,0,0,18,0,0,34,14,0,316,35,150,133,3
E,684,114,49,1,183,246418,0,16,152,298,602,1036,0,0,0,0,369,0,5087,0,0,0,139,0,0,0,493,16569,2,4,399,3,17,0,2,9,0,0,10124,185,255,7410,997,776,2211,15587,2963,1368,1626,487,340,48,70,5,4,0,0,0,0,0,0,0,0,0,0,0,0,0,0,0,0,1,0,1,0,22,0,0,0,0,0,1,0,0,0,0,0,0,1888,5,1,1,0,0,0,186,0,2,5,5,0,1,0,0,0,0,179,6,2,8,0,1,0,1997,2,10,2,2,0,0,0,0,0,0,4954,75,0,37,2,0,1,0,1,0,164357,124,64,610,59,0,0,0,0,137,70,68,15,1,0,1,1,0,1,0,233149,17,10,17,5,0,1,0,0,0,6065,11,7,7,3,1,1,0,188,543,1827,158,5763,3017,139,76,67,53,82,6,2,3,0,1,1,0,0,0,2127,4028,8242,3011,2558,4983,151,1,0,0,2,0,4791,10,1,0,0,0,12136,0,0,0,0,69,9,0,0,0,0,787,0,0,16,0,0,10858,65,4,0,45,0,0,0,0,0,0,0,474,2,0,1,0,0,0,0,0,17,0,0,0,0,0,5,0,0,1,0,0,0,0,0,0,109,0,7,0,0,0,0,0,0,1067,6,1,0,0,0,2,3939,2,0,0,2,0,0,0,647,3,4,0,0,4,1,0,0,1913,37,1,0,0,0,0,0,0,13808,6,1,1,1,1,9,0,0,0,830,2,2,0,1,2,1,0,1,1,0,1037,2,0,0,0,0,0,0,851,1,0,0,423,0,1,0,0,0,0,0,0,0,0,4,0,0,0,16827,9,2099,686,26,0,0,1,0,0,0,18269,418,0,220927,0,3097,0,0,0,0,0,0,0,0,0,111,0,0,0,0,0,0,0,1,0,53,0,0,0,0,0,0,0,0,0,0,0,1058,1,0,0,2,1,1,1,0,2,0,0,0,0,77,118,7,2351,3385,18651,9505,9791,5209,4771,5220,6829,8195,7722,9482,8849,8988,14781,10876,8243,5399,4038,1891,1570,624,2283,233,103,42,111,12,1,8,1,0,18547,1261,620,72,2,1,0,0,0,0,4543,2,23,0,0,0,0,984,0,1,2,1358,1,24,0,1,0,2
F,0,74,0,193,5,1,0,156,2,2,28,1679,0,0,0,0,57,0,0,0,0,0,288,0,0,0,11,8,553,16,3,251,348,0,681,0,0,0,225,1759,1234,442,119944,3458,89064,1203,5960,14299,3058,1765,539,201,114,50,6,1,1,0,0,0,0,0,0,269,2,0,0,0,0,0,0,0,0,0,0,168164,1,0,0,0,1,39,0,0,0,0,0,0,10,1,0,0,1,0,0,449,0,0,0,0,0,0,0,0,0,0,10,0,0,0,0,0,0,4,0,0,0,0,0,0,0,0,0,0,52,5,0,0,5,1,0,0,0,0,33,0,1,0,0,0,0,0,0,1327,0,0,1,0,0,0,0,0,0,0,12,0,0,1,0,0,0,0,0,0,24056,0,0,0,0,0,0,0,838,150,3005,3957,1594,1864,50,162,41,23,3,8,34,4,1,0,0,0,0,0,2161,1425,1101,2808,468,7421,2809,0,0,0,0,0,380,1,0,0,0,0,177,0,0,0,0,7365,0,0,0,0,0,281,0,0,0,0,0,21,1,0,2,0,2,0,0,0,0,0,0,25,0,0,0,0,240580,0,1,1,715,0,0,0,0,0,1033,2,0,26,1,26,0,0,0,0,2023,1,5,0,4,1,0,0,0,120,1,0,1,0,1,0,80,0,0,0,1,0,0,0,441,1,0,3,0,1,0,0,0,644,1,1,0,1,0,0,0,1,49,0,0,0,0,0,0,0,0,0,98,0,1,1,0,0,0,0,0,0,0,54,1,2,0,0,0,0,0,928,1,1,0,10245,0,1,0,0,1,0,0,0,0,0,193,0,0,0,39,46,99,82,69,0,0,0,0,0,0,616,4795,0,4,0,2,0,0,0,0,1,0,0,0,0,0,0,0,0,0,0,0,0,0,0,20,0,0,0,0,0,0,0,0,0,0,0,1197,1,0,1,0,0,0,0,0,0,1,0,0,0,817,14639,615,302,708,1701,7436,7857,8141,6925,5748,4806,4768,6170,7980,6299,8571,7013,6387,5640,5331,2673,2359,1352,814,588,214,175,54,55,76,13,2,5,1,1415,9593,2041,5,0,0,0,0,0,0,12,0,0,14,0,0,0,1,0,0,15,4,0,217,83,315,419,1
G,0,13506,0,0,310,525,22,79,247332,247370,232862,133,0,0,0,0,1305,0,69,0,1,0,435,0,0,0,247355,221093,66,13,1550,11,46,3,777,0,1,0,1839,7434,1510,214886,7653,3604,2676,18639,12822,4500,13704,7567,136407,2773,1746,772,292,223,134,44,37,20,3,0,2,1548,1,0,0,0,0,1,0,0,0,0,1,345,0,2,2,3,1,352,12,12,13,1,0,1,133,1,0,1,0,0,0,7738,13,2,0,0,0,0,1,0,0,1,143,21,1,0,0,0,0,243925,94,6,3,5,1,0,1,1,0,1,1499,4,10,7,10,14,2,0,1,0,48307,9,8,5,0,1,0,0,0,1535,15,8,5,1,0,0,0,1,0,0,4773,40,2,1,2,0,0,0,0,0,118759,3,6,14,6,2,3,0,2799,5014,15319,202,11405,13009,1727,1799,787,243,64,207,1,34,3,0,1,1,0,0,44120,146583,130627,10241,809,2823,77,39,0,0,0,0,8352,9,0,1,0,1,5035,2,0,0,0,322,0,0,1,1,0,3479,0,0,1,0,0,838,147,4,0,15,0,0,0,0,0,1,0,236831,462,0,0,0,47,0,0,0,174,0,1,0,1,0,416,0,2,0,0,0,0,0,0,0,281,0,2,0,1,0,0,0,0,3715,12,0,2,0,1,0,3544,2,8,1,1,0,0,0,2193,9,3,1,1,0,1,1,0,8655,13,8,3,1,4,2,0,0,2321,3,3,2,0,0,1,0,0,0,3393,2,6,1,1,0,0,0,0,0,0,162,16,4,1,0,0,0,0,3434,2,7,2,103,0,0,0,0,0,0,0,0,0,0,8,0,0,0,286,49,787,10201,41,0,0,0,0,0,0,1016,96,0,5100,0,990,0,2,0,0,0,0,0,0,0,119,1,0,0,0,2,1,1,0,0,34690,2,0,0,0,0,0,0,0,1,0,0,1319,0,1,3,1,2,3,1,2,2,0,0,0,0,12,154,5284,6177,6985,33383,25022,42130,31856,29129,30847,23147,23432,18801,17674,14722,13930,14984,11101,7213,5676,4022,1988,2295,1088,519,267,168,117,18,15,1,1,0,0,29599,1851,2931,235503,74,6,0,0,4,3,460,8,0,1,1,26,0,239268,3,0,226,54,0,347,22,431,63,8
H,9690,0,158,81,0,1,0,1,0,0,29,14,0,0,0,0,1,0,3218,0,0,0,162,0,0,0,0,25,42,30,49,178,39,0,3,0,0,0,84,426,2024,131,2551,852,1661,4338,6923,9180,9454,230,1503,84,76,14,25,0,12,0,0,1,0,0,0,4,0,0,0,0,0,0,0,0,0,0,0,1182,0,0,0,0,0,1429,14,0,0,0,0,0,1600,1,0,0,0,0,0,88,1,0,0,0,0,0,0,0,0,0,83,1,0,0,2,0,0,19,1,0,0,0,0,0,0,0,0,0,220,1,6,0,1,0,0,0,0,0,199,35,1,4,0,0,0,0,0,1579,1,6,0,0,0,0,0,0,0,0,51,1,1,2,0,0,0,0,0,0,84,3,0,0,0,0,0,0,10,16,1736,409,3400,2027,52,108,13,22,2,8,2,1,0,0,0,0,0,0,2016,2381,2094,2958,172,8687,3259,3,0,0,0,0,768,0,0,0,0,0,1855,1,0,0,0,306,0,29,0,0,0,9,0,0,0,0,0,51,0,0,0,0,0,0,0,0,0,0,0,55,62,0,0,0,52,0,0,0,182,0,0,0,0,0,73,0,3,0,0,0,0,0,0,0,402,9,1,2,0,0,0,0,0,1576,0,1,0,0,0,0,867,3,0,0,0,0,0,0,3888,1,26,0,0,0,0,0,0,724,1,0,1,0,0,0,0,0,202,2,0,0,1,0,0,0,0,0,1876,4,2,4,0,3,1,0,0,0,0,40,1,2,0,0,0,0,0,220,1,2,0,4262,10,4,4,0,0,0,0,0,0,0,156,1,0,0,3835,4,3572,616,37,0,0,0,0,0,0,569,1357,0,57,0,280,0,0,0,0,0,0,0,0,0,25,0,1,0,0,0,0,0,0,0,20,0,0,0,0,0,0,0,0,0,0,0,1286,1,0,0,0,0,0,0,0,0,1,0,0,0,587,3389,10,1361,557,2946,4414,3272,3200,3235,2967,4100,4237,3001,3692,2437,2243,2403,1948,1136,1005,727,465,396,213,53,20,20,3,11,0,13,0,0,0,4226,9559,217,99,1,0,0,0,0,0,1845,0,0,4,3,0,0,1,0,0,71,784,0,10,32,0,51,1
I,0,3,0,137,4,0,0,28,0,2,7,97,0,0,0,0,134,0,2,0,0,0,588,0,0,0,0,4,24,62,798,1213,46,0,2,3,0,0,3710,7544,220,427,5638,24269,5230,3388,16330,2179,9142,84181,2282,781,455,157,124,85,25,11,0,0,0,0,0,5,0,0,0,0,0,0,0,0,0,0,0,2559,2,0,0,0,0,35,0,1,0,0,0,0,5,1,1,0,0,0,0,1341,0,0,0,0,0,0,0,1,0,0,181,3,1,0,0,0,0,2,4,0,0,0,1,1,0,0,0,0,76,0,1,0,0,0,0,0,0,0,45,0,0,0,0,0,0,0,0,403,1,0,1,0,0,0,0,0,0,0,154,0,0,0,0,0,0,0,0,0,924,0,0,0,0,0,0,0,26068,440,2100,205398,5924,3624,505,190,61,145,20,20,9,3,3,1,1,0,1,0,4282,3519,2997,13843,15547,4164,1048,1,1,0,0,0,1942,15,6,0,0,0,127,2,0,0,0,102,0,0,0,0,0,1000,0,0,0,0,0,176,8,0,2,0,1,0,0,0,0,0,0,3,6,0,0,0,744,1,2,0,4239,3,0,0,0,0,201749,0,3,4,4,0,1,1,0,1,223,0,1,0,2,1,0,1,0,1117,0,5,0,2,0,0,88,3,1,0,1,0,0,0,2709,10,0,0,0,0,0,0,0,831,1,0,0,0,0,0,0,0,290,2,4,0,0,0,0,0,0,0,518,6,13,1,3,0,1,0,0,0,0,4247,76,2,2,0,0,0,0,4694,2,0,0,666,0,1,0,0,0,0,0,0,0,0,318,0,0,0,121,7728,1201,779,157,0,1,0,0,0,0,1062,1356,0,9,0,1,0,0,0,0,0,0,0,0,0,163,0,0,0,0,0,0,0,0,0,2,0,0,0,0,0,0,0,0,0,0,0,14364,0,2,0,0,0,1,0,1,0,0,0,1,0,23,2790,12,526,3170,3123,5789,7302,10036,7032,5198,5798,4086,4084,5462,5740,2718,4200,2617,2475,1443,1182,449,208,125,50,45,24,5,8,1,2,1,1,0,1652,4051,72,4,0,0,1,0,0,0,27,0,0,0,0,0,0,4,0,0,6561,7,0,1290,3620,1375,1,2
K,0,0,182,0,1,133,0,9,21,1,69,193,0,0,0,0,7,0,1644,0,0,0,7,0,0,0,1,357,4,40,12271,0,1,0,1,0,0,0,2501,28,68,1068,1146,1098,523,2973,2716,2056,511,680,552,36,13,70,15,1,1,1,0,0,0,0,0,0,0,0,0,0,0,0,1,0,0,0,0,1,0,0,0,0,0,24,0,0,0,0,0,0,639,0,0,0,0,0,0,59,1,1,1,0,0,0,0,0,0,0,43,0,3,0,0,0,0,43,2,1,0,0,0,0,0,0,0,0,217640,20,1,11,3,7,13,0,0,2,2971,369,55,4,0,0,0,0,0,112,37,2,0,0,0,0,0,0,0,0,1496,0,1,0,0,0,0,0,0,0,1038,2,2,2,0,1,0,0,11,14,518,188,2110,3811,130,66,19,6,33,2,0,1,0,0,0,0,0,0,3670,641,2001,6304,7213,11104,71,1,1,0,0,0,1515,6,0,0,0,0,547,0,0,0,0,36,0,0,0,0,0,128,0,0,0,0,0,202234,69,2,1,0,0,0,0,0,0,0,2,459,10,0,0,0,0,0,0,0,169,0,0,0,0,0,30,1,1,0,0,0,1,0,0,0,24,4,0,1,0,1,0,0,0,16749,0,5,0,1,0,0,71,5,1,5,0,3,0,0,7200,3,20,4,6,2,0,1,0,211,125,13,3,2,0,0,0,0,198516,10,5,1,1,0,0,1,1,0,12761,9,2,39,2,0,0,0,0,0,0,1677,1,3,0,0,0,0,0,110,0,0,0,110,1,0,0,0,0,0,1,0,0,0,8,0,0,0,3673,853,6727,2104,8,1,0,0,0,0,0,184396,15,0,603,0,25,0,0,0,0,0,0,0,0,0,889,0,0,0,0,0,0,0,0,0,1,0,0,0,0,0,0,0,0,0,0,0,1251,0,0,0,0,0,0,0,0,1,0,0,0,0,19,100,3,1977,15328,6683,5323,3573,2798,2957,1714,3265,3195,2672,4226,2554,4444,1825,1375,1602,964,626,1621,325,383,105,25,74,7,2,0,0,0,1,0,3291,557,517,10,6,0,0,0,0,0,29441,0,0,0,0,0,0,2,0,0,102,1736,0,0,19,0,0,0
L,6,71390,95,246409,186,2,0,99,2,3,14,185443,0,0,0,0,359,0,892,0,0,1,470,1,19,0,17,11,88,242539,256,242909,125,0,97,0,0,0,5717,1263,378,690,13326,6975,81927,1603,4433,4784,1776,11064,760,387,117,80,52,31,5,14,0,1,0,1,0,670,1,0,2,0,0,0,0,0,0,0,0,3723,0,1,0,0,0,797,0,1,0,0,0,0,3550,0,0,0,0,0,0,623,4,0,0,0,0,0,0,0,0,0,1509,5,0,1,0,0,0,61,2,0,0,0,1,0,0,0,0,0,505,9,1,1,1,0,0,0,0,0,443,0,3,0,0,0,0,0,0,36421,9,4,1,0,0,0,0,0,0,0,184,0,0,1,0,0,0,0,0,0,23330,3,0,1,0,1,0,0,10732,2635,2221,11609,1327,2793,373,85,99,40,26,84,2,0,21,1,0,0,0,0,2574,1778,2265,4673,2649,3549,4721,24,6,1,0,0,5170,7,1,0,0,0,162,0,1,0,0,499,1,0,0,0,0,3840,3,0,0,0,0,826,5,2,2,1,0,0,0,0,0,0,0,11,370,0,0,0,2040,0,0,0,229,2,0,0,0,0,3408,0,29,0,0,0,0,0,0,0,304,26,0,0,0,0,0,0,0,4748,2,4,0,1,1,0,480,0,0,1,0,0,0,0,630,0,0,2,1,0,0,0,0,4082,1,0,0,3,1,0,0,0,997,7,2,3,0,2,0,0,0,0,228,4,6,0,1,0,0,0,0,0,0,1280,15,3,1,0,0,0,0,50711,0,58,2,1301,16,3,2,1,0,1,0,0,1,0,243054,0,1,0,2701,11343,223,172,238417,1,0,0,0,0,1,662,3831,0,31,0,4,0,0,0,0,0,0,0,0,0,44,0,0,0,0,0,0,0,0,0,12,0,0,0,2,1,0,0,0,0,0,0,17215,0,0,0,0,0,0,1,0,0,0,0,0,0,46,1382,173,855,4835,5451,17646,12585,14999,16060,11654,14399,10292,18452,15287,21496,11169,7379,6475,4674,5602,1963,1292,898,1613,245,156,147,35,50,2,2,0,1,0,3244,3934,1874,5,1,1,0,2,0,0,1166,1,0,0,0,0,0,2,0,0,139,25975,0,208,59,59,16,5
M,1,134,0,71,218,0,0,26,0,0,4,957,0,0,0,0,466,0,27,0,0,0,2,0,0,0,1,59,1,558,225,15,1,0,1,0,0,0,85,319,39,79,578,2490,2538,891,3050,1799,1916,102104,1818,901,540,260,70,75,28,25,18,3,0,2,0,3,0,0,0,0,0,0,0,0,0,0,0,20,0,0,0,0,0,2,0,0,0,0,0,0,33,0,0,0,0,0,0,11,0,0,0,0,0,0,0,0,0,0,1,0,0,0,0,0,0,49,2,0,0,0,0,0,0,0,0,0,1379,0,0,0,0,3,0,0,0,0,169,0,7,0,0,0,0,0,0,60,1,0,0,0,0,0,0,0,0,0,73,0,0,0,0,0,0,0,0,0,1379,0,0,0,0,0,0,0,617,19,437,5321,1435,1336,66,9,37,10,4,4,6,0,0,0,0,0,0,0,974,325,617,3341,934,1721,418,0,0,0,0,0,207,2,0,0,0,0,47,0,4,0,0,3,0,0,0,0,0,4903,0,0,0,0,0,1533,17,0,62,1,0,0,0,0,0,0,0,1,1,1,0,0,17,0,0,0,59,0,0,0,0,0,3559,0,5,0,0,0,0,0,0,0,1,0,0,0,0,0,0,0,0,437,0,0,0,0,0,0,9,4,0,1,1,0,0,0,474,2,0,0,0,0,0,0,0,42,0,28,0,0,0,0,0,0,918,1,0,0,0,0,0,0,0,0,246,112,1,0,0,0,0,0,0,0,0,16641,2,87,2,0,0,0,0,7906,10,6,0,87,1,0,0,0,1,0,0,0,0,0,871,0,1,0,249,224599,86,701,1335,0,0,0,0,0,0,485,36,0,47,0,0,0,0,0,0,0,0,0,0,0,1154,0,0,0,0,0,0,0,0,0,0,0,0,0,0,0,0,0,0,0,0,0,28816,0,0,0,0,0,0,0,0,0,0,0,0,0,0,128,4,367,633,1385,2942,2172,2905,2297,2869,4128,3321,6166,5494,3893,4820,4860,5069,3536,2111,3013,1904,794,793,333,304,145,108,36,2,1,0,1,0,700,240,175,7,0,0,0,0,0,0,47,0,0,0,0,0,0,1,0,0,82,212,0,2,20,1,0,0
N,0,0,1,1,0,1,0,4,0,0,1044,16,0,0,0,0,0,0,224,0,0,0,175,0,0,0,6,500,104,0,3776,0,77,0,0,0,0,1,166,239,560,329,4879,6087,1839,13141,21824,19460,4455,841,5863,126,102,79,16,1,4,3,2,0,0,0,0,0,0,0,0,0,0,0,0,0,0,0,0,184,0,0,0,0,0,2,0,0,1,0,0,0,17,1,0,0,0,0,0,203,0,3,2,0,0,0,0,0,0,0,14,1,3,0,0,0,0,51,3,0,0,0,0,0,0,0,0,0,4042,5,0,0,0,0,0,0,0,0,544,16,9,1,0,0,0,0,0,165,8,1,0,0,0,0,0,0,0,0,130,0,0,1,0,0,0,0,0,0,49,0,0,0,0,0,0,0,52,65,1431,623,24958,15333,465,142,79,75,39,53,3,0,0,0,0,0,0,0,14446,4620,5016,22308,563,52750,1335,1,0,1,0,0,512,1,0,0,0,0,6861,1,0,0,0,295,19,10,0,0,0,17,0,0,0,0,0,2345,3,0,0,0,1,0,0,1,0,0,0,305,2,0,0,0,14,0,0,0,1906,0,0,0,0,1,985,0,1,0,0,0,0,0,0,0,139,1,0,11,0,1,1,0,0,394,1,48,0,1,1,0,7170,4,1,0,2,0,0,1,186116,6,41,10,6,0,10,0,0,5079,72,25,6,27,1,2,1,0,7681,35,5,4,9,0,1,0,1,0,198909,8,39,12,0,0,0,0,0,0,0,318,2,3,0,0,0,0,0,118,2,0,0,2855,0,1,0,1,0,0,0,0,0,0,2,0,0,0,230,57,185636,44533,0,0,0,0,0,0,0,8095,153,0,724,0,563,0,0,0,0,0,0,0,0,0,247,0,0,1,0,0,0,0,0,0,98,0,0,0,0,0,0,0,1,0,0,0,2018,0,0,0,1,0,0,0,0,0,0,0,0,0,415,558,29,14511,1758,4267,4164,5600,4152,6819,8061,9642,4353,4606,3862,5833,5358,5473,2711,2336,1514,875,732,203,272,153,125,18,24,1,3,0,0,1,0,16815,9316,20,60,1,0,0,1,0,0,1197,0,0,0,0,0,0,0,0,0,843,22,0,0,2964,2,5,43
P,0,0,398,367,0,3,0,244,3,324,6,1139,0,0,0,0,27,0,1826,0,0,0,167016,0,0,0,9,9,986,803,162,1462,1308,0,14,0,1,0,695,2234,7088,1245,2341,11634,2541,1535,2128,1003,5664,107,356,21,7,7,12,5,1,1,0,0,0,0,0,6,0,0,0,1,1,0,0,0,0,0,0,59,0,1,0,1,0,417,1,1,4,0,0,0,2272,9,2,0,0,0,0,6287,6,0,0,0,0,0,0,0,0,0,239657,5,2,3,0,2,0,50,1,2,4,0,1,1,0,0,1,0,215,24,36,4,1,1,1,2,0,0,531,625,0,0,0,0,0,0,0,4750,0,8,1,0,0,0,0,0,0,0,26,0,12,0,1,0,0,0,0,0,1722,3,3,2,0,0,0,0,83,1010,134,60,1816,9704,78,403,98,98,71,7,11,0,0,2,1,0,0,0,2699,1040,798,1870,7871,479,401,19,0,0,0,0,3897,13,0,1,0,0,2996,1,0,0,0,7283,0,4,0,0,1,72,2,3,0,0,0,86,63,63,1,3,0,1,0,0,0,0,0,12,255,0,0,0,29,0,0,0,3413,0,0,0,0,0,148,6,0,0,0,0,0,0,0,0,8712,0,0,1,0,0,0,0,0,243,1,0,4,1,0,0,74,3,3,1,0,1,0,0,489,4,1,0,0,0,0,0,0,3297,5,5,0,0,0,0,0,0,275,4,1,0,0,1,1,0,0,0,314,22,4,1,1,1,0,0,0,0,0,3838,5,2,0,0,0,0,0,604,0,3,0,171,3,0,0,0,0,0,0,1,0,0,1976,0,4,1,686,26,180,198,2278,0,0,0,0,0,0,174,201944,0,27,0,16,1,0,0,0,0,0,0,0,0,4308,1,0,0,0,0,1,0,0,1,453,2,1,1,0,0,0,0,0,0,0,0,190,0,0,0,3,0,0,2,1,1,0,2,0,0,10,172,17,613,3902,13185,27490,14854,17777,9446,10414,13413,13002,10834,14666,10893,8488,8130,6838,4746,3438,1925,1469,626,398,119,168,23,35,3,2,0,1,0,0,3678,3233,371,40,3,6,2,50,0,0,4050,3,18,0,0,0,1,34,0,0,1303,16594,0,2,1293,2,789,5527
Q,26611,26,245609,56,9,77,0,9,0,2,30,463,2,0,0,0,61,0,228956,1,0,0,202,0,0,0,0,678,12,304,399,6,49,0,0,0,0,0,2540,116,129,1539,399,560,1601,3593,2181,924,981,116,197,15,16,4,3,0,0,0,0,0,0,0,0,2,0,0,0,0,1,0,0,0,0,0,0,7,0,1,0,0,0,133,2,0,0,0,0,0,232183,5,1,1,0,0,1,29,1,1,1,0,0,0,0,0,0,0,1058,3,0,0,0,0,1,214,2,1,0,0,0,0,0,0,0,0,7253,6,2,1,12,0,0,0,0,0,15751,22,4,0,0,0,0,0,0,397,7,4,0,1,0,0,0,0,0,0,1359,2,5,0,0,0,0,0,0,0,720,1,0,0,0,0,0,0,10,237,900,183,469,763,64,19,22,3,18,0,2,0,0,3,0,0,0,0,811,595,1556,1877,2822,1507,377,1,0,0,0,0,821,1,0,0,0,0,468,0,0,0,0,50,0,0,0,0,0,21,0,0,0,0,0,5694,4,0,0,0,0,0,0,0,0,0,0,1,706,0,0,0,1,0,0,0,15,0,0,0,0,0,19,0,1,0,0,0,0,0,0,0,23,9,0,0,0,0,0,0,0,11815,0,2,2,1,0,1,52,0,0,2,1,1,2,0,232,3,7,0,1,1,1,0,0,51,3,4,1,1,1,0,0,0,3777,1,1,0,0,1,0,0,0,0,575,0,2,0,0,0,0,0,0,0,0,787,2,0,0,0,0,0,0,365,0,0,0,253,1,1,0,0,0,0,0,0,0,0,644,2,2,0,212824,50,193,220,675,0,0,0,0,0,0,9963,177,0,734,0,7,0,0,0,0,0,0,0,0,0,232,0,0,0,0,0,0,0,0,0,3,0,1,0,0,0,0,0,0,0,1,0,352,0,0,0,0,1,0,0,0,0,0,0,0,0,16,353,6,503,1557,4035,10182,7346,3266,5189,5321,4869,4616,3361,3264,3903,4613,3552,2277,1355,1147,1359,499,3829,152,94,46,18,12,3,3,1,0,0,0,2257,931,457,5,16,0,0,0,0,0,184827,6,1,0,1,0,0,29,0,0,10,187202,0,1,13,1,1,127
R,1,7,174,126,4,13,0,26,206,267,541,263,0,0,0,0,14,0,5879,0,0,0,399,0,1,19,316,1960,172,3421,204069,336,192,3,620,0,0,0,1808,468,778,9599,19708,5322,4841,11669,20055,4036,3445,1217,5457,126,37,18,18,3,3,1,0,0,0,0,0,767,0,3,0,0,0,0,0,0,0,0,0,37,14,1,0,0,0,245840,13,2,1,1,0,0,6400,3,1,0,0,1,0,1594,1,0,0,0,5,0,0,0,0,0,535,16,2,0,6,0,0,1025,4,1,5,2,0,0,0,0,0,0,6942,3,51,2,1,0,0,0,0,0,1163,141,2,2,0,0,0,0,0,196520,40,35,98,14,1,2,1,1,1,1,379,4,14,7,0,1,0,0,0,0,5423,15,3,1,3,1,0,0,241,59,7527,890,8304,20626,520,152,164,80,70,5,11,0,5,0,0,0,0,0,15053,4419,11727,22216,3820,7324,172,3,2,0,0,0,3933,2,0,0,0,0,842,0,0,0,0,206,0,0,0,0,0,167,0,0,0,0,0,19720,73,4,1,0,0,0,1,0,0,0,0,403,247903,0,0,0,16,0,0,0,1112,0,1,1,0,0,83,0,1,0,0,0,0,0,0,0,240,4,0,0,0,0,0,0,0,193492,0,0,1,2,1,1,78,20,2,0,0,2,1,2,3586,15,7,0,9,0,2,0,0,1162,7,13,6,2,0,0,0,0,9388,3,4,0,0,0,0,1,0,0,3144,9,6,0,0,2,0,0,0,0,0,1595,2,3,0,1,0,0,0,377,0,3,0,512,0,3,0,0,0,0,0,0,0,0,1872,2,3,2,4938,2464,1684,11381,2703,0,0,0,0,0,0,11818,943,0,443,0,6,0,0,0,0,0,0,0,0,0,386,0,1,0,0,0,0,0,0,0,65,0,0,1,0,0,0,0,0,0,0,0,2722,0,2,2,0,0,1,2,0,1,0,0,0,0,1,1027,1062,912,15060,18353,27318,23440,16532,16936,13557,13610,12356,14041,12285,11979,10335,9098,7306,4015,4140,2276,1244,552,262,151,125,111,16,26,6,0,1,0,0,7224,2408,12082,314,66,57,55,0,2,0,12163,2,3,0,20,0,24,463,1,0,68,2661,0,2,38,9,3,13
S,0,6,0,65,1,47,34,220056,16,10,584,46634,0,0,0,1,22,0,143,0,0,0,8037,0,0,0,339,1280,243484,54,3278,57,232837,0,225,2,0,0,10796,3435,226617,1903,26006,32558,14414,76244,42076,15114,13321,1164,26451,312,431,95,113,38,3,4,1,0,0,0,0,150,0,0,1,0,0,0,0,0,0,0,0,1324,1,0,0,0,0,203,1,2,0,0,0,0,97,3,0,0,0,0,0,2982,2,0,1,0,0,0,0,0,0,0,2804,14,0,0,0,2,0,100,11,0,0,0,0,0,0,0,0,0,772,0,1,0,1,1,1,2,0,0,546,29,3,0,0,0,0,0,0,766,2,1,1,0,0,1,0,0,0,0,315,0,0,0,1,0,0,1,0,0,866,1,2,1,0,0,0,0,378,126120,22530,3234,102898,61096,3147,1713,958,797,249,58,55,9,4,36,1,1,0,0,95344,16862,22637,81213,6924,16591,4935,7,2,5,2,0,16297,2,6,1,0,0,1624,18,0,0,0,219132,0,0,0,9,0,305,2,1,1,3,0,703,22,53,2,57,0,1,2,0,2,0,0,1076,73,0,0,0,1670,0,0,0,6334,2,2,0,0,0,1483,39,1,0,1,0,0,0,0,0,223739,13,21,14,2,4,0,0,1,7151,4,4,2,1,2,0,713,15,0,2,1,0,0,0,12677,2,7,14,3,0,0,3,0,5390,6,4,2,0,0,0,0,0,760,0,6,3,0,6,0,0,0,0,9013,5,1,0,3,0,0,0,0,0,0,4045,3,6,1,0,0,0,1,499,0,0,0,6354,0,5,0,0,0,0,0,0,0,0,47,1,0,0,254,172,10936,152177,102,0,0,0,0,1,0,2957,14216,0,331,0,30,1,0,0,1,0,0,0,0,0,8203,0,0,0,1,0,0,0,0,0,1039,0,0,0,0,1,0,0,0,0,0,0,496,8,8,0,1,0,0,1,0,1,1,1,0,0,1097,9554,1242,4484,6783,13335,24299,21832,25295,23624,23484,24196,20985,18677,15175,14287,15236,10677,8146,7550,3114,2824,3655,770,335,314,159,105,20,16,12,0,0,0,0,8434,29464,1274,1306,6,3,1,2,1,0,411,13,0,1,0,0,0,75,0,0,1332,291,0,8,1526,154,220665,153510
T,0,0,0,0,1,11,8,27132,0,2,344,1521,0,0,0,0,83,0,529,0,1,0,5473,19,0,0,11,337,1611,131,21686,27,5222,0,3,1,0,0,26711,11659,3351,1893,4817,128506,2490,6756,16067,5163,20154,2816,9223,307,194,93,23,28,3,1,0,0,1,0,0,8,0,0,0,0,0,0,0,0,0,0,0,85,0,0,0,0,0,2,0,0,0,0,0,0,347,1,0,0,0,0,0,6651,6,0,0,0,0,0,0,0,0,0,907,2,0,0,0,0,0,159,6,0,0,0,0,0,0,0,0,0,1584,0,0,0,0,0,0,0,0,0,336,0,3,0,0,0,0,0,0,79,2,1,0,0,2,0,1,0,0,0,240,1,1,8,0,0,0,0,0,1,365,0,1,1,0,0,0,0,302,1637,20213,3079,29427,19257,479,232,152,184,109,41,16,33,5,1,0,0,0,0,17949,5841,12049,34153,180713,20898,601,3,1,6,6,6,11543,3,2,1,1,0,1032,0,0,0,0,2204,1,0,0,0,0,580,0,0,0,0,0,2297,19,3,3,5,0,0,0,0,0,0,0,61,17,0,0,0,388,6,0,0,216502,0,7,0,0,0,6261,4,2,0,0,1,0,0,1,0,5322,1,0,1,0,2,1,0,0,3510,0,0,4,0,0,0,263,0,8,0,0,0,0,0,5792,18,4,1,2,0,1,0,1,10597,19,9,7,2,0,0,0,0,2996,3,9,0,1,1,0,0,0,0,5016,31,3,3,4,0,1,1,0,0,0,203436,3,50,20,0,0,1,0,893,83,71,0,3899,1,1,1,0,0,0,0,0,0,0,37,5,0,0,404,1108,9296,5054,92,0,0,0,0,0,0,7086,8905,1,180,0,58,1,0,0,1,0,0,0,0,0,229346,0,0,0,1,0,0,0,0,0,600,1,0,0,0,0,0,0,0,0,0,0,9133,1,1,0,1,1,2,1,2,0,1,0,0,1,22,3344,32,7983,22427,13771,11544,15471,11394,14493,15459,13201,12471,10552,9841,8466,9804,7848,4313,3939,2067,1407,753,418,180,131,366,44,15,9,2,1,0,0,0,7929,5537,362,423,1,1,2,0,0,0,491,0,0,0,0,0,0,12,0,0,225076,338,0,12,223438,15,703,1330
V,19,154928,0,105,246891,161,0,6,313,142,228,5549,0,1,1,0,237581,0,20,0,0,0,2189,0,0,0,203,360,52,1177,235,3107,107,0,100,59,0,0,40545,25462,563,1801,7733,2655,8776,2405,4404,4480,11105,22157,1585,347,144,54,29,31,7,2,3,0,0,0,0,49,0,0,0,0,0,0,0,0,0,0,0,39567,0,0,0,0,0,18,1,0,0,0,0,0,96,2,1,0,0,0,0,16258,9,2,0,0,0,0,0,0,0,0,226,2,2,0,1,0,0,210,1,2,0,0,0,0,0,0,0,0,132,6,0,3,0,0,0,1,0,0,1029,0,6,0,1,0,1,0,0,1360,3,5,1,0,1,1,0,0,0,0,1719,0,3,1,2,1,0,0,0,0,4322,2,0,0,0,0,1,0,205857,1674,7265,11322,2042,4215,236,204,121,10,38,10,3,1,0,1,0,0,0,0,4437,2580,5978,9662,3079,5808,2311,3,1,1,0,0,13737,13,0,0,0,0,1206,0,10,1,5,414,0,0,0,0,0,222484,0,1,1,0,3,425,80,2,6,2,1,0,1,0,0,1,0,438,6,0,0,0,2317,0,5,0,3327,5,0,0,0,0,27799,0,2,0,23,0,0,0,0,0,628,2,0,4,2,5,0,0,0,2283,45,1,1,0,0,0,1118,0,4,4,0,0,0,0,1298,13,1,1,2,1,0,0,0,9458,2,6,6,3,0,0,0,0,501,1,1,5,1,1,0,0,0,0,134,4,34,0,2,1,0,0,0,0,0,2924,144,3,0,0,1,0,0,161728,9,75,2,1547,7,5,0,0,0,0,0,0,0,0,679,1,0,0,199,1280,380,437,3299,0,0,0,0,0,0,402,3387,0,554,1,334,0,0,1,0,0,0,0,0,0,37,0,0,0,0,0,0,0,0,0,589,0,0,0,0,0,0,0,0,0,0,0,164694,0,1,1,0,1,0,2,1,0,0,0,0,0,27,1198,168,10481,13846,12781,11984,11863,12589,11385,10701,12451,10237,11018,9693,8361,8616,5712,5482,2976,1798,1555,2248,515,186,214,62,40,18,7,3,0,0,0,0,4182,10050,818,200,5,1,1,1,0,0,256,7,0,0,0,0,0,125,0,0,373,871,0,235343,575,233985,29,2
W,0,5,0,16,10,1,0,19,351,12,6,1790,0,0,0,0,15,0,9,0,0,0,3,0,0,0,280,127,4,79,142,2,1,1,569,0,0,0,14,54,10,99,679,155,3959,493,1103,2327,4415,602,582,393,22,2,5,11,0,0,0,0,0,0,0,245212,0,0,0,0,0,0,0,0,0,0,0,809,0,0,0,0,0,22,0,0,0,6,0,0,282,0,0,1,0,0,0,0,0,0,0,0,0,0,0,0,0,0,13,0,0,0,0,0,0,612,0,0,0,0,0,0,0,0,0,0,23,0,0,1,1,0,0,0,0,0,136,13,1,0,0,0,0,0,0,59,4,1,0,0,0,0,0,0,0,0,61,1,0,0,0,0,0,0,0,0,46050,0,0,0,0,0,0,0,4,102,2828,129,967,15399,112,24,102,7,11,21,1,2,0,0,0,0,0,0,1765,282,356,572,116,5088,309,2,0,0,0,0,74,0,0,0,0,0,52,2,0,0,0,113,0,0,0,0,0,135,0,0,0,0,0,107,0,2,59,0,0,0,0,0,0,0,0,7,43,0,0,0,16,0,0,0,9,0,0,0,0,0,1,4,0,0,0,0,0,0,0,0,132,0,0,0,0,0,0,0,0,163,0,0,0,0,0,0,2,0,0,0,0,0,0,0,14,0,1,0,0,0,0,0,0,71,0,0,0,0,0,0,0,0,92,0,0,2,0,0,0,0,0,0,11,0,0,1,0,0,0,0,0,0,0,108,0,0,0,0,0,0,0,534,0,1,0,2109,0,0,0,0,0,0,0,0,0,0,78,0,0,0,39,27,7,68,94,0,0,0,0,0,0,5,22,0,60,0,1,0,0,0,0,0,0,0,0,0,8,0,0,0,0,1,0,0,0,0,2,0,0,0,1,0,0,0,1,0,0,0,66,0,0,5,0,0,0,0,1,0,0,0,0,0,46,552,4227,164,231,2304,7170,8569,8727,9057,8746,9362,8620,7389,5178,5508,3667,2801,2075,2897,1381,3143,401,378,151,73,13,53,1,6,4,0,0,0,0,1385,1483,214796,94,0,3,0,1,2,0,44,1,0,0,1,0,0,164,0,0,1,13,0,2,0,1,1,9
Y,0,0,0,1,0,2,0,103,0,0,6,574,0,0,0,0,1,0,37,0,0,0,53,0,0,0,0,16,106,0,7,7,137,0,242,0,0,0,3512,1223,591,217,16917,4476,12974,4608,52059,141807,14020,2083,4312,389,236,145,66,36,6,1,0,1,0,0,0,303,1,0,0,0,0,0,0,0,0,0,0,27926,2,0,0,0,0,52,0,0,0,0,0,0,20,0,0,0,0,0,0,345,0,0,0,0,0,0,0,0,0,0,1,0,0,0,0,0,0,9,0,1,0,0,0,0,0,0,0,0,70,4,0,0,1,0,1,0,0,0,95,1,0,0,0,0,0,0,0,327,1,2,0,2,0,0,0,0,0,0,18,0,0,0,0,0,0,0,0,0,687,0,0,0,0,0,0,0,25,137,3026,347,11738,1940,143,119,65,13,11,65,20,5,0,1,0,0,0,0,4137,2266,2482,5564,327,72029,224047,20,1,1,0,0,160,0,0,0,0,0,880,1,0,0,0,984,0,0,0,0,0,42,18,1,0,0,0,28,0,0,0,0,0,2,0,0,0,0,0,60,8,0,0,0,602,0,0,0,103,0,0,0,0,0,31,1,0,0,0,0,0,0,0,0,1781,1,1,0,1,0,0,0,0,207,2,0,0,0,0,0,415,2,0,0,0,0,1,0,2712,8,1,1,1,0,0,0,0,418,0,0,0,0,1,0,0,0,180,1,1,0,2,0,0,0,0,0,708,1,1,3,0,1,0,0,0,0,1,59,6,16,0,0,0,0,0,110,130,0,0,204651,0,4,0,0,0,0,0,0,0,1,1,0,3,0,969,1,898,494,0,0,0,0,0,0,0,595,282,0,59,0,366,0,0,0,0,0,0,0,0,0,4,0,0,0,1,0,0,0,0,0,55,0,0,1,0,0,0,0,0,0,0,1,66,0,1,0,0,0,0,0,1,0,0,0,1,0,244680,206286,744,1351,764,3738,9760,14364,20872,20421,18466,15596,14116,16721,18522,17560,14665,17443,25453,18279,15578,9504,5022,3736,3211,960,3134,635,168,51,78,15,12,1,1,3554,133588,1671,26,0,0,6,3,0,50,9,25,2,5,0,0,0,0,0,0,3,9,0,2,12,1,281,2