Amino_acid,Pos1,Pos2,Pos3,Pos4,Pos5,Pos6,Pos6A,Pos6B,Pos6C,Pos7,Pos8,Pos9,Pos10,Pos11,Pos11A,Pos11B,Pos11C,Pos11D,Pos12,Pos12A,Pos13,Pos13A,Pos13B,Pos13C,Pos14,Pos14A,Pos14B,Pos14C,Pos15,Pos15A,Pos15B,Pos15C,Pos16,Pos16A,Pos17,Pos17A,Pos17B,Pos18,Pos19,Pos19A,Pos20,Pos20A,Pos20B,Pos21,Pos21A,Pos21B,Pos22,Pos22A,Pos22B,Pos22C,Pos23,Pos24,Pos25,Pos26,Pos27,Pos28,Pos29,Pos30,Pos31,Pos32,Pos33,Pos34,Pos35,Pos35A,Pos35B,Pos35C,Pos35D,Pos35E,Pos35F,Pos35G,Pos35H,Pos35I,Pos35J,Pos35K,Pos35L,Pos35M,Pos35N,Pos35O,Pos36,Pos36A,Pos36B,Pos36C,Pos36D,Pos36E,Pos36F,Pos36G,Pos36H,Pos36I,Pos36J,Pos36K,Pos37,Pos37A,Pos37B,Pos37C,Pos37D,Pos37E,Pos37F,Pos37G,Pos37H,Pos37I,Pos38,Pos38A,Pos38B,Pos38C,Pos38D,Pos39,Pos39A,Pos39B,Pos39C,Pos39D,Pos39E,Pos39F,Pos39G,Pos40,Pos40A,Pos40B,Pos40C,Pos40D,Pos40E,Pos40F,Pos41,Pos41A,Pos41B,Pos41C,Pos41D,Pos41E,Pos41F,Pos42,Pos42A,Pos42B,Pos42C,Pos42D,Pos42E,Pos42F,Pos42G,Pos42H,Pos42I,Pos43,Pos43A,Pos43B,Pos43C,Pos43D,Pos43E,Pos43F,Pos43G,Pos43H,Pos43I,Pos43J,Pos43K,Pos44,Pos44A,Pos44B,Pos44C,Pos44D,Pos44E,Pos44F,Pos44G,Pos44H,Pos45,Pos45A,Pos45B,Pos45C,Pos45D,Pos45E,Pos45F,Pos45G,Pos45H,Pos45I,Pos45J,Pos45K,Pos46,Pos46A,Pos46B,Pos46C,Pos46D,Pos46E,Pos46F,Pos46G,Pos46H,Pos46I,Pos47,Pos47A,Pos47B,Pos47C,Pos47D,Pos47E,Pos47F,Pos48,Pos49,Pos50,Pos51,Pos52,Pos52A,Pos52B,Pos52C,Pos52D,Pos52E,Pos52F,Pos52G,Pos52H,Pos52I,Pos52J,Pos52K,Pos52L,Pos52M,Pos52N,Pos52O,Pos53,Pos54,Pos55,Pos56,Pos57,Pos58,Pos59,Pos59A,Pos59B,Pos59C,Pos59D,Pos59E,Pos60,Pos60A,Pos60B,Pos60C,Pos60D,Pos60E,Pos60F,Pos60G,Pos60H,Pos60I,Pos60J,Pos60K,Pos61,Pos61A,Pos61B,Pos61C,Pos61D,Pos61E,Pos62,Pos62A,Pos62B,Pos62C,Pos62D,Pos63,Pos63A,Pos63B,Pos63C,Pos63D,Pos63E,Pos64,Pos64A,Pos64B,Pos64C,Pos64D,Pos64E,Pos64F,Pos64G,Pos64H,Pos64I,Pos64J,Pos64K,Pos65,Pos65A,Pos65B,Pos65C,Pos66,Pos66A,Pos66B,Pos67,Pos67A,Pos67B,Pos67C,Pos67D,Pos67E,Pos67F,Pos67G,Pos67H,Pos68,Pos68A,Pos68B,Pos68C,Pos68D,Pos68E,Pos68F,Pos68G,Pos68H,Pos68I,Pos69,Pos69A,Pos69B,Pos69C,Pos69D,Pos69E,Pos69F,Pos70,Pos70A,Pos70B,Pos70C,Pos70D,Pos70E,Pos70F,Pos70G,Pos71,Pos71A,Pos71B,Pos71C,Pos71D,Pos71E,Pos71F,Pos71G,Pos71H,Pos72,Pos72A,Pos72B,Pos72C,Pos72D,Pos72E,Pos72F,Pos72G,Pos72H,Pos72I,Pos73,Pos73A,Pos73B,Pos73C,Pos73D,Pos73E,Pos73F,Pos73G,Pos74,Pos74A,Pos74B,Pos74C,Pos74D,Pos74E,Pos74F,Pos74G,Pos74H,Pos75,Pos75A,Pos75B,Pos75C,Pos75D,Pos75E,Pos75F,Pos75G,Pos75H,Pos76,Pos76A,Pos76B,Pos76C,Pos76D,Pos76E,Pos76F,Pos76G,Pos76H,Pos76I,Pos76J,Pos77,Pos77A,Pos77B,Pos77C,Pos77D,Pos77E,Pos77F,Pos78,Pos78A,Pos78B,Pos78C,Pos78D,Pos78E,Pos79,Pos79A,Pos79B,Pos79C,Pos80,Pos80A,Pos80B,Pos80C,Pos81,Pos81A,Pos81B,Pos81C,Pos81D,Pos81E,Pos82,Pos82B,Pos82A,Pos82C,Pos82D,Pos82E,Pos83,Pos83A,Pos84,Pos84A,Pos84B,Pos84C,Pos84D,Pos84E,Pos84F,Pos85,Pos85A,Pos85B,Pos85C,Pos85D,Pos85E,Pos85F,Pos85G,Pos85H,Pos85I,Pos86,Pos86A,Pos86B,Pos86C,Pos86D,Pos86E,Pos86F,Pos87,Pos87A,Pos87B,Pos87C,Pos87D,Pos87E,Pos87F,Pos87G,Pos87H,Pos87I,Pos87J,Pos87K,Pos88,Pos88A,Pos88B,Pos88C,Pos88D,Pos88E,Pos88F,Pos88G,Pos88H,Pos88I,Pos88J,Pos88K,Pos88L,Pos89,Pos89A,Pos89B,Pos89C,Pos89D,Pos89E,Pos89F,Pos89G,Pos89H,Pos89I,Pos89J,Pos89K,Pos89L,Pos89M,Pos89N,Pos89O,Pos90,Pos91,Pos92,Pos93,Pos94,Pos95,Pos96,Pos97,Pos98,Pos99,Pos100,Pos100A,Pos100B,Pos100C,Pos100D,Pos100E,Pos100F,Pos100G,Pos100H,Pos100I,Pos100J,Pos100K,Pos100L,Pos100M,Pos100N,Pos100O,Pos100P,Pos100Q,Pos100R,Pos100S,Pos100T,Pos100U,Pos100V,Pos100W,Pos100X,Pos101,Pos102,Pos103,Pos104,Pos104A,Pos104B,Pos104C,Pos104D,Pos104E,Pos104F,Pos104G,Pos104H,Pos104I,Pos105,Pos105A,Pos105B,Pos105C,Pos105D,Pos105E,Pos105F,Pos106,Pos106A,Pos106B,Pos106C,Pos107,Pos107A,Pos107B,Pos108,Pos108A,Pos109,Pos110,Pos111,Pos112,Pos113
*,411029,19303,6644,4741,3727,3324,499837,499979,499983,2978,2821,2813,3020,2545,499980,499982,499982,499982,2186,499978,2073,499982,499982,499983,1948,499942,499944,499944,1295,499982,499982,499982,1270,499983,991,499983,499983,894,842,499983,745,499983,499983,649,499981,499982,588,499837,499925,499981,10,11,35,81,192,252,303,328,433,779,4294,8065,25375,481183,489590,495069,497316,498578,499186,499648,499775,499921,499974,499981,499982,499983,499983,499983,25,499971,499981,499982,499982,499983,499983,499983,499983,499983,499983,499983,31,499943,499976,499978,499978,499983,499983,499983,499983,499983,37,499911,499962,499964,499973,93,499911,499967,499975,499978,499979,499979,499983,105,499878,499955,499965,499973,499975,499978,171,499800,499943,499960,499969,499970,499980,154,499622,499923,499945,499962,499978,499980,499981,499982,499982,205,499639,499781,499797,499916,499933,499943,499963,499966,499972,499983,499983,309,497230,498472,498535,499859,499982,499982,499983,499983,433,499552,499671,499775,499939,499969,499971,499975,499976,499980,499983,499983,259,499816,499866,499901,499954,499977,499980,499983,499983,499983,330,499853,499880,499907,499970,499981,499983,285,109,499,1109,5753,106439,480661,487221,493126,496133,498213,498746,499606,499776,499871,499904,499967,499975,499981,499983,99,50,14,11,6,397,138,499654,499845,499943,499970,499976,111,499731,499920,499971,499977,499978,499983,499983,499983,499983,499983,499983,100,499897,499938,499978,499981,499983,141,499908,499917,499971,499973,165,499957,499962,499962,499981,499981,85,498853,499692,499724,499728,499975,499977,499977,499980,499982,499982,499983,50,499960,499961,499961,12,499983,499983,6,499968,499970,499978,499979,499979,499982,499982,499982,9,499956,499956,499975,499980,499981,499981,499981,499981,499983,38,499881,499885,499930,499943,499948,499983,46,499839,499852,499919,499951,499962,499981,499983,41,499804,499826,499866,499958,499972,499978,499981,499982,514,499836,499865,499916,499945,499957,499967,499971,499981,499982,1823,499659,499740,499887,499926,499954,499960,499977,2840,499275,499751,499839,499883,499972,499976,499977,499982,1720,499808,499869,499919,499942,499958,499966,499981,499983,1550,499429,499473,499880,499955,499971,499979,499980,499982,499982,499983,607,499383,499597,499913,499979,499983,499983,191,499472,499516,499826,499981,499983,127,499896,499930,499971,43,499961,499962,499983,31,499980,499980,499983,499983,499983,18,31,25,39,499979,499979,24,499982,16,499968,499983,499983,499983,499983,499983,21,499978,499982,499982,499983,499983,499983,499983,499983,499983,23,499982,499983,499983,499983,499983,499983,25,499970,499975,499976,499976,499976,499979,499981,499981,499981,499983,499983,32,499963,499970,499972,499973,499973,499976,499977,499977,499980,499981,499983,499983,47,499858,499941,499948,499949,499950,499952,499960,499965,499972,499978,499981,499981,499982,499983,499983,66,1963,1911,1894,1894,15341,17819,19439,39738,43229,50463,59987,71127,86755,106505,131384,158292,190701,235327,303637,354636,400931,433700,456616,470210,482946,486962,495074,497710,499059,499493,499846,499890,499955,499979,14785,12766,16766,16735,499539,499817,499844,499852,499858,499870,499983,499983,499983,16729,499840,499879,499928,499932,499934,499937,17048,499974,499980,499983,19581,499980,499983,22996,499981,23047,23696,25043,43210,148063
A,0,361,24,4,552,1145,0,0,0,740,206,258,10162,2214,0,0,1,0,16836,6,328,1,0,0,126156,1,0,0,418,0,0,0,3630,0,4031,0,0,665,413,0,45,0,0,17855,0,0,22,2,11,0,276140,368445,7172,6595,9094,20761,10942,16397,12614,14144,195380,10055,72283,2994,1171,805,601,82,290,22,65,3,4,0,0,1,0,0,33,0,0,0,2,0,0,0,0,0,0,0,5376,0,0,0,0,0,0,0,1,0,113,1,3,0,0,523,3,0,0,0,0,0,0,407897,30,1,0,2,0,0,4818,29,5,2,0,11,0,1153,9,12,1,0,0,2,2,0,0,4276,41,9,55,3,7,8,0,7,0,0,0,14221,0,1140,1,0,0,0,1,0,343,23,2,1,3,0,1,1,0,1,1,0,3099,17,3,3,1,0,0,0,0,0,25040,2,4,0,0,0,0,2637,219286,72899,3318,21151,25055,619,520,266,140,129,50,12,20,9,2,6,0,0,0,29248,16950,25987,22039,25234,9953,589,9,2,0,0,0,336898,1,13,1,0,0,0,0,1,0,0,0,13520,3,3,0,0,0,17449,2,2,0,0,22281,0,0,0,0,0,2281,11,23,9,18,1,0,0,0,0,0,0,3264,0,1,0,9,0,0,1440,3,1,2,0,0,0,0,0,22442,1,2,1,0,0,1,0,0,0,5206,1,0,0,0,0,0,11010,2,8,0,8,1,0,0,2190,11,0,81,2,0,0,0,0,4650,2,22,4,5,0,2,0,0,0,4682,99,2,1,3,0,2,0,373920,84,18,72,5,0,1,1,0,5987,26,16,7,3,0,1,1,0,2853,58,276,1,0,1,0,0,0,0,0,14792,46,7,0,1,1,0,31237,4,0,147,0,0,5593,1,5,0,22,0,0,0,939,0,0,0,0,0,341,4728,2188,1288,0,0,1948,0,13575,1,0,0,0,0,0,5055,1,0,1,0,0,0,0,1,1,4617,0,0,0,0,0,0,9419,0,0,0,0,0,4,1,0,1,0,0,421043,1,0,0,0,6,6,1,0,0,0,0,0,3823,2,2,0,21,19,9,1,3,0,0,0,1,0,0,1,39,757,186,385395,290927,43660,27737,25162,23515,25193,23392,25893,34367,23758,22539,26295,29976,21301,13892,10259,7504,4117,4346,1441,1032,558,304,124,68,31,15,7,2,0,0,25232,14137,498,3388,39,2,0,1,2,0,0,0,0,653,1,3,0,0,0,0,467,2,0,0,7882,0,0,647,0,1311,8806,1874,10582,30318
C,0,1,2,0,1,0,0,0,0,126,97,21,205,40,0,0,0,0,19,0,6,0,0,0,23,0,0,0,31,0,0,0,43,0,247,0,0,28,43,0,12,0,0,174,0,0,492650,0,39,0,23,266,557,175,1313,479,1219,2865,2704,5724,40605,2383,3251,700,396,140,74,38,16,44,6,0,1,0,0,0,0,0,1826,3,0,0,0,0,0,0,0,0,0,0,1277,1,0,0,0,0,0,0,0,0,1149,0,0,0,5,4,0,0,0,0,0,0,0,433,0,0,0,0,1,0,2,1,0,0,0,0,0,25,0,0,0,0,0,0,0,0,0,4,0,0,0,0,0,0,0,0,0,0,0,50,0,0,0,0,0,0,0,1,6946,2,0,1,0,0,0,0,0,0,0,0,13,2,0,0,0,0,0,0,0,0,1540,0,1,0,0,0,0,98,508,217171,465,1768,862,44,17,30,4,8,6,1,0,0,0,0,0,0,0,1114,662,664,450,32,598,1171,1,1,0,0,0,67,0,0,0,0,0,0,0,0,0,0,0,35,0,0,0,0,0,403,1,0,0,0,20,0,0,0,0,0,4,1,0,1,0,0,0,0,0,0,0,0,651,0,0,0,79,0,0,1417,0,0,0,0,0,0,0,0,19,0,0,0,0,0,0,0,0,0,300,0,0,0,0,0,0,294,0,1,0,0,0,0,0,73,0,0,0,0,0,0,0,0,19,0,0,0,0,0,0,0,0,0,69,0,0,0,0,0,0,0,48,0,0,0,0,0,0,0,0,3,0,0,0,0,0,0,0,0,33,0,0,0,0,0,0,0,0,0,0,4,0,0,0,0,0,0,203,0,0,0,0,0,894,0,0,0,13,0,0,0,3,0,0,0,0,0,7,329,42,19,0,0,36,0,574,0,0,0,0,0,0,10,0,0,0,0,0,0,0,0,0,20,0,0,0,0,0,1,14,0,0,0,0,1,0,0,1,0,0,0,179,0,0,0,3,0,0,1,0,0,0,0,0,114,3,0,8,1,0,0,0,0,0,0,0,0,0,0,0,1025,3435,471024,533,439,2331,7669,6230,20996,28421,34705,27197,39540,35631,24108,16386,10319,5947,9700,2377,1718,846,390,951,77,104,60,21,70,1,7,1,0,0,0,1576,3238,2148,1872,8,1,1,2,1,0,0,0,0,33,1,0,1,1,0,0,48,0,0,0,6,0,0,3,0,7,4,3,199,2
D,15145,2,1,0,2,690,0,0,0,11,22,20,13821,35,0,0,0,0,15,0,453,0,0,1,662,0,0,0,117,0,0,0,8113,0,74,0,0,0,83,0,3,0,0,308,0,0,3,4,0,0,1568,3113,1222,5175,19169,7075,8792,140667,50027,10279,22256,1111,3237,324,124,132,107,74,3,2,2,1,1,1,0,0,0,0,0,0,0,0,0,0,0,0,0,1,0,0,989,0,0,0,0,0,0,0,0,0,7,0,1,0,0,202,0,0,3,2,0,0,0,1678,5,6,2,0,0,1,150,5,1,0,0,0,0,1600,4,5,0,1,0,1,0,0,0,713,23,2,5,3,11,1,0,0,0,0,0,11360,16,13,233,2,0,1,0,0,239,52,31,2,1,2,1,0,3,1,0,1,8444,16,4,2,2,0,0,0,0,0,911,5,18,1,0,0,0,500,142,22924,781,40664,7831,1744,1205,789,105,29,28,20,8,39,2,2,4,0,1,32423,83647,48200,24202,1374,34831,3975,44,109,2,0,0,14949,76,6,2,1,1,0,0,0,0,0,0,414423,43,5,3,0,1,3159,31,2,11,0,1032,1,19,2,0,0,1653,10,0,0,6,0,0,0,1,0,0,0,15323,0,1,19,7,0,0,20,0,0,0,0,4,0,2,0,388,0,3,0,3,0,1,0,0,0,288,0,0,4,0,0,0,708,0,33,0,3,0,0,0,123,18,1,3,1,0,0,0,0,456856,25,17,18,8,9,0,11,0,0,31110,67,35,43,7,17,1,1,18560,53,10,5,1,4,1,3,0,6707,14,6,14,0,1,0,0,0,19943,14,14,4,0,0,1,0,0,0,0,66,2,2,1,0,0,0,165,2,0,0,0,0,14442,8,3,0,2,0,0,0,2363,0,0,0,0,0,3,34877,49469,1,0,0,1647,0,2028,11,0,0,0,0,1,34718,3,0,0,1,0,0,0,0,0,483758,0,0,0,0,0,0,45,2,0,4,1,0,0,0,0,0,0,0,3347,3,5,3,0,0,0,2,0,0,0,0,0,3413,69,8,0,2,0,7,2,0,1,0,0,0,0,0,0,3077,2287,100,1638,3223,120176,22960,24991,16975,24370,30627,20964,30886,24483,23323,20220,26007,25204,20886,17534,12520,7599,4630,2409,6732,3158,1175,792,762,50,11,5,0,0,0,221274,15805,66,1833,10,3,2,2,101,1,0,0,0,591,3,3,1,1,0,0,44,0,0,0,54,0,0,15,0,561,79,301,251,4
E,1323,222,93,1,345,492919,1,0,0,31,296,664,1312,2207,0,0,0,0,733,0,10006,0,0,0,305,0,0,0,888,0,0,0,33162,0,13,0,1,15,812,0,0,0,0,45,0,0,3,17,0,0,20527,329,523,14773,1945,1419,4372,31410,5840,2630,3324,944,689,101,149,29,8,1,1,0,0,0,0,0,0,0,0,0,0,0,0,0,0,0,0,0,1,0,1,0,33,0,0,0,0,0,0,1,0,1,1,2,0,0,0,3763,7,0,1,0,0,0,0,352,0,4,5,7,0,0,410,3,1,14,0,0,0,4080,5,19,4,3,0,0,0,0,2,9886,135,1,73,4,0,1,0,4,0,0,0,329078,265,132,1186,120,0,0,0,0,266,136,121,29,3,2,0,3,1,0,0,0,466546,48,37,31,19,2,3,1,0,1,12220,29,34,13,3,1,0,427,1063,3710,319,11786,6231,260,159,111,103,195,16,3,5,1,0,0,0,0,0,4233,8047,16586,6044,5019,10097,313,2,2,1,4,0,9531,19,1,0,1,0,0,0,0,0,0,0,24164,1,0,0,0,0,131,11,0,0,0,1635,0,0,18,0,0,21879,124,11,0,76,0,0,0,0,0,0,0,936,0,21,1,9,0,0,2,0,0,0,0,0,0,0,0,39,0,0,0,0,0,0,0,0,0,15,0,0,1,0,0,0,249,0,9,0,0,0,0,0,2060,12,1,1,4,0,1,0,0,7838,1,0,1,1,0,0,0,0,0,1186,3,6,3,0,5,0,0,3811,47,5,0,0,0,0,0,0,27668,20,1,0,4,2,13,1,0,1682,4,2,0,1,0,0,1,0,0,0,2030,0,1,0,0,0,0,1800,0,1,0,0,0,927,0,0,0,2,0,0,0,33678,0,0,0,0,0,22,1261,4053,39,0,0,36866,0,845,3,0,0,0,0,0,442283,0,0,0,0,0,0,0,0,0,6076,0,0,0,0,0,0,227,0,1,0,0,0,1,0,1,1,0,1,133,1,1,0,0,1,0,0,0,1,0,0,0,2009,4,0,0,1,1,2,2,1,0,0,1,0,0,0,0,117,228,13,4827,6827,37042,19226,19661,10047,9600,10405,14012,16526,15730,18774,17854,17864,29263,21577,16680,10530,7860,3850,3190,1381,4763,455,200,69,221,30,8,19,1,0,37077,2626,1190,127,5,5,0,0,1,0,0,0,0,8923,8,42,0,0,0,0,1829,0,3,0,8,0,0,2588,2,60,6,4,4,8
F,0,153,0,417,9,0,0,0,0,318,7,10,47,3237,0,0,0,0,117,0,3,0,0,0,633,0,0,0,15,0,0,0,19,0,1127,0,0,57,5,0,566,0,0,653,0,0,1346,1,0,0,484,3550,2326,809,239986,6816,177855,2403,11981,28565,6206,3649,1097,385,204,103,11,1,1,0,0,0,0,0,0,0,0,0,481,5,0,0,0,0,0,0,0,0,0,0,336435,3,0,0,0,0,0,0,0,0,89,2,0,0,0,14,1,0,0,2,0,0,0,805,1,0,0,0,0,0,19,0,0,0,0,0,0,2,0,0,0,0,0,0,0,0,0,78,3,0,0,3,0,0,0,0,1,0,0,47,1,2,1,0,0,0,0,0,2524,1,0,2,0,0,0,0,0,0,0,0,35,0,0,0,0,0,0,0,0,0,47252,0,0,0,0,0,0,1838,355,5982,8245,3302,3606,79,341,78,54,8,21,55,6,6,2,0,0,0,0,4248,2891,2025,5542,1078,15125,5557,1,0,0,0,0,690,0,1,0,1,0,0,0,0,0,0,0,340,0,0,0,0,0,14660,0,0,0,0,530,0,0,0,0,0,61,2,0,7,0,1,0,0,0,0,0,0,43,1,0,0,3,1,0,481491,1,1,0,0,1,0,0,0,1410,1,1,0,0,0,0,0,0,0,1987,4,1,34,0,33,0,4016,4,7,1,8,0,0,0,245,1,2,3,1,0,0,0,0,132,1,0,1,0,1,0,0,0,0,842,3,0,3,0,0,0,0,1267,2,1,0,1,0,0,0,1,100,0,0,1,1,0,0,0,0,171,0,0,0,0,0,0,0,0,0,0,106,3,7,0,0,0,0,1842,3,1,1,0,0,20489,0,1,1,393,0,0,0,69,0,0,0,0,0,67,188,236,158,0,0,1324,0,9749,0,0,0,0,0,0,8,0,0,0,0,0,0,0,0,0,4,0,0,1,0,1,0,3,0,0,0,1,0,0,0,0,0,0,0,54,1,0,1,2,0,0,0,0,1,0,0,0,2404,2,2,1,0,0,0,2,0,0,0,0,0,0,0,0,1664,29059,1231,652,1494,3264,14597,15855,15946,13761,11767,9778,9532,12925,15782,12954,17271,14219,12591,11283,10536,5388,4807,2792,1634,1094,459,390,102,135,135,18,12,19,0,2830,19083,4067,14,3,1,0,0,1,0,0,0,0,28,0,0,20,0,0,0,3,0,0,0,28,0,0,10,0,408,203,661,799,7
G,0,26238,1,4,636,1021,53,5,1,173,494765,494702,465534,288,2,0,0,1,2571,0,143,0,1,0,863,0,0,0,494822,0,0,0,442236,0,101,0,0,20,3161,0,22,0,0,83,0,0,1645,5,3,0,3571,14639,2952,430154,14988,7398,5142,37799,25494,9259,27063,15305,271284,5670,3510,1533,641,483,258,100,79,48,2,0,1,0,0,1,3161,0,0,0,0,0,1,0,0,0,0,1,682,0,5,5,5,1,0,0,0,0,738,11,11,11,0,229,2,1,3,0,0,0,0,15705,20,7,0,0,3,0,225,47,0,0,0,0,0,487513,253,7,3,11,2,0,0,0,0,2920,6,15,14,19,15,5,0,6,0,1,0,97000,15,10,8,0,1,0,0,0,2796,24,30,11,1,3,2,0,0,0,0,0,9305,62,7,1,1,1,0,0,0,0,238066,12,18,58,10,1,1,5816,10215,30187,386,22685,25810,3433,3512,1647,444,151,426,5,57,3,0,2,1,1,0,89264,292653,261194,20555,1623,5310,167,78,2,0,0,0,16637,29,0,2,0,5,0,0,0,0,0,0,9889,4,0,1,1,0,634,1,0,0,0,7060,0,0,0,0,1,1653,281,15,0,25,0,0,0,0,0,0,0,473821,0,0,0,967,0,0,88,0,0,0,0,0,0,0,0,294,0,0,0,0,2,0,0,0,0,706,1,0,1,1,0,0,511,0,7,0,1,0,0,0,7517,15,3,7,0,0,0,0,1,7093,4,25,3,7,0,3,0,0,0,4424,12,11,2,1,0,1,0,17282,22,18,6,6,3,1,0,0,4909,9,2,3,3,0,1,0,0,6827,10,12,5,3,1,0,0,0,0,0,273,7,2,0,0,0,0,6689,4,4,0,0,0,228,2,0,0,15,0,0,0,590,0,0,0,0,0,83,20484,1736,60,0,0,2025,0,183,1,0,0,0,0,0,10330,1,0,0,0,0,0,1,0,0,2043,0,0,0,0,0,0,229,7,0,0,0,3,0,0,0,0,0,0,69364,5,0,0,2,2,0,1,0,0,0,0,0,2488,0,1,13,4,4,3,1,2,1,0,1,0,0,0,0,25,288,10125,12749,13883,66787,50001,83883,63871,58339,61223,46423,46845,37331,35856,29473,28490,29909,21792,14211,11284,7905,4058,4540,2223,1067,578,359,230,37,42,4,1,0,0,59531,3771,5789,470869,131,10,2,1,2,5,0,0,0,980,11,6,2,4,46,2,478725,6,0,0,455,1,0,99,0,641,35,815,127,18
H,19235,0,352,158,0,7,0,0,0,1,0,0,45,38,0,0,0,0,9,0,6345,0,0,0,321,0,0,0,1,0,0,0,35,0,78,0,0,65,92,0,321,0,0,59,0,0,0,0,0,0,171,761,3939,242,4970,1563,3289,8814,13753,18417,18643,541,2969,141,133,16,67,1,37,0,0,0,0,0,0,0,0,0,7,0,0,0,0,0,0,0,0,0,0,0,2364,2,0,0,0,0,0,0,0,0,2847,15,0,0,0,3173,0,0,0,0,0,0,0,201,0,0,1,0,0,0,172,2,0,0,0,0,0,39,0,1,1,0,0,0,0,0,0,418,1,7,0,1,0,0,0,0,0,0,0,406,65,0,0,0,0,0,0,0,3092,3,2,0,0,0,0,0,0,0,0,0,123,0,7,3,0,0,0,0,0,0,187,8,0,0,0,0,0,26,45,3456,846,6692,4002,117,233,31,46,9,19,6,1,2,0,0,0,0,0,3860,5049,4467,5762,379,17071,6504,6,1,1,0,0,1495,0,0,0,0,0,0,0,0,0,0,0,3511,1,0,0,0,0,617,0,47,0,0,16,0,0,0,0,0,73,0,2,0,0,0,0,0,0,0,0,0,80,0,0,0,130,0,0,98,0,0,0,0,0,0,0,0,358,0,0,0,0,0,0,0,0,0,125,0,5,1,0,0,0,815,25,0,3,0,0,0,0,3042,1,3,0,2,0,0,1,0,1691,4,1,0,0,0,1,0,0,0,7768,1,41,0,0,0,0,0,1307,1,2,3,1,0,0,0,0,351,2,5,0,0,0,0,0,0,3819,6,3,6,0,3,0,0,0,0,1,85,1,14,0,0,0,0,398,1,5,0,0,0,8209,27,2,7,294,4,0,0,7368,0,0,0,0,0,7,1337,6982,90,0,0,1260,0,2901,0,0,0,0,0,0,72,0,0,0,0,0,0,0,0,0,571,0,0,0,0,0,0,65,0,1,1,0,0,0,0,0,0,0,0,30,0,0,0,0,0,0,0,0,0,0,0,0,2540,1,1,0,1,0,1,0,1,0,2,0,0,0,0,0,1239,6783,18,2689,1255,6003,8990,6683,6339,6288,5775,8300,8488,6230,7557,4793,4331,4701,3943,2424,2029,1555,977,880,447,124,56,44,8,31,0,34,0,4,0,8503,19404,401,200,9,4,1,0,0,0,0,0,0,3768,1,0,9,7,0,0,1,0,0,0,118,0,0,1546,0,14,71,0,97,2
I,0,3,0,296,8,0,0,0,0,46,0,1,13,155,0,0,0,0,239,0,5,0,0,0,1206,0,0,0,0,0,0,0,9,0,55,0,0,124,1597,0,2413,0,0,72,0,0,0,1,0,0,7453,14912,445,745,11087,48864,10181,6771,33172,4104,18374,167547,4715,1664,821,346,234,157,69,32,0,0,0,0,0,0,1,0,19,0,0,0,0,0,0,0,0,0,0,0,5155,4,0,1,0,0,0,0,0,0,85,0,2,0,0,4,2,0,0,0,0,0,0,2697,0,0,0,0,0,0,355,5,4,0,0,2,1,3,4,0,1,0,0,0,0,0,0,146,0,4,0,0,0,0,0,1,0,0,0,77,0,0,0,0,0,0,0,0,781,1,0,1,1,0,0,0,0,0,0,0,300,0,0,0,0,0,0,0,0,0,1890,0,0,0,0,0,0,52065,868,4389,410337,11646,7387,1057,398,110,262,42,20,23,5,2,0,3,0,1,0,8293,7108,5916,27707,31001,8575,2068,6,0,0,0,0,3768,25,19,0,0,0,0,0,0,0,0,0,274,3,1,0,0,0,195,1,0,0,0,1968,0,0,0,0,0,328,18,1,3,0,4,0,0,0,1,0,0,19,0,0,0,9,0,0,1436,3,8,0,0,0,0,0,0,8488,10,0,0,0,0,0,1,1,0,403457,1,14,9,1,1,1,435,4,2,4,3,0,0,0,2206,3,5,1,1,1,0,0,0,179,5,2,4,5,0,0,0,0,0,5235,12,1,0,0,0,0,0,1673,4,0,1,1,0,0,0,0,557,4,8,0,0,1,0,0,0,1078,12,18,1,5,0,0,0,0,0,0,8517,140,5,6,0,0,0,9174,0,2,0,0,0,1303,0,0,0,602,0,1,0,213,1,0,0,0,0,15588,1535,2334,320,0,0,1984,0,2627,0,0,0,0,0,0,24,0,0,0,0,0,0,0,0,0,10,0,0,0,0,0,0,320,0,0,0,2,0,0,0,0,0,0,0,9,0,0,0,0,0,0,0,0,0,0,0,0,28813,0,1,0,1,0,0,1,1,0,0,0,0,0,0,0,59,5506,21,1090,6278,6196,11796,14607,20224,13979,10341,11242,8079,8289,11285,11464,5467,8570,5249,5006,2835,2389,885,393,295,100,126,52,6,12,6,3,1,0,0,3256,7955,131,4,1,0,1,3,0,0,0,0,0,65,0,0,1,0,0,0,5,0,0,0,13239,0,0,25,0,2622,7069,2546,2,6
K,0,0,367,1,4,251,0,0,0,22,28,4,117,365,0,0,0,0,22,0,3174,0,0,0,11,0,0,0,6,0,0,0,659,0,2,0,0,74,24558,0,1,0,0,6,0,0,2,1,0,0,5086,72,119,2075,2232,2259,992,5910,5095,4115,976,1253,1117,70,19,150,47,4,0,1,0,0,0,0,0,0,0,0,1,0,0,0,0,0,0,1,0,0,0,0,7,0,0,0,0,0,1,0,0,0,52,0,0,0,0,1188,1,0,0,0,0,0,0,124,1,0,1,0,0,0,91,4,4,0,0,0,0,104,6,0,0,1,0,0,0,0,0,435786,36,3,13,1,5,15,1,0,10,0,1,5808,704,134,9,0,0,0,0,0,212,40,2,1,0,1,1,1,0,0,0,0,2975,1,4,1,0,0,1,0,0,0,2129,1,11,0,0,1,0,15,23,1031,401,4256,7927,272,186,52,11,56,4,0,4,0,1,0,2,0,0,7341,1335,4056,13004,14796,22281,134,0,7,0,0,0,3134,18,0,0,0,0,0,1,0,0,0,0,1210,0,0,0,0,0,76,0,0,0,0,248,0,0,0,0,0,404849,173,1,2,0,1,0,0,2,0,1,1,898,0,0,0,26,0,0,1,0,0,0,2,0,0,0,0,316,0,0,2,0,0,0,1,0,0,65,0,1,1,0,0,0,42,10,0,1,0,0,0,0,33718,1,10,1,6,0,0,0,0,142,16,2,12,0,1,1,0,2,0,14696,7,24,2,10,1,1,0,310,250,16,2,0,0,0,0,0,396942,14,2,3,3,1,2,0,0,25421,22,7,55,3,1,2,0,0,1,0,3294,9,10,0,0,0,0,172,2,0,1,0,0,247,0,1,0,19,0,0,0,7432,0,0,0,0,0,1689,4292,13567,22,0,0,368500,0,22,0,0,1,0,0,0,1154,0,0,0,0,0,0,0,0,0,50,0,0,0,0,0,0,1719,0,1,0,0,0,0,0,0,0,0,0,2,0,0,0,0,0,0,0,0,0,1,0,0,2509,0,0,0,0,1,1,0,1,0,0,0,0,0,0,0,22,194,7,3791,30539,13256,10667,6972,5597,5873,3527,6391,6275,5316,8673,5340,9028,3723,2745,3159,1974,1213,3251,676,738,254,52,155,14,8,6,3,0,0,0,6753,1145,1009,30,9,0,1,0,0,0,0,0,0,58423,2,1,0,0,1,0,8,0,0,0,204,0,0,3392,0,0,40,0,0,5
L,17,144015,214,492733,440,1,0,0,0,203,3,3,11,370965,0,0,0,0,649,0,1835,0,0,0,842,0,40,0,26,2,0,0,11,0,217,0,0,485041,529,0,485896,0,0,275,0,0,187,5,0,0,11608,2597,735,1355,26470,14212,163741,3143,8972,9837,3637,22092,1618,853,243,202,107,87,5,38,3,1,0,0,0,0,0,0,1350,3,0,1,0,0,0,0,0,0,0,0,7064,1,0,0,0,0,0,0,0,0,1729,1,0,0,0,7010,1,2,0,0,0,0,1,1220,6,0,0,0,0,0,3081,13,0,1,0,0,0,106,5,2,0,0,1,0,0,0,0,885,11,0,3,0,0,1,0,0,0,0,0,918,2,5,0,0,0,0,0,0,73118,8,3,1,0,0,0,0,0,0,0,0,366,0,1,0,0,1,0,0,0,0,47037,12,1,0,0,0,0,21508,5174,4473,23375,2676,5619,772,213,166,64,50,131,4,7,29,0,2,1,0,0,5237,3373,4589,9388,5462,6994,9742,66,8,0,0,0,10021,16,0,0,0,0,0,0,0,0,0,0,402,0,1,1,0,0,996,0,0,0,0,7518,2,0,0,0,0,1636,7,2,7,0,0,0,0,0,0,0,0,20,1,0,0,708,0,0,4072,2,1,0,1,0,0,0,2,414,2,0,1,0,0,0,0,0,0,6792,1,38,0,0,0,0,671,44,1,0,1,0,0,0,9567,2,7,0,2,0,0,1,0,935,4,1,6,0,0,4,1,0,2,1214,0,1,1,0,1,0,0,8342,0,2,0,3,2,1,0,0,1944,12,1,8,3,1,0,0,0,523,7,20,0,4,1,0,0,0,0,0,2682,30,1,2,0,0,0,102273,6,107,1,1,0,2699,27,8,1,486254,0,10,1,5471,3,0,0,1,0,22584,350,453,476887,0,4,1313,0,7501,0,1,0,0,0,0,87,1,0,0,0,0,0,0,0,0,3,0,0,0,0,0,0,85,0,0,0,0,0,0,0,0,0,0,0,15,1,0,0,1,0,0,0,1,0,0,0,0,34535,0,0,1,0,2,1,1,0,0,1,0,0,0,0,0,74,2736,277,1767,9631,11100,35090,25115,29851,32399,23779,28905,20667,36558,30421,43117,22519,14664,13102,9320,11267,4036,2785,1859,3262,497,363,362,73,111,3,0,2,2,0,6286,7774,3675,15,2,2,1,3,0,0,0,0,0,2298,4,0,1,1,0,1,5,0,0,0,297,0,0,52254,0,499,124,106,23,8
M,1,287,0,120,496,1,0,0,0,56,0,0,10,1895,0,0,0,0,866,0,45,0,0,0,2,0,0,0,2,0,0,0,114,0,7,0,0,1029,463,0,30,0,0,4,0,0,0,0,0,0,185,677,84,184,1153,5140,4948,1743,6344,3668,3693,204301,3661,1817,1038,511,221,129,53,51,43,6,1,2,0,0,0,0,6,0,0,0,0,0,0,0,0,0,0,0,41,0,0,0,0,0,0,0,0,0,1,0,0,0,0,87,0,0,0,0,0,0,0,31,0,0,0,0,0,0,4,0,2,0,0,0,0,109,6,0,0,0,0,0,0,0,0,2703,0,0,0,0,6,0,0,0,0,0,0,372,0,26,0,1,0,0,0,0,103,1,0,0,0,0,0,0,0,0,0,0,146,0,0,0,0,0,0,0,0,0,2841,0,0,0,0,0,0,1182,53,928,10669,2823,2656,132,17,73,13,6,8,2,1,0,0,0,0,0,0,2044,749,1243,6596,1860,3372,822,0,0,0,0,0,376,6,0,1,0,0,0,0,0,0,0,0,97,0,2,0,0,0,7,1,0,0,0,9978,0,0,0,0,0,3069,40,1,107,0,0,0,0,0,0,0,0,0,20,0,0,4,0,0,43,0,0,0,0,0,0,0,0,113,1,0,0,1,0,0,0,0,0,7197,0,19,0,0,0,0,2,1,0,0,0,1,0,0,877,0,0,0,0,0,0,0,0,13,7,0,0,1,2,0,0,0,0,967,4,1,0,0,1,0,0,92,1,61,0,0,0,0,0,1,1822,4,1,0,0,1,0,0,0,516,262,0,0,0,0,0,0,0,0,0,33390,2,162,10,1,0,0,15741,18,15,0,0,0,128,2,0,0,1735,0,0,0,472,0,0,0,0,0,449108,1424,197,2770,0,0,931,0,82,0,0,0,0,0,0,89,0,0,0,0,0,0,0,0,0,0,0,0,0,0,0,0,2351,0,0,0,0,0,0,0,0,0,0,0,1,0,0,0,0,0,0,0,0,0,0,0,0,58240,0,0,0,0,1,1,1,0,0,0,0,0,1,0,0,0,261,7,726,1248,2894,5982,4436,5741,4649,5706,8478,6601,11905,11079,7628,9663,9915,10179,7237,4278,6075,3612,1698,1668,660,633,298,213,58,11,2,1,1,0,1358,549,337,13,0,0,1,0,0,0,0,0,0,100,0,0,0,0,0,0,0,0,0,0,186,0,0,421,0,8,57,8,0,3
N,0,0,4,0,0,1,0,0,0,6,0,2,2188,30,0,0,0,0,0,0,463,0,0,0,283,0,0,0,8,0,0,0,1113,0,203,0,0,3,7604,0,2,0,0,139,0,0,0,0,0,2,393,473,1131,719,9471,12428,3772,26333,43483,39160,9023,1749,11680,238,253,150,34,7,5,2,2,0,0,0,0,0,0,0,0,0,0,0,0,0,0,0,0,0,0,0,341,0,0,0,0,0,0,0,0,0,6,0,1,0,0,28,0,0,0,0,0,0,0,396,1,4,3,0,0,0,26,4,11,0,0,0,0,136,6,1,1,0,0,0,0,0,0,8096,7,0,4,0,0,0,0,0,0,0,0,1035,37,5,2,0,0,0,0,0,323,7,1,0,0,0,1,0,0,0,0,0,191,0,0,0,0,0,0,0,0,0,143,1,0,0,0,0,0,95,126,3040,1263,50162,30551,1019,288,173,156,64,91,15,0,0,0,0,0,0,0,28892,9043,9981,43846,1137,105390,2682,4,0,0,1,0,1012,0,0,0,0,0,0,0,0,0,0,0,13657,1,1,0,0,0,606,23,12,0,0,31,0,0,0,0,0,4721,7,0,0,0,1,0,0,0,0,0,0,684,0,0,0,6,0,0,32,0,0,0,0,0,2,0,0,3699,0,0,0,0,0,0,0,0,0,1964,0,0,0,5,0,0,261,0,1,12,0,1,0,0,828,2,108,1,0,7,0,0,0,14489,5,5,1,3,1,2,0,0,0,373001,12,83,19,16,1,12,0,9765,152,38,12,64,0,4,1,0,15459,48,25,6,13,0,0,0,1,397119,10,67,3,1,0,1,1,1,0,0,635,9,3,0,1,0,0,227,4,0,0,0,0,5517,1,1,1,5,1,0,0,487,0,1,1,0,0,108,88895,371556,8,1,0,15989,0,314,0,0,0,0,1,0,1458,0,0,0,0,0,0,0,0,0,1165,0,0,0,0,0,0,446,0,1,0,0,0,0,0,0,0,0,0,178,3,3,0,0,0,0,0,1,0,0,0,0,4227,8,1,0,0,1,0,1,0,1,0,0,0,0,0,0,815,1049,75,29298,3432,8736,8242,11065,8433,13739,15918,19382,8398,9228,7660,11668,10600,10903,5391,4738,2998,1712,1478,437,598,283,207,41,52,2,7,2,2,0,0,33762,18447,42,140,2,0,1,1,0,0,0,0,0,2261,0,0,0,0,1,0,1,0,0,0,1744,0,0,65,0,4,5947,4,35,65
P,0,1,797,739,1,3,0,0,0,491,4,621,12,2247,0,0,1,0,46,0,3622,0,0,0,334210,0,0,0,8,0,0,0,32,0,2097,0,0,1574,312,0,2867,1,0,2675,0,0,39,0,1,0,1390,4543,14162,2382,4432,23348,5203,3092,4400,1877,11541,199,731,49,22,11,28,7,8,0,0,0,0,0,0,0,0,0,7,0,0,0,0,1,0,0,0,0,0,0,99,0,0,0,1,0,0,0,0,0,838,2,1,5,0,4444,16,7,0,0,1,1,0,12552,17,0,0,0,0,0,479562,4,6,3,1,0,0,111,6,5,14,0,0,0,0,1,0,432,47,67,7,1,4,0,5,0,1,0,0,1043,1217,3,1,0,0,0,0,0,9436,2,11,1,4,2,1,1,0,0,0,0,55,1,20,1,4,0,0,0,0,0,3428,14,12,3,0,0,0,176,2031,244,131,3738,19638,186,787,182,193,122,12,28,4,0,1,1,0,0,0,5346,2170,1687,3760,15770,928,832,39,0,2,0,0,7541,18,0,1,0,0,0,0,0,0,1,0,5911,1,0,0,1,0,14643,1,2,1,0,129,3,2,0,0,0,199,110,126,1,2,0,0,0,0,0,0,0,35,0,0,0,619,0,1,73,1,0,2,0,0,0,0,0,6770,0,0,1,0,0,0,0,0,0,293,11,0,0,0,0,0,16895,6,1,1,0,4,0,0,469,2,1,8,0,0,0,1,0,190,5,9,0,0,2,0,0,0,0,981,10,2,0,0,0,0,0,6444,9,6,2,0,0,0,0,0,533,4,4,3,0,1,1,0,0,641,53,14,3,1,1,0,0,0,1,0,7540,9,3,7,0,0,0,1092,1,9,2,0,0,334,4,0,0,3940,1,4,0,1375,0,0,0,0,0,62,452,358,4617,0,0,328,1,404002,0,0,0,1,0,0,51,0,1,0,0,0,0,0,0,0,39,1,0,0,0,0,0,8511,2,1,0,0,0,0,0,1,0,0,0,973,2,0,1,0,0,0,0,4,0,1,0,1,393,2,1,0,0,0,0,5,4,2,0,1,0,0,0,0,15,365,23,1332,7829,26190,55618,29641,34900,18857,20423,26802,26411,21485,29220,21937,17245,15609,13668,9849,6876,3864,2913,1215,817,238,335,82,95,10,4,2,0,0,0,7640,6215,610,55,17,6,8,103,0,1,0,0,0,8075,1,43,1,1,0,0,70,0,0,0,2677,1,0,32297,0,7,2416,7,1578,11150
Q,53195,56,491168,94,9,143,0,0,0,8,0,1,81,861,1,2,0,1,132,0,458544,0,1,0,390,0,0,0,6,0,0,0,1315,0,22,0,0,582,801,0,14,0,0,82,0,0,0,0,0,0,5078,221,308,3146,723,1033,3196,7143,4193,1914,1916,232,405,60,22,7,1,2,0,0,0,0,0,0,0,0,0,0,5,0,0,1,0,0,0,0,0,0,0,0,21,0,2,0,0,0,0,0,0,0,240,3,0,0,0,464861,8,5,1,2,0,4,0,61,6,3,2,0,2,0,2015,3,2,1,1,0,3,432,11,7,0,0,0,0,1,1,0,14438,18,2,6,21,0,0,1,0,0,0,0,31579,51,7,1,0,0,0,0,0,807,19,3,1,2,0,0,0,0,0,0,0,2704,0,9,1,0,0,0,0,0,0,1407,2,0,0,0,0,0,21,462,1803,408,1001,1515,141,35,57,7,42,3,0,0,0,4,0,0,0,0,1618,1207,3043,3735,5618,3052,789,1,0,0,0,0,1662,0,0,0,0,0,0,0,0,0,0,0,906,0,0,0,0,0,100,0,1,0,0,39,0,0,0,0,0,11141,5,0,0,8,0,0,0,0,0,0,0,9,0,0,0,1535,0,0,0,0,0,0,0,0,0,0,0,25,0,0,0,0,0,0,0,0,0,31,0,6,0,0,0,0,55,20,0,0,0,0,0,0,23706,0,1,1,1,0,0,0,0,105,0,4,2,2,4,1,0,0,0,433,3,7,1,1,1,0,0,94,5,7,1,0,1,0,1,0,7666,0,0,0,1,1,0,0,0,1137,0,3,0,0,0,0,0,0,0,0,1651,3,0,0,0,0,0,675,0,0,0,0,0,442,0,0,0,1262,3,1,0,425925,0,1,0,0,1,84,457,337,1370,0,0,19969,0,383,0,0,0,0,0,0,1328,0,0,0,0,0,0,0,0,0,20,0,0,0,0,0,0,386,0,0,0,0,0,0,0,0,0,0,0,2,0,0,1,0,1,1,0,1,0,0,0,0,711,0,0,1,0,0,0,1,1,0,0,0,0,1,0,0,23,649,2,922,3129,8279,20186,15126,6654,10195,10146,9573,9200,6898,6675,7591,8851,7176,4591,2655,2310,2712,1025,7868,343,192,59,25,23,3,6,1,0,0,0,4395,1888,949,16,19,0,1,0,0,0,0,0,0,369783,13,1,0,1,0,0,57,0,1,0,38,2,0,375138,1,2,28,3,1,234
R,1,9,308,306,8,25,0,0,0,81,481,495,1056,499,0,0,0,0,47,0,11520,0,0,0,720,0,0,40,661,0,2,2,3911,0,311,0,0,6882,407850,1,667,0,1,425,2,0,1233,0,1,0,3502,883,1559,19571,38819,10998,9893,23422,39662,8309,6997,2369,11119,247,88,40,32,7,8,3,0,0,0,0,0,0,0,0,1713,0,3,0,0,0,0,0,0,0,0,0,82,27,0,0,0,0,0,0,0,0,491427,33,1,4,0,12627,10,1,1,0,4,0,0,3100,5,1,2,2,3,0,1101,23,1,1,13,0,0,2121,8,0,10,5,0,0,0,0,0,13852,2,89,1,4,0,1,0,0,0,0,0,2426,285,5,3,2,0,0,0,0,393570,68,86,150,17,3,3,1,3,2,0,0,779,17,21,19,0,3,0,0,1,0,11030,43,4,2,0,0,0,488,114,14943,1711,16586,41469,1073,289,344,139,123,14,20,1,5,0,0,0,0,0,29921,9143,23594,45017,8020,14812,320,3,3,0,0,0,7909,3,1,0,0,0,1,0,0,0,0,0,1752,1,1,0,0,0,398,0,0,0,0,287,0,0,0,0,0,39380,121,10,0,0,0,0,3,0,0,0,0,800,0,0,0,495569,0,0,28,0,0,0,2,0,0,0,0,2151,0,1,4,0,0,1,0,0,0,169,1,5,0,1,0,0,435,6,0,5,2,0,0,0,386430,0,1,3,5,1,2,0,0,181,23,3,5,1,0,1,1,0,0,7102,26,19,2,13,0,6,0,2339,15,23,14,4,0,0,0,0,18533,7,3,1,0,4,0,1,0,6385,8,6,9,3,1,0,0,0,0,0,3194,4,7,0,0,0,0,750,2,1,0,0,0,1080,1,7,0,3756,4,5,0,9905,0,0,0,0,0,5015,22654,3417,5313,0,1,23723,0,1996,0,0,0,0,0,0,915,0,1,0,0,0,0,0,0,0,27,0,0,0,0,0,0,774,1,0,0,0,0,0,0,0,0,0,0,157,1,0,0,0,0,0,1,0,0,0,0,0,5373,0,1,4,0,1,0,5,0,0,0,0,0,0,0,0,10,2173,2048,1842,30008,36857,54271,46804,33212,34131,27364,27148,24719,28169,24680,23971,20585,18342,14611,8135,8333,4485,2616,1241,631,354,240,244,30,39,13,5,2,0,0,14346,4730,23781,612,157,107,106,4,9,0,0,1,0,24754,4,3,3,36,1,43,922,2,0,1,140,0,0,5358,0,1,60,14,12,27
S,0,7,0,161,2,76,79,0,0,439480,29,31,1151,93931,0,0,0,0,55,0,285,1,0,0,15966,1,0,0,644,0,0,0,2489,0,486927,0,0,134,6537,0,109,0,0,465734,0,0,514,1,4,1,21972,6618,453827,3763,53299,65128,29409,152878,84003,30357,26537,2331,53023,628,879,218,214,67,14,6,1,1,0,0,0,0,0,0,276,0,0,0,0,0,0,0,0,0,0,0,2694,0,0,0,0,0,0,0,0,0,447,1,2,0,0,185,12,0,0,0,0,0,0,5975,5,0,0,0,0,1,5482,29,0,1,0,1,0,237,26,0,4,0,0,0,0,0,0,1527,3,2,1,1,2,7,10,0,0,0,0,1116,70,0,1,0,1,0,0,0,1415,14,3,4,1,1,1,0,1,0,0,0,601,0,1,2,2,0,0,0,0,0,1730,0,1,0,0,0,0,791,252465,45187,6489,205335,122195,6337,3432,1892,1599,445,138,101,14,12,59,0,1,1,0,190446,33856,45102,162122,13896,33506,9887,27,1,27,0,0,32841,17,5,0,0,0,0,0,0,0,0,0,3345,18,0,0,0,0,438525,2,0,0,11,572,0,0,1,3,0,1400,32,88,1,107,0,5,1,1,1,0,0,2213,0,0,0,148,0,0,3146,3,0,2,0,0,0,0,0,12819,1,8,0,0,1,0,0,1,0,2968,77,1,1,0,0,0,448009,12,51,28,5,4,3,1,14442,6,9,3,1,1,2,0,0,1430,33,1,9,4,7,0,0,0,0,25303,0,5,16,2,1,0,6,10990,13,7,9,0,1,0,0,0,1544,3,14,3,0,12,0,0,0,18337,18,3,0,4,0,0,1,0,0,0,7882,12,5,1,0,0,0,1013,2,2,1,0,0,12615,0,5,3,85,1,1,0,517,0,2,0,0,0,346,304604,21522,190,4,0,6035,0,28212,0,0,0,0,0,0,656,0,0,1,0,1,1,0,0,0,57,1,0,0,1,0,0,16277,0,0,0,1,0,0,1,0,0,0,0,2025,0,3,5,1,1,0,1,0,0,1,1,0,923,31,15,1,2,1,4,0,1,5,3,0,1,0,0,0,1969,18998,2482,8837,13391,26905,48418,43713,50919,47217,46520,48105,41576,37997,29851,28261,30310,21337,16194,15466,6347,5592,7884,1571,642,704,365,175,36,44,30,7,0,0,0,17035,59302,2557,2632,21,15,6,4,5,4,0,0,1,887,40,1,1,0,0,0,104,0,0,0,2570,0,0,579,0,17,3083,276,440970,307356
T,0,0,5,3,4,30,14,0,0,54930,3,5,687,2874,0,0,0,0,180,0,1011,0,0,0,10947,40,0,0,23,0,0,0,777,0,3132,0,0,251,43518,0,84,0,0,10228,0,0,1,0,0,0,53047,23654,6568,3627,9854,256429,5077,13565,32118,10437,40002,5701,18657,570,410,134,32,64,6,5,1,2,1,0,0,0,0,0,7,0,0,0,0,0,0,0,0,0,0,0,146,0,0,0,0,0,0,0,0,0,9,1,0,0,0,766,6,1,0,0,0,0,0,13794,5,0,0,0,0,4,1801,3,2,0,0,0,0,331,11,1,0,0,0,0,0,0,0,3215,1,1,0,0,0,0,0,0,0,0,0,592,0,10,0,0,0,0,0,0,145,4,3,0,0,0,0,2,0,0,0,0,472,0,0,19,1,0,0,0,0,0,754,0,0,0,0,0,0,609,3297,40201,6151,58651,38497,1003,530,285,405,180,71,43,58,4,5,1,0,0,0,35839,11691,23987,68663,360803,41366,1276,5,1,8,8,8,23039,3,5,4,4,0,0,0,0,0,0,0,2135,0,0,1,0,0,4267,1,1,0,0,1146,0,0,0,0,0,4444,28,6,0,9,0,1,0,0,0,0,0,94,2,0,0,23,0,0,750,3,0,0,0,0,0,0,0,433384,3,13,0,0,0,0,0,1,1,12524,4,7,2,0,1,0,10680,3,0,2,2,2,0,0,7034,0,1,1,0,2,1,0,0,566,2,15,1,1,0,1,0,0,0,11166,36,2,0,3,0,1,0,21384,42,7,15,6,0,0,1,0,5980,5,24,4,3,1,0,0,0,10192,60,9,7,3,0,1,0,0,0,0,407036,10,115,42,2,0,1,1741,184,143,1,1,1,7894,5,1,0,76,4,0,0,789,0,0,0,0,0,2231,10157,18841,159,0,0,14027,0,17626,0,0,0,0,0,0,322,0,0,0,0,0,0,0,0,0,94,0,0,0,0,0,0,458969,1,2,0,1,0,0,1,0,0,0,0,1144,2,0,0,0,0,0,0,0,1,0,0,0,18276,1,1,0,0,0,2,0,2,1,0,0,0,0,1,0,24,6605,62,15974,44869,27447,23433,30958,22548,28767,31318,26436,24679,21155,19564,16605,19410,15997,8467,8008,4203,2919,1478,836,321,275,766,111,33,11,3,4,0,0,0,15991,10959,773,818,7,4,0,3,1,0,0,0,0,1040,2,2,0,0,0,0,23,0,0,0,450052,0,0,625,0,40,447060,32,1349,2673
V,38,309317,2,188,493720,327,0,0,0,20,609,321,478,10896,1,0,0,0,475227,0,39,0,0,0,4393,0,0,0,409,0,0,0,740,1,83,0,0,2381,488,0,6178,0,0,245,0,2,193,110,0,0,80644,51475,1101,3709,15239,5411,17604,5120,8817,8886,22405,44764,3335,721,327,89,78,70,11,26,6,0,0,0,0,0,0,0,104,0,0,0,0,0,0,0,0,0,0,0,79532,1,1,0,0,0,0,0,0,0,33,0,0,0,0,181,3,0,0,0,0,0,0,32227,4,3,3,0,0,0,464,7,2,1,0,0,0,437,0,0,0,0,0,1,0,0,0,237,8,0,5,2,1,0,4,0,0,0,0,2076,0,18,3,0,0,1,0,0,2664,10,13,4,1,1,2,0,0,0,0,0,3433,3,4,0,0,0,0,0,0,0,8524,1,0,0,1,0,0,411327,3259,14884,22624,4212,8493,523,343,264,34,76,11,5,5,0,3,0,0,0,0,9121,5140,11969,19131,6026,11627,4525,9,1,0,0,0,27821,19,9,2,0,0,0,0,0,0,0,1,2389,0,32,0,1,0,798,0,0,1,0,444946,0,1,1,0,2,854,159,2,13,5,1,0,3,0,0,1,0,925,0,0,3,8,0,0,4539,0,3,0,0,0,0,0,0,6614,9,0,0,0,0,0,0,0,0,55805,0,1,0,33,1,0,1161,6,11,7,0,8,0,0,4656,106,0,4,0,0,0,0,0,2201,8,11,1,1,0,0,0,1,0,2492,25,2,3,1,1,0,0,18548,6,12,3,7,1,0,0,0,1060,1,1,11,3,0,0,0,0,318,9,53,0,1,0,0,0,1,0,0,5774,311,7,1,0,0,0,323408,24,178,4,1,0,3156,10,8,0,1292,0,0,0,399,0,0,0,0,0,2566,831,738,6456,0,0,835,0,6713,0,0,0,0,0,0,1173,0,0,0,0,0,0,0,0,0,671,0,1,0,0,0,0,82,1,2,0,1,0,0,0,0,0,0,0,1161,0,0,1,0,0,1,0,0,0,0,0,0,328872,1,0,1,1,3,1,1,0,0,0,0,0,0,0,0,43,2463,338,20959,27702,25530,23876,23723,25290,22364,21552,25146,20639,21880,19235,16733,16928,11672,10841,5856,3815,3172,4352,1022,422,489,127,94,54,19,4,3,3,1,0,8449,20635,1529,373,1,1,3,2,0,0,1,0,0,483,11,0,0,0,1,0,305,0,0,0,700,0,1,1862,0,470734,1176,468281,73,5
W,0,9,1,18,20,11,0,0,0,55,613,12,17,3535,0,0,0,0,33,0,23,0,0,0,5,0,0,0,603,0,0,0,262,0,17,1,0,164,261,0,1,0,0,3,1,0,1160,0,0,0,33,125,33,194,1403,309,8004,974,2283,4551,8927,1199,1103,755,59,8,6,40,0,0,0,0,0,0,0,0,0,0,490411,0,0,0,0,0,0,0,0,0,0,0,1625,0,0,0,0,0,0,0,0,0,45,0,0,0,6,550,1,0,0,0,0,0,0,3,0,0,0,0,0,0,29,2,0,0,0,0,0,1275,1,0,0,1,2,0,0,0,0,59,0,1,0,4,0,0,0,0,0,0,0,288,22,2,0,0,0,0,0,0,74,16,1,0,0,0,0,0,0,0,0,0,101,1,0,0,0,0,0,0,0,0,92065,0,0,0,0,0,0,14,163,5936,251,1963,30350,211,70,193,28,12,33,0,2,0,0,0,0,0,0,3452,605,701,1228,210,10228,626,2,0,0,0,0,151,2,0,0,0,0,0,0,0,0,0,0,109,2,0,0,0,0,202,0,0,0,0,294,2,0,0,0,0,210,2,4,109,0,0,0,0,0,0,0,0,19,0,0,0,101,0,0,42,0,0,0,0,0,0,0,0,6,0,0,0,0,0,0,0,0,0,2,2,0,0,0,0,0,269,1,0,1,0,0,0,0,368,0,0,0,0,0,0,0,1,2,0,0,0,0,0,0,0,0,0,21,0,0,0,0,0,0,0,140,3,0,0,0,0,0,0,0,201,1,0,1,0,0,0,0,0,14,1,0,0,0,0,0,0,0,0,0,255,0,0,0,0,0,0,1011,0,0,0,0,0,4356,0,0,0,164,1,0,0,75,0,0,0,0,0,51,154,12,174,0,0,9,0,47,0,0,0,0,0,0,132,0,0,0,0,0,0,0,0,0,0,0,0,0,0,0,0,19,0,0,0,0,4,0,0,0,1,0,0,4,1,0,0,2,0,0,0,0,0,0,0,0,150,1,0,5,0,0,0,0,0,0,0,0,0,0,0,0,102,1147,8564,303,459,4683,14077,17150,17815,18105,18010,18923,17445,14694,10406,11087,7240,5723,4288,5733,2787,6583,785,831,326,160,47,101,6,8,2,0,0,0,0,2826,2888,430234,195,2,2,0,0,2,0,0,0,0,86,0,0,1,0,0,1,318,0,0,0,0,0,0,35,0,1,0,3,8,24
Y,0,0,1,0,0,9,0,0,0,208,0,0,17,1127,0,0,0,0,2,0,61,0,0,0,98,0,0,0,1,0,0,0,44,0,249,0,0,1,15,0,8,0,0,270,0,0,398,0,0,0,7099,2620,1186,510,34145,8662,26050,9207,104596,282972,28185,4194,8635,814,526,291,125,85,13,4,1,1,0,0,1,0,0,0,552,2,0,0,0,0,0,0,0,0,0,0,55990,2,0,0,0,0,0,0,0,0,91,1,0,0,0,52,0,0,0,0,0,0,0,628,0,0,0,0,0,0,6,0,0,0,0,0,0,16,1,1,0,0,1,0,0,0,0,108,3,0,0,1,0,2,0,0,0,0,0,183,4,0,0,0,0,0,0,0,697,1,1,0,11,0,0,0,0,0,0,0,37,0,0,0,0,0,0,0,0,0,1460,1,0,0,0,0,0,66,226,6097,705,23134,3851,301,188,115,44,24,136,35,10,1,1,0,0,0,0,7945,4615,4979,11182,640,144471,447867,27,1,0,1,0,331,1,4,0,0,0,0,0,0,1,0,0,1815,9,0,0,0,0,1977,1,0,0,0,89,19,0,0,0,0,64,0,0,0,0,0,1,0,0,0,0,0,100,0,0,0,12,0,0,1260,0,0,0,0,0,0,0,0,226,0,0,0,0,0,0,1,0,0,52,0,1,0,0,0,0,3420,1,0,0,0,1,0,0,392,0,5,0,0,0,0,0,0,758,3,1,0,0,0,1,0,0,0,5469,5,2,1,1,1,0,0,828,0,0,0,2,0,0,0,0,298,2,2,0,5,0,0,0,0,1425,1,4,10,0,4,0,1,0,0,0,171,3,36,1,0,0,0,182,255,0,0,0,0,409304,0,12,0,10,4,0,0,1883,0,0,0,0,0,4,944,1921,4,0,0,1211,1,588,0,0,0,0,0,0,98,0,0,0,0,0,0,0,0,0,736,0,0,0,0,0,0,18,0,0,3,1,0,0,0,0,0,1,0,131,0,2,0,0,0,0,0,0,1,0,0,0,124,1,9,1,1,0,0,0,2,1,0,0,1,0,0,0,489576,413038,1470,2766,1527,7307,19329,28770,41373,40508,37023,30899,27984,33567,36791,35223,29588,35108,50950,36417,31204,19031,10162,7518,6185,1964,6615,1240,330,94,156,29,49,1,5,7079,266667,3432,43,2,4,5,3,1,103,0,0,0,24,42,0,15,0,0,0,1,0,0,0,5,0,0,29,0,0,24,3,664,6