Amino_acid,Pos1,Pos2,Pos3,Pos4,Pos5,Pos6,Pos6A,Pos7,Pos8,Pos9,Pos10,Pos11,Pos11A,Pos11B,Pos12,Pos12A,Pos13,Pos13A,Pos13B,Pos13C,Pos14,Pos14A,Pos14B,Pos14C,Pos15,Pos16,Pos17,Pos18,Pos18A,Pos18B,Pos19,Pos20,Pos21,Pos21A,Pos22,Pos22A,Pos22B,Pos22C,Pos23,Pos24,Pos25,Pos26,Pos27,Pos28,Pos29,Pos30,Pos31,Pos32,Pos33,Pos34,Pos35,Pos35A,Pos35B,Pos35C,Pos35D,Pos35E,Pos35F,Pos35G,Pos35H,Pos35I,Pos35J,Pos35K,Pos35L,Pos35M,Pos35N,Pos35O,Pos35P,Pos35Q,Pos36,Pos36A,Pos36B,Pos36C,Pos36D,Pos36E,Pos36F,Pos36G,Pos36H,Pos36I,Pos36J,Pos36K,Pos37,Pos37A,Pos37B,Pos37C,Pos37D,Pos38,Pos38A,Pos38B,Pos38C,Pos38D,Pos39,Pos39A,Pos39B,Pos39C,Pos39D,Pos39E,Pos39F,Pos39G,Pos40,Pos40A,Pos40B,Pos40C,Pos40D,Pos40E,Pos40F,Pos41,Pos41A,Pos41B,Pos41C,Pos41D,Pos41E,Pos41F,Pos41G,Pos41H,Pos42,Pos42A,Pos42B,Pos42C,Pos42D,Pos42E,Pos43,Pos43A,Pos43B,Pos43C,Pos43D,Pos43E,Pos43F,Pos43G,Pos43H,Pos43I,Pos44,Pos44A,Pos44B,Pos44C,Pos44D,Pos44E,Pos44F,Pos44G,Pos45,Pos45A,Pos45B,Pos45C,Pos45D,Pos45E,Pos45F,Pos45G,Pos45H,Pos46,Pos46A,Pos46B,Pos46C,Pos46D,Pos46E,Pos46F,Pos47,Pos47A,Pos47B,Pos47C,Pos47D,Pos47E,Pos47F,Pos48,Pos49,Pos50,Pos51,Pos52,Pos52A,Pos52B,Pos52C,Pos52D,Pos52E,Pos52F,Pos52G,Pos52H,Pos52I,Pos52J,Pos52K,Pos52L,Pos52M,Pos52N,Pos52O,Pos52P,Pos53,Pos54,Pos55,Pos56,Pos57,Pos58,Pos59,Pos59A,Pos59B,Pos59C,Pos59D,Pos59E,Pos60,Pos60A,Pos60B,Pos60C,Pos60D,Pos60E,Pos61,Pos61A,Pos61B,Pos61C,Pos61D,Pos62,Pos62A,Pos62B,Pos62C,Pos62D,Pos63,Pos63A,Pos63B,Pos63C,Pos63D,Pos64,Pos64A,Pos64B,Pos64C,Pos64D,Pos64E,Pos64F,Pos64G,Pos64H,Pos64I,Pos64J,Pos64K,Pos65,Pos65A,Pos65B,Pos65C,Pos65D,Pos65E,Pos65F,Pos66,Pos66A,Pos67,Pos67A,Pos67B,Pos68,Pos68A,Pos68B,Pos68C,Pos68D,Pos68E,Pos68F,Pos68G,Pos68H,Pos68I,Pos69,Pos69A,Pos69B,Pos69C,Pos69D,Pos69E,Pos69F,Pos69G,Pos69H,Pos69I,Pos70,Pos70A,Pos70B,Pos70C,Pos70D,Pos70E,Pos70F,Pos70G,Pos71,Pos71A,Pos71B,Pos71C,Pos71D,Pos71E,Pos71F,Pos72,Pos72A,Pos72B,Pos72C,Pos72D,Pos72E,Pos72F,Pos72G,Pos72H,Pos72I,Pos73,Pos73A,Pos73B,Pos73C,Pos73D,Pos73E,Pos73F,Pos73G,Pos74,Pos74A,Pos74B,Pos74C,Pos74D,Pos74E,Pos74F,Pos74G,Pos74H,Pos75,Pos75A,Pos75B,Pos75C,Pos75D,Pos75E,Pos75F,Pos75G,Pos76,Pos76A,Pos76B,Pos76C,Pos76D,Pos76E,Pos76F,Pos76G,Pos76H,Pos77,Pos77A,Pos77B,Pos77C,Pos77D,Pos77E,Pos77F,Pos77G,Pos78,Pos78A,Pos78B,Pos78C,Pos78D,Pos78E,Pos78F,Pos78G,Pos78H,Pos79,Pos79A,Pos79B,Pos79C,Pos79D,Pos80,Pos80A,Pos80B,Pos80C,Pos81,Pos81A,Pos81B,Pos82,Pos82A,Pos82B,Pos82C,Pos82D,Pos82E,Pos82F,Pos82G,Pos82H,Pos83,Pos84,Pos84A,Pos85,Pos85A,Pos85B,Pos85C,Pos85D,Pos85E,Pos85F,Pos85G,Pos85H,Pos86,Pos86A,Pos87,Pos87A,Pos87B,Pos87C,Pos87D,Pos87E,Pos87F,Pos88,Pos88A,Pos88B,Pos88C,Pos88D,Pos88E,Pos89,Pos89A,Pos89B,Pos89C,Pos89D,Pos89E,Pos89F,Pos89G,Pos89H,Pos89I,Pos89J,Pos89K,Pos89L,Pos89M,Pos89N,Pos90,Pos91,Pos92,Pos93,Pos94,Pos95,Pos96,Pos97,Pos98,Pos99,Pos100,Pos100A,Pos100B,Pos100C,Pos100D,Pos100E,Pos100F,Pos100G,Pos100H,Pos100I,Pos100J,Pos100K,Pos100L,Pos100M,Pos100N,Pos100O,Pos100P,Pos100Q,Pos100R,Pos100S,Pos100T,Pos100U,Pos100V,Pos100W,Pos100X,Pos101,Pos102,Pos103,Pos104,Pos104A,Pos104B,Pos104C,Pos104D,Pos104E,Pos104F,Pos105,Pos105A,Pos105B,Pos105C,Pos105D,Pos105E,Pos105F,Pos106,Pos106A,Pos106B,Pos107,Pos107A,Pos108,Pos109,Pos110,Pos111,Pos112,Pos113
*,205417,9552,3319,2394,1870,1634,249889,1462,1364,1364,1458,1251,249979,249981,1073,249979,1006,249980,249981,249981,949,249954,249954,249961,624,619,505,458,249981,249981,439,403,353,249980,340,249904,249952,249978,7,9,19,49,111,137,167,174,219,381,2103,4157,12951,240717,244813,247596,248715,249316,249596,249827,249898,249955,249978,249980,249980,249981,249981,249981,249981,249981,12,249973,249979,249979,249979,249981,249981,249981,249981,249981,249981,249981,14,249964,249980,249981,249981,17,249940,249964,249966,249969,48,249943,249976,249979,249980,249980,249980,249981,53,249936,249967,249972,249974,249975,249978,89,249902,249954,249966,249973,249974,249980,249981,249981,81,249795,249947,249959,249972,249981,113,249819,249884,249889,249955,249966,249968,249974,249975,249975,154,248634,249231,249261,249924,249979,249981,249981,206,249749,249810,249869,249963,249976,249978,249980,249981,134,249910,249932,249952,249968,249979,249981,172,249935,249949,249957,249974,249981,249981,162,64,273,563,2773,52790,240322,243543,246526,248010,249023,249289,249773,249850,249906,249934,249973,249979,249979,249980,249980,36,26,3,1,0,210,69,249847,249920,249968,249971,249975,59,249870,249953,249970,249979,249980,53,249919,249951,249978,249978,58,249949,249952,249975,249976,75,249971,249971,249974,249981,41,249407,249795,249817,249820,249976,249977,249977,249980,249980,249980,249980,19,249980,249980,249980,249980,249980,249980,6,249981,3,249981,249981,6,249970,249970,249979,249981,249981,249981,249981,249981,249981,11,249926,249928,249945,249950,249955,249980,249981,249981,249981,20,249900,249908,249944,249962,249964,249981,249981,19,249882,249895,249924,249971,249980,249981,244,249904,249918,249945,249972,249974,249980,249980,249981,249981,871,249796,249848,249926,249943,249960,249964,249975,1437,249621,249864,249902,249925,249977,249980,249981,249981,842,249889,249928,249953,249958,249963,249968,249981,777,249692,249721,249906,249959,249969,249977,249980,249981,307,249690,249794,249950,249980,249981,249981,249981,81,249742,249751,249907,249981,249981,249981,249981,249981,56,249938,249950,249976,249981,17,249966,249966,249978,8,249981,249981,9,10,15,17,249978,249978,249981,249981,249981,9,9,249973,10,249979,249980,249980,249980,249980,249981,249981,249981,11,249981,10,249978,249980,249981,249981,249981,249981,11,249979,249981,249981,249981,249981,23,249929,249961,249961,249963,249963,249966,249969,249971,249973,249978,249979,249979,249980,249981,39,977,944,938,938,7944,9191,10009,20149,21844,25439,30393,35843,43696,53575,66030,79624,95857,118005,152188,177511,200772,217265,228503,235226,241623,243595,247579,248831,249508,249725,249901,249926,249963,249980,7621,6441,8635,8621,249768,249905,249912,249919,249921,249925,8617,249906,249930,249956,249960,249960,249960,8772,249978,249981,10039,249981,11788,11808,12115,12798,21862,73883
A,0,186,10,3,252,570,0,349,129,138,5021,1175,0,0,8456,2,205,0,0,0,62833,0,0,0,221,1755,2007,332,0,0,182,21,8791,0,9,0,5,0,137741,184019,3635,3368,4433,10449,5484,8133,6378,7062,98139,5132,35938,1456,554,394,286,45,136,20,23,1,0,0,0,0,0,0,0,0,15,0,0,2,1,0,0,0,0,0,0,0,2713,0,0,0,0,56,1,0,0,0,259,4,0,0,0,0,0,0,203859,14,1,0,1,0,1,2391,10,1,1,0,4,0,1,0,589,5,6,1,0,0,2189,15,4,23,0,1,1,0,0,0,7304,1,568,0,0,0,0,0,170,13,1,0,2,0,0,0,0,1538,7,2,1,0,0,0,12545,1,3,0,0,0,0,1344,109206,36257,1582,10349,12328,299,259,153,56,56,31,3,18,7,2,4,1,0,0,0,14711,8536,12947,10885,12696,4803,305,3,0,1,0,0,167914,2,1,1,0,0,6669,1,0,0,0,8803,0,1,0,0,11172,0,0,0,0,1153,7,7,5,13,0,0,0,0,0,0,0,1595,0,0,0,0,0,0,4,0,708,0,0,10968,0,0,0,0,0,1,0,0,0,2554,1,0,1,0,1,0,0,0,0,5545,1,11,0,12,0,0,0,1142,2,0,43,1,0,0,2364,1,7,2,1,0,1,0,0,0,2256,60,0,0,2,0,5,0,186667,35,3,43,4,1,0,0,0,2928,9,7,2,2,0,0,0,1382,42,132,2,1,0,0,0,0,7473,17,2,0,0,0,0,0,15712,1,0,68,1,0,0,0,0,2729,0,2,0,1,14,2,0,0,482,0,1,178,1074,2386,668,0,0,0,0,0,892,6802,0,2622,0,0,0,0,1,0,0,1,2380,0,4713,0,0,0,0,0,1,210623,1,0,0,0,0,1879,0,1,1,10,13,1,0,0,0,0,0,0,0,0,27,373,97,193302,145208,21921,13785,12506,11538,12525,11595,12905,17086,11906,11365,13098,15038,10763,6800,5021,3644,1981,2169,710,508,293,162,52,34,20,6,2,2,0,0,12572,7030,280,1638,27,0,3,1,0,0,315,0,3,0,0,0,0,287,0,0,3951,0,319,621,4424,952,5330,15229
C,0,1,1,1,1,0,0,64,43,14,90,21,0,0,14,0,3,0,0,0,8,0,0,0,20,23,112,11,0,0,23,4,78,0,246307,0,18,0,19,114,296,91,648,226,590,1456,1320,2824,20269,1145,1525,335,204,54,42,21,7,22,0,0,1,0,0,0,0,1,0,0,883,2,0,0,0,0,0,0,0,0,0,0,647,0,0,0,0,559,0,0,0,3,2,0,0,0,0,0,0,0,197,0,0,0,0,0,0,3,0,0,0,0,0,0,0,0,18,0,0,0,0,0,0,0,0,0,0,0,0,0,0,0,22,1,0,0,0,0,0,0,3342,1,0,0,0,0,0,0,0,5,0,0,0,0,0,0,777,0,0,0,0,0,0,57,257,109032,227,883,414,22,9,12,3,4,3,1,0,0,0,0,0,0,0,0,566,348,326,228,12,330,559,0,0,0,0,0,24,0,1,0,0,0,17,0,0,0,0,181,0,0,0,0,22,0,0,0,0,2,0,0,0,0,0,0,0,0,0,0,0,326,0,0,0,0,0,0,50,1,687,0,0,6,0,0,0,0,0,0,0,0,0,165,0,0,0,0,0,0,0,0,0,153,0,0,0,1,0,0,0,40,0,0,0,0,0,0,8,0,0,0,0,0,0,0,0,0,29,0,0,0,0,0,0,0,30,0,0,0,0,0,0,0,0,5,0,0,0,0,0,0,0,17,0,0,0,0,0,0,0,0,1,0,0,0,0,0,0,0,105,0,0,0,0,0,0,0,0,448,0,2,0,0,8,0,1,0,6,0,0,0,21,171,3,0,0,0,0,0,16,274,0,6,0,0,0,0,1,1,0,0,14,0,13,0,0,0,0,0,0,56,0,0,0,0,0,58,3,1,1,0,0,0,0,0,0,0,0,0,0,0,522,1687,235264,267,218,1158,3789,3081,10586,14303,17145,13646,19462,18220,11968,8141,5173,2953,4839,1163,858,427,240,459,45,35,39,10,36,2,1,1,0,0,0,748,1599,1070,1005,1,1,1,0,0,0,15,0,0,1,0,0,0,23,0,0,1,0,1,3,2,7,73,0
D,7348,0,1,1,4,346,0,8,21,5,6827,10,0,0,7,0,233,0,0,0,330,0,0,0,57,4113,50,0,0,0,29,6,175,0,2,3,0,0,781,1592,633,2607,9494,3555,4332,70982,25125,5025,11337,511,1601,176,66,63,46,33,0,0,0,0,0,0,0,0,0,0,0,0,0,0,0,0,0,0,0,0,0,1,0,0,492,0,0,0,0,2,0,0,0,0,94,1,0,2,1,0,0,0,868,1,2,3,0,0,1,65,2,0,1,0,0,0,0,0,701,1,2,1,0,0,348,8,1,0,4,6,0,0,0,0,5514,10,9,112,2,0,0,0,122,18,22,0,3,1,0,0,0,4332,9,1,0,0,0,0,463,0,5,0,0,0,0,260,63,11322,398,20319,3880,878,591,395,48,24,14,13,6,26,0,0,0,0,0,0,16185,41808,24362,12096,674,17678,2041,8,45,0,2,0,7483,39,2,7,1,0,207459,32,3,4,0,1625,10,2,5,0,538,0,8,0,0,849,4,0,0,2,0,0,0,1,0,0,0,7721,0,0,0,0,0,0,2,0,6,0,0,208,0,0,0,1,0,0,0,0,0,153,0,0,3,0,0,0,0,0,0,372,0,15,0,2,0,0,0,49,9,2,1,1,0,0,228470,14,12,21,2,5,0,1,0,0,15656,28,14,19,3,17,0,5,9175,43,8,9,1,0,0,0,0,3387,8,3,9,1,0,0,0,9972,9,4,5,0,1,0,0,0,24,1,6,0,0,0,0,0,83,0,0,0,0,0,0,0,0,7312,2,0,0,0,3,0,0,0,1241,0,0,2,24506,17423,1,0,0,0,0,0,789,1013,5,17558,1,0,0,0,0,0,0,0,241921,0,27,0,0,1,0,0,0,1665,2,1,1,0,0,1699,31,4,0,0,1,5,0,1,0,0,0,0,0,0,1588,1166,40,845,1650,60409,11483,12611,8375,12049,15172,10349,15615,12078,11544,10239,12950,12543,10515,9025,6302,3721,2299,1139,3361,1594,543,392,375,31,6,7,2,0,0,111122,7968,33,873,10,0,1,1,53,0,269,1,1,0,0,0,0,17,0,0,30,0,16,308,33,142,134,3
E,684,120,40,0,223,246423,0,22,159,323,674,1053,0,0,410,0,5004,0,0,0,154,0,0,0,431,16353,2,13,0,0,367,0,28,0,4,2,0,0,10199,189,254,7476,911,755,2251,15698,2940,1414,1627,437,351,44,63,9,3,1,0,0,0,0,0,0,0,0,0,0,0,0,1,0,0,0,0,0,0,0,1,0,1,0,10,0,0,0,0,1,0,0,0,0,1824,3,0,0,0,0,0,0,196,0,1,3,4,0,0,219,2,2,8,0,1,0,0,0,2033,2,10,2,2,0,4900,64,1,42,4,0,1,0,1,0,164854,117,61,595,52,0,0,0,128,71,53,12,2,0,1,1,0,232870,16,16,11,10,2,1,6015,14,7,8,1,0,0,188,519,1787,135,5806,3066,140,83,72,42,82,9,2,8,3,0,0,0,0,0,1,2192,4072,8294,2993,2487,4906,154,3,1,0,2,0,4849,4,0,0,0,0,12144,1,0,0,0,61,5,0,0,0,781,0,0,7,0,10966,81,8,0,47,0,0,0,1,0,0,0,483,0,0,0,0,0,0,5,0,0,0,0,26,0,2,0,0,0,0,0,0,0,5,0,0,3,0,0,0,0,0,0,120,0,12,0,0,0,0,0,990,11,0,0,1,0,0,3978,1,2,0,2,0,0,0,0,0,599,0,3,1,0,2,0,0,2039,31,3,0,0,0,0,0,0,13859,14,2,0,2,3,7,0,840,1,1,1,3,0,0,0,0,1072,0,0,0,0,0,0,0,849,0,0,1,0,0,0,0,0,463,0,0,1,0,2,0,1,0,16732,0,0,7,2107,633,20,0,0,0,0,0,18504,429,4,220841,0,0,0,0,0,0,0,0,2944,0,104,0,0,0,0,0,0,63,0,0,0,0,0,1006,2,0,0,1,2,2,1,1,0,1,0,0,0,0,55,119,11,2456,3378,18612,9594,9930,5055,4771,5140,6898,8142,7795,9421,8902,8984,14481,10939,8125,5388,3993,1858,1536,687,2327,244,100,46,107,17,5,11,1,0,18660,1290,644,65,0,1,0,0,0,0,4453,8,19,1,0,0,0,914,0,1,5,0,1255,35,3,2,4,7
F,0,78,0,215,6,1,0,166,0,1,24,1647,0,0,38,0,1,0,0,0,330,0,0,0,9,8,540,20,0,0,5,261,333,0,664,0,1,0,231,1754,1176,425,119823,3371,88805,1161,5949,14272,3113,1935,529,184,99,52,1,2,2,0,0,0,0,0,0,0,0,0,0,0,252,3,0,0,0,0,0,0,0,0,0,0,168480,1,0,0,0,54,0,0,0,0,9,0,0,0,0,0,0,0,370,1,0,0,0,0,0,10,0,0,0,0,0,0,0,0,4,0,0,0,0,0,37,0,0,0,0,0,0,0,0,0,18,1,2,0,0,0,0,0,1327,0,0,0,0,0,0,0,0,17,0,0,0,1,0,0,23314,0,0,0,0,0,0,899,176,3033,4160,1614,1801,34,146,46,25,1,9,37,1,2,1,0,0,0,0,0,2146,1417,1058,2761,527,7514,2797,1,0,0,0,0,342,0,1,0,0,0,152,0,0,0,0,7253,0,0,0,0,285,0,0,0,0,36,3,0,3,0,2,0,0,0,0,0,0,14,0,2,0,0,0,0,0,0,240861,0,0,705,0,1,0,0,0,0,0,0,0,962,3,1,25,0,25,0,0,0,0,1970,0,2,0,1,0,0,0,137,2,1,2,0,0,0,52,0,1,0,0,0,0,0,0,0,426,0,0,0,0,0,0,0,666,0,1,0,2,0,0,0,1,51,0,0,0,1,0,0,0,66,1,0,0,0,0,0,0,0,54,0,5,0,0,0,0,0,929,2,1,0,0,0,0,0,0,10296,0,1,0,0,222,0,0,0,34,0,0,56,90,82,82,0,0,0,0,0,721,4968,0,5,0,0,0,0,0,0,0,0,1,0,3,0,0,0,0,0,0,30,0,0,0,0,0,1143,0,0,0,0,0,0,0,0,0,0,0,0,0,0,912,14549,570,341,738,1622,7438,8045,7896,6869,5910,4863,4716,6316,8031,6222,8566,7137,6276,5716,5381,2757,2357,1388,804,526,234,197,50,67,74,12,6,10,0,1497,9263,1968,9,1,1,0,1,0,0,9,0,0,13,0,0,0,0,0,0,14,0,6,197,109,321,390,0
G,0,13228,0,3,351,526,44,108,247394,247332,232860,155,1,0,1237,0,75,0,0,0,399,0,1,0,247405,221221,44,10,0,0,1531,11,42,0,791,1,4,0,1736,7302,1484,214985,7591,3643,2512,18804,12615,4588,13623,7775,136145,2788,1735,747,304,221,130,47,31,21,1,0,1,0,0,0,0,1,1512,0,1,0,1,0,1,0,0,0,0,1,360,0,1,1,1,339,14,13,13,0,135,1,2,0,0,0,0,0,7841,5,5,0,1,0,0,108,24,0,1,1,0,0,0,0,243909,123,6,4,7,0,1412,5,14,5,13,4,1,0,6,0,48335,7,2,6,2,1,0,0,1420,10,13,6,0,1,1,0,0,4828,26,4,1,1,0,0,119179,5,5,14,7,0,1,2847,5150,15255,227,11307,12923,1688,1802,883,243,75,223,2,34,3,0,2,0,2,0,0,44389,146333,130327,10102,802,2703,80,38,1,0,0,0,8198,18,0,0,0,2,4893,2,1,0,1,348,0,0,0,0,3647,0,0,0,1,817,128,6,3,10,0,0,0,0,0,0,0,236849,0,0,0,0,0,0,469,0,37,0,0,138,0,0,0,0,0,0,0,0,0,375,0,0,0,0,0,0,0,0,0,273,3,4,0,1,0,0,0,3743,7,0,1,0,0,0,3550,4,9,2,3,1,0,0,0,0,2197,5,6,0,1,0,0,0,8572,13,12,1,2,1,1,0,0,2417,2,2,0,0,1,2,0,3608,5,4,5,0,0,0,0,0,143,4,2,1,0,0,0,0,3362,0,4,2,0,0,1,0,0,108,3,0,0,0,8,0,0,0,293,0,0,40,850,10386,34,0,0,0,0,0,1008,95,0,5174,0,0,2,0,0,0,0,0,1027,0,102,3,0,0,0,1,0,34641,0,0,0,1,0,1252,0,0,5,2,1,2,1,3,3,1,0,0,0,0,11,154,5351,6143,6870,33042,24672,41771,31664,29078,30445,23093,23401,18730,17851,14788,13913,14977,10965,7014,5659,3900,1972,2307,1094,484,272,203,122,25,21,1,2,0,0,29532,1868,2852,235124,64,3,4,0,5,3,492,10,2,0,0,22,1,239049,3,0,232,0,46,329,19,388,65,11
H,9715,0,192,75,0,2,0,0,0,0,25,13,0,0,4,0,3176,1,0,0,160,0,0,0,0,14,37,29,0,0,38,179,32,0,1,0,0,0,77,419,1940,136,2484,784,1686,4391,6648,9215,9141,256,1522,71,63,3,33,2,11,0,0,0,0,0,0,0,0,0,0,0,1,2,0,0,0,0,0,0,0,0,0,0,1216,0,0,0,0,1435,7,0,0,0,1651,0,0,0,0,0,0,0,101,0,0,0,0,0,0,84,0,0,0,0,1,0,0,0,16,0,0,0,0,0,189,0,0,0,0,0,0,0,0,0,188,34,0,1,0,0,0,0,1540,1,12,0,0,0,0,0,0,53,0,0,1,0,0,0,99,3,0,0,0,0,0,14,29,1794,419,3300,1978,64,120,12,25,0,12,3,0,0,0,0,0,0,0,0,1930,2488,2154,2834,197,8581,3291,3,0,1,0,0,758,1,0,1,0,0,1747,0,0,0,0,285,0,19,1,0,4,0,0,0,0,49,1,1,0,0,0,0,0,0,0,0,0,27,0,0,0,0,0,0,70,0,47,0,0,182,0,0,0,0,0,0,0,0,0,91,0,1,0,0,0,0,0,0,0,402,7,0,1,0,0,0,0,1466,1,2,0,2,0,0,825,3,0,0,1,0,0,0,0,0,3962,1,19,0,1,0,0,0,624,2,0,1,0,0,0,0,0,222,3,0,0,0,0,0,0,1909,2,4,1,0,2,1,0,0,41,1,7,0,0,0,0,0,199,0,1,0,0,0,0,0,0,4091,9,2,2,0,147,4,0,0,3684,0,0,1,3622,669,33,0,0,0,0,0,653,1402,0,45,0,0,0,0,0,0,0,0,274,1,32,0,0,0,0,0,0,20,0,0,0,0,0,1252,1,1,0,0,0,0,0,0,0,0,0,0,0,0,587,3308,8,1328,612,3000,4439,3350,3220,3223,2899,4181,4233,3066,3723,2460,2133,2373,1885,1132,943,752,431,418,227,47,19,23,4,12,0,21,0,1,0,4202,9677,199,109,5,0,1,0,0,0,1788,0,0,1,1,0,0,0,0,0,76,0,766,10,35,0,51,1
I,0,1,0,156,2,0,0,22,0,1,3,72,0,0,152,0,1,0,0,0,566,1,0,0,0,2,36,70,0,0,805,1239,37,0,0,2,0,0,3765,7366,238,408,5654,24456,5131,3356,16504,2087,9361,84166,2280,832,389,153,117,71,35,11,0,0,0,0,0,0,0,0,0,0,9,0,0,0,0,0,0,0,0,0,0,0,2661,1,0,0,0,51,0,1,0,0,2,2,0,0,0,0,0,0,1306,0,0,0,0,0,0,163,3,1,0,0,0,0,0,0,7,6,0,0,0,0,56,1,1,0,0,0,0,0,0,0,36,1,0,0,0,0,0,0,411,0,1,0,0,0,0,0,0,164,0,1,0,0,0,0,974,0,0,0,0,0,0,26168,419,2114,205451,5712,3587,520,200,67,131,15,11,13,2,2,0,0,0,1,0,0,4033,3459,2944,13780,15404,4108,1072,3,1,2,0,0,1835,6,7,1,0,0,134,1,0,0,0,102,0,0,0,0,974,0,0,0,0,162,6,0,1,1,3,0,0,0,0,0,0,1,0,0,0,2,0,0,4,0,716,0,0,4335,4,0,0,0,0,0,0,1,0,201635,0,6,4,3,0,1,1,0,1,249,1,0,1,3,0,1,0,1099,0,4,0,0,0,0,75,2,1,0,0,0,0,0,0,0,2655,9,1,1,0,0,0,0,898,1,0,2,0,0,0,0,0,311,0,0,0,0,0,0,0,529,10,10,2,4,0,0,0,0,4242,81,1,4,0,0,0,0,4725,0,0,0,0,0,0,0,0,755,0,0,0,0,283,0,1,0,115,0,0,7877,1153,794,151,0,0,0,0,0,1050,1317,0,13,0,0,0,0,0,0,0,0,9,0,161,0,0,0,0,0,0,1,0,0,0,0,0,14495,1,0,0,0,0,0,0,0,0,0,0,0,1,0,28,2711,12,512,3192,3130,5874,7302,10156,7092,5337,5599,4141,4134,5485,5605,2639,4267,2512,2413,1424,1224,411,191,136,49,62,22,2,7,5,2,1,0,0,1525,4098,65,3,0,0,0,0,0,0,44,0,0,0,0,0,0,0,0,0,6536,0,13,1295,3633,1297,0,3
K,0,0,195,0,1,141,0,13,15,3,59,183,0,0,15,0,1651,0,0,0,5,0,0,0,1,371,3,32,0,0,12284,1,0,0,0,0,0,0,2538,32,48,1047,1199,1164,585,2857,2568,1976,492,647,553,27,4,78,28,0,0,0,0,0,0,0,1,0,0,0,0,0,0,0,0,0,0,0,0,1,0,0,0,0,5,0,0,0,0,22,0,0,0,0,645,1,0,0,0,0,0,0,64,0,0,2,0,0,0,48,3,4,0,0,0,0,0,0,50,1,1,0,0,0,217819,20,1,12,0,0,4,0,0,7,3017,342,67,5,0,0,0,0,98,26,1,3,0,0,0,0,0,1485,1,3,0,0,0,0,1092,0,3,0,0,1,0,8,8,493,199,2074,3914,133,91,20,8,35,1,0,0,0,0,0,2,0,0,0,3633,642,1966,6532,7346,11327,62,1,3,0,0,0,1648,7,0,0,0,0,549,0,0,0,0,41,1,0,0,0,109,0,0,0,0,201935,64,2,0,0,1,0,1,0,0,0,1,481,0,0,0,0,0,0,11,0,0,0,0,165,0,0,0,0,0,0,1,0,0,43,0,1,0,0,0,1,0,0,0,15,9,0,1,0,0,0,0,16548,0,6,0,1,0,0,100,6,2,3,0,1,0,0,1,0,7326,3,14,3,2,1,0,0,122,126,12,1,0,0,0,0,0,198497,10,5,0,2,0,4,0,12866,8,2,35,0,1,0,0,0,1684,3,3,0,0,0,0,0,114,0,0,0,0,0,0,1,0,117,0,0,0,0,9,0,0,0,3749,0,0,822,6919,2133,16,0,0,0,0,0,184301,13,0,547,0,0,0,0,0,0,0,0,26,0,894,0,0,0,0,0,0,1,0,0,0,0,0,1224,0,0,0,0,0,0,0,0,0,0,1,0,0,0,11,86,1,1896,15438,6685,5348,3518,2896,2913,1762,3367,3235,2657,4259,2616,4481,1876,1384,1551,947,632,1619,361,351,126,24,79,4,4,1,0,0,0,0,3295,601,497,21,4,1,0,0,0,0,29062,0,0,0,0,0,0,4,0,0,114,0,1728,0,17,0,0,0
L,11,71676,115,246355,211,0,0,85,3,3,15,185828,0,0,348,0,925,0,0,1,412,5,21,0,15,7,100,242596,0,1,284,242806,133,0,84,1,0,0,5869,1293,389,658,13348,7142,82425,1574,4361,4839,1733,11120,763,388,115,96,49,47,3,13,1,0,0,0,0,0,0,0,1,0,682,2,0,1,1,0,0,0,0,0,0,0,3638,1,0,0,0,869,4,0,0,0,3523,1,2,0,0,0,0,1,638,7,0,0,1,0,0,1491,6,0,0,1,0,0,0,0,44,1,0,0,0,0,483,3,0,0,0,0,0,0,0,0,485,2,5,0,0,0,0,0,36519,6,1,1,0,0,0,0,0,177,0,0,0,0,0,0,23602,4,0,0,0,0,0,10602,2651,2133,11737,1400,2971,362,94,85,37,19,85,3,4,19,0,1,0,0,2,0,2615,1826,2283,4869,2754,3554,4895,27,7,0,0,0,5067,7,0,0,0,0,163,1,1,0,0,505,0,0,0,0,3703,0,2,0,0,851,3,1,8,0,0,0,0,0,0,0,0,16,0,0,0,0,0,0,379,0,1983,0,0,185,1,0,1,0,0,0,0,0,0,3459,0,27,0,0,0,0,0,0,0,318,31,0,0,0,0,0,0,4821,1,7,0,0,0,0,474,2,1,1,0,0,0,0,0,1,620,0,0,1,0,1,0,0,4178,0,4,1,1,0,0,0,0,933,9,1,6,1,2,0,0,233,7,7,0,2,1,0,0,0,1282,21,0,2,0,0,0,0,51006,1,62,1,0,0,0,0,0,1345,20,4,1,0,243018,1,3,1,2611,1,0,11317,239,191,238548,0,3,0,0,1,639,3801,0,43,0,0,0,1,0,0,0,0,2,0,34,0,0,0,0,0,0,11,0,0,0,0,0,17338,0,0,0,0,0,0,1,1,0,0,0,1,0,0,45,1308,153,900,4864,5464,17601,12535,14828,16098,11769,14591,10478,18210,15147,21643,11482,7284,6562,4569,5648,2003,1385,941,1665,267,157,155,38,48,5,0,0,1,0,3193,3922,1806,7,0,1,1,0,0,0,1161,0,0,0,0,0,0,2,0,0,154,0,25692,248,64,64,19,10
M,1,136,0,68,246,0,0,19,0,0,4,913,0,0,443,0,32,0,0,0,4,0,0,0,0,68,2,515,0,0,230,14,4,0,0,0,0,0,82,346,43,93,575,2590,2469,833,3165,1857,1881,101382,1787,919,535,272,84,68,31,27,20,2,0,1,0,1,0,0,0,0,5,0,0,0,0,0,0,0,0,0,0,0,20,0,0,0,0,1,0,0,0,0,25,0,0,0,0,0,0,0,18,0,0,0,0,0,0,9,0,1,0,0,0,0,0,0,37,1,0,0,0,0,1422,0,0,0,0,2,0,0,0,0,166,0,11,0,0,0,0,0,46,0,0,0,0,0,0,0,0,67,1,0,0,0,0,0,1311,0,0,0,0,0,0,622,28,443,5275,1392,1320,74,8,33,4,3,3,3,0,0,0,0,0,0,0,0,997,361,663,3257,959,1722,399,0,0,0,0,0,213,2,0,0,0,0,48,0,2,0,0,2,0,0,0,0,5021,0,0,0,0,1617,15,2,64,1,0,0,0,0,0,0,0,0,0,0,0,0,0,0,3,0,21,0,0,62,0,0,0,0,0,0,0,0,0,3547,0,8,0,0,0,0,0,0,0,1,1,0,0,0,0,0,0,434,0,0,0,0,0,0,11,3,0,1,0,0,0,0,0,0,463,3,1,0,0,0,0,0,47,0,36,0,0,0,0,0,0,873,4,1,1,0,0,0,1,293,117,0,1,0,0,1,0,0,16652,0,82,8,0,0,0,0,7802,4,3,0,0,0,0,0,0,72,2,1,0,0,890,0,0,0,227,0,0,224324,99,692,1309,0,1,0,0,0,444,47,0,31,0,0,0,0,0,0,0,0,0,0,1112,0,0,0,0,0,0,0,0,0,0,0,0,28691,0,0,0,0,0,0,1,0,0,0,0,0,0,0,2,129,1,389,608,1479,3057,2105,2880,2349,3077,4115,3389,5957,5610,3923,4793,5017,5096,3386,2047,3025,1757,835,814,307,303,147,107,31,6,0,1,1,0,714,243,162,4,0,1,0,0,0,0,47,0,0,0,0,0,0,0,0,0,86,0,188,2,25,4,0,0
N,0,0,1,0,0,0,0,5,0,0,1139,14,0,0,0,0,241,0,0,0,160,0,0,0,5,507,112,1,0,0,3811,0,71,0,0,0,0,4,184,242,591,338,4742,6243,1824,12982,21877,19564,4480,887,5873,114,103,77,23,3,3,1,1,0,1,0,0,0,0,0,0,0,0,0,0,0,0,0,0,0,0,0,0,0,189,0,0,0,0,3,0,0,0,0,14,0,0,0,0,0,0,0,211,0,1,1,0,0,0,14,2,11,0,0,0,0,0,0,67,2,0,0,0,0,4022,4,0,4,0,0,0,0,0,0,500,16,3,0,0,0,0,0,163,17,1,0,0,1,0,0,0,92,0,0,0,0,0,0,65,0,0,0,0,0,0,40,68,1454,606,25445,15216,496,154,81,100,44,70,4,1,1,0,0,0,0,0,0,14450,4579,5136,22235,551,52642,1310,1,0,0,0,0,565,0,0,0,0,0,6805,1,0,0,0,300,13,5,0,0,14,2,0,0,0,2411,1,0,0,0,0,0,0,0,0,0,0,319,0,0,0,0,0,0,2,0,11,0,0,1875,1,0,0,0,0,0,0,0,0,973,0,0,0,4,0,0,0,0,0,141,0,1,15,0,1,0,0,425,2,53,0,0,1,0,7185,5,1,1,0,0,0,0,0,0,186111,12,45,9,14,1,10,0,4826,58,15,8,40,1,0,1,0,7748,20,9,4,7,0,1,0,198484,5,44,6,1,0,0,1,0,300,0,0,0,0,0,0,0,93,2,0,0,0,1,0,0,1,2750,0,0,0,0,1,0,0,0,206,0,0,48,185777,44312,1,1,0,1,0,0,8005,149,0,723,0,0,0,0,0,0,0,0,560,0,237,0,0,0,1,0,0,86,0,0,0,0,1,2123,4,0,0,0,0,0,0,0,0,1,0,1,0,0,421,524,31,14522,1745,4220,4065,5473,4076,6823,7850,9810,4176,4525,3790,5884,5381,5442,2650,2338,1498,785,751,224,269,145,85,26,18,2,3,2,0,1,0,16535,9340,26,63,1,0,1,0,0,0,1065,0,0,0,0,0,0,1,0,0,838,0,25,0,2915,0,17,49
P,0,0,425,349,0,1,0,246,2,372,2,1131,0,0,14,0,1894,0,0,0,167383,0,0,0,5,15,1059,765,0,0,160,1442,1358,0,12,3,0,0,713,2193,7061,1173,2310,11497,2546,1595,2208,961,5629,114,356,17,9,4,9,3,1,0,1,0,0,0,0,0,0,0,0,0,7,0,1,0,0,1,0,0,0,0,0,0,50,0,0,0,0,402,0,1,3,0,2160,4,1,0,0,1,1,0,6297,8,0,0,0,1,0,239791,0,5,2,1,0,1,0,1,54,5,2,7,0,1,212,28,29,3,0,1,0,2,0,0,445,603,3,0,1,1,1,0,4643,3,10,0,0,1,1,0,0,22,1,10,1,2,0,0,1756,7,6,3,0,0,0,86,1008,129,58,1884,9949,90,385,93,85,83,7,14,0,0,0,0,0,0,0,0,2634,1102,835,1938,7910,473,436,11,0,0,0,0,3786,5,1,0,0,0,3002,1,0,0,0,7254,0,1,0,1,51,0,0,0,0,102,75,84,1,1,0,0,0,0,0,0,0,16,0,0,0,0,0,2,328,0,27,0,0,3463,0,0,0,0,0,0,0,0,0,145,6,0,0,0,0,0,0,0,0,8790,1,1,1,0,2,0,0,226,3,0,3,0,0,0,80,3,4,0,0,1,0,0,0,0,524,4,1,0,0,0,0,0,3239,3,0,0,0,0,0,0,0,252,0,1,0,0,1,0,0,309,36,8,1,1,0,1,0,0,3692,5,1,0,1,0,0,0,594,0,5,0,0,0,0,0,0,185,1,0,0,0,2021,0,2,1,730,0,0,32,161,198,2341,0,0,0,0,0,182,201577,0,23,0,0,0,0,0,0,0,0,20,0,4319,0,0,0,0,0,0,495,0,0,0,0,0,217,0,0,0,2,0,2,3,1,0,0,1,0,1,0,5,194,15,662,3838,13073,27944,14782,17498,9440,10227,13346,13303,10641,14633,10990,8441,7847,6767,4862,3387,1863,1437,585,418,132,173,46,38,6,2,1,0,0,0,3815,3160,328,48,5,2,0,53,0,0,4115,1,23,3,0,0,0,37,0,0,1295,0,16212,3,1319,5,788,5630
Q,26772,46,245550,47,5,69,0,4,2,1,28,464,2,0,66,0,228944,1,0,0,187,1,0,0,0,692,9,279,0,0,377,6,51,0,0,0,0,0,2480,130,118,1608,391,482,1657,3607,2093,938,926,124,178,30,13,6,0,1,0,0,0,0,0,0,0,0,0,0,0,0,1,0,0,0,0,0,0,0,0,0,0,0,11,0,0,0,0,125,0,0,0,0,232159,5,0,1,1,0,1,0,26,4,1,1,0,1,0,1048,2,0,0,0,0,1,0,0,196,7,0,0,0,0,7307,6,2,0,5,0,0,0,0,0,15565,18,1,1,0,0,0,0,408,7,3,0,0,0,0,0,0,1378,0,3,0,0,0,0,701,1,0,0,0,0,0,6,219,932,191,504,716,69,18,31,13,18,0,1,1,0,2,0,0,0,0,0,839,620,1512,1794,2787,1525,378,0,0,0,0,0,779,0,0,0,0,0,459,0,0,0,0,37,0,1,0,0,26,0,0,0,0,5737,4,1,0,4,0,0,0,0,0,0,0,1,0,0,0,0,0,0,760,0,0,0,0,12,0,0,0,0,0,0,0,0,0,8,0,5,0,0,0,0,0,0,0,25,10,0,0,0,0,0,0,11788,0,3,1,1,1,0,40,0,2,1,1,0,1,0,0,0,203,0,3,0,0,0,0,0,57,4,4,1,0,1,0,0,0,3938,0,1,0,0,1,0,0,517,0,2,0,0,2,0,0,0,868,1,0,0,0,0,0,0,348,1,0,0,0,0,0,0,0,223,1,1,0,0,620,2,0,0,212995,0,0,48,178,235,693,1,0,0,0,0,9844,185,0,696,0,0,0,0,0,0,0,0,9,0,200,0,0,0,0,0,0,2,0,0,0,0,0,346,0,0,0,0,0,1,0,0,1,0,0,0,0,0,18,322,3,453,1624,4034,10242,7663,3383,5208,5290,4688,4508,3388,3317,3744,4389,3610,2292,1347,1100,1263,504,4019,156,98,35,12,6,1,1,0,0,0,0,2292,957,447,7,8,0,0,0,0,0,184896,7,0,0,1,0,0,30,0,0,29,1,187637,1,13,1,5,112
R,0,15,133,118,6,14,0,36,207,244,555,273,0,0,20,0,5894,0,0,0,381,0,6,21,325,2015,169,3390,1,0,203975,338,223,1,616,0,2,0,1768,465,721,9639,19467,5405,4799,11454,19749,4108,3511,1279,5618,115,42,14,14,1,1,0,0,0,0,0,0,0,0,0,0,0,814,0,1,0,0,0,0,0,0,0,0,0,53,13,0,0,0,245722,16,1,0,0,6550,6,1,0,0,1,0,0,1530,2,1,0,1,3,0,561,10,1,0,6,0,0,0,0,1034,5,1,4,1,0,6958,2,40,1,0,0,0,0,0,0,1222,141,4,1,1,0,0,0,196883,40,39,88,9,1,0,1,1,437,11,9,8,0,1,0,5626,10,2,0,0,0,0,215,71,7442,811,8367,20970,550,154,166,95,56,8,10,3,2,2,0,0,0,0,1,15131,4541,11588,22403,3842,7265,174,1,1,0,0,0,4109,1,0,0,0,0,869,0,0,0,0,197,0,0,0,0,153,0,0,0,0,19722,71,12,3,0,0,0,2,0,0,0,0,393,2,0,0,0,0,0,247745,0,14,0,0,1109,0,1,2,0,0,0,0,0,0,92,0,2,0,0,0,0,0,0,0,231,4,0,1,0,0,0,0,193640,0,1,1,2,0,1,84,16,6,1,0,0,0,1,0,0,3467,12,15,1,9,0,2,0,1183,12,6,5,0,0,0,0,0,9190,7,1,0,0,2,0,0,3137,4,1,1,2,2,0,0,1,1632,2,1,0,1,0,0,0,371,0,1,0,0,0,0,0,0,533,0,7,0,0,1897,0,6,1,5038,0,0,2552,1817,11347,2538,0,0,0,0,0,11904,997,0,449,0,0,0,0,0,0,0,0,18,0,387,0,1,0,0,0,0,72,0,0,0,0,0,2694,0,0,3,0,0,2,2,2,0,0,1,1,0,0,3,1056,952,841,14716,18457,27398,23539,16699,16947,13750,13486,12221,14208,12258,11884,10368,9025,6949,4102,4252,2206,1366,575,271,167,136,124,18,15,7,1,1,0,0,7172,2365,11806,325,75,55,54,1,2,0,12486,3,2,0,20,0,20,467,1,0,85,0,2678,1,32,9,5,11
S,0,10,0,69,0,56,47,219887,20,25,589,46583,0,1,27,0,142,0,0,0,7987,0,0,0,376,1299,243416,68,0,0,3326,77,232848,0,257,0,0,0,11222,3384,226866,1824,26612,32661,14606,76171,42054,15110,13182,1104,26455,283,510,102,98,36,5,4,3,2,0,0,0,0,0,0,0,0,152,0,0,0,0,0,0,0,0,0,0,0,1299,0,0,0,0,222,0,2,0,0,93,5,0,0,0,0,0,0,3015,0,0,0,0,0,2,2741,7,2,1,0,0,0,0,0,135,18,2,3,0,0,712,1,4,0,0,0,7,6,0,0,611,34,1,0,0,1,0,0,716,2,0,0,0,0,1,0,0,280,0,0,2,0,0,0,864,0,2,0,0,0,0,379,126629,22657,3255,102700,61388,3261,1737,891,805,275,78,57,16,6,39,0,0,0,0,0,95363,16708,22724,81421,6986,16513,4876,10,1,2,0,0,16464,5,8,0,0,0,1701,19,0,0,0,219329,2,0,0,5,246,2,0,1,0,720,23,58,2,72,0,3,2,0,2,0,0,1138,0,0,0,0,2,0,76,0,1570,0,0,6395,0,2,0,0,1,0,0,0,0,1525,45,2,0,1,0,0,0,0,0,223709,8,20,17,0,3,0,1,7149,9,7,2,2,0,0,692,13,0,4,0,0,0,0,0,0,12890,1,6,18,1,0,1,2,5608,3,1,0,0,0,1,0,0,743,2,10,2,0,6,0,0,9135,5,1,1,4,0,0,0,0,4070,12,7,3,0,0,0,1,495,0,0,1,0,0,0,0,0,6210,0,1,0,0,52,1,0,1,240,0,0,186,10769,152368,109,2,0,0,1,0,2990,14172,0,336,1,1,0,0,0,0,0,0,29,0,8171,0,0,0,0,0,0,970,0,0,0,0,0,510,9,7,3,2,2,0,2,2,0,0,0,0,0,0,1061,9391,1248,4430,6896,13404,24256,21889,25536,23691,23223,23831,20687,18959,14957,13956,15178,10591,8141,7683,3140,2891,3783,778,315,318,153,90,12,29,13,3,2,0,0,8526,29722,1305,1332,6,6,1,1,1,2,377,19,2,0,0,0,0,59,0,0,1274,0,308,16,1483,123,220181,153787
T,0,0,0,2,2,19,2,27338,2,2,343,1473,0,0,80,1,497,0,1,0,5517,21,0,0,9,369,1615,120,0,0,21731,31,5181,0,0,1,0,0,26759,12047,3254,1832,4865,128312,2592,6994,16113,5242,19956,2815,9098,322,213,75,20,20,7,3,0,0,1,0,0,0,0,0,0,0,3,0,0,0,0,0,0,0,0,0,0,0,84,0,0,0,0,3,0,0,0,0,363,4,0,0,0,0,0,0,6748,1,0,0,0,1,0,895,3,0,0,0,1,0,0,0,155,6,1,0,0,0,1577,0,1,0,0,0,0,0,0,0,309,1,1,0,0,0,0,0,75,2,1,1,0,0,0,0,0,267,0,0,5,0,0,0,405,0,0,0,0,0,0,317,1652,20090,3074,29473,19336,500,254,134,197,98,32,21,30,3,0,0,0,0,0,0,17804,5947,11989,34138,180604,20568,609,4,2,7,7,7,11704,1,3,2,2,0,1071,0,0,0,0,2209,0,1,0,0,543,0,0,0,0,2250,8,1,0,6,0,0,0,0,0,0,1,65,0,0,2,0,0,0,11,0,421,1,0,216750,1,6,0,0,0,0,0,0,1,6295,0,1,1,0,1,0,0,1,0,5254,1,1,0,0,0,0,0,3562,0,0,2,0,0,0,263,0,12,0,0,0,0,0,0,0,5595,25,5,0,1,0,0,0,10845,28,9,3,4,0,0,0,0,3022,3,9,2,3,2,0,0,5062,34,4,6,3,0,1,0,0,203485,5,51,14,0,0,1,0,872,91,66,0,0,0,0,0,0,3973,1,0,1,0,45,1,0,0,385,0,0,1152,9278,4974,91,0,0,0,0,0,6984,8980,0,192,0,1,0,0,0,0,0,0,48,0,229410,1,0,0,0,0,0,610,0,0,0,0,0,9063,0,4,0,2,0,1,2,0,3,0,0,0,0,0,16,3427,36,7844,22473,13599,11609,15232,11332,14394,15631,13044,12451,10586,9971,8258,9590,7843,4359,4212,1997,1416,762,395,182,139,371,40,21,13,4,0,0,1,0,7821,5493,331,409,0,2,1,0,0,0,456,0,0,0,0,0,0,10,0,0,224862,0,318,16,223134,7,702,1233
V,34,154925,0,116,246795,171,0,9,307,144,253,5435,0,0,237558,0,17,0,0,0,2145,0,0,0,184,377,38,1196,0,0,244,3136,104,0,89,65,0,0,40221,25726,594,1847,7656,2715,8519,2543,4442,4410,11240,22297,1714,331,171,46,37,38,5,5,2,0,0,0,0,0,0,0,0,0,50,0,0,0,0,0,0,0,0,0,0,0,39411,0,1,0,0,20,0,0,0,0,79,2,0,0,0,0,0,0,16312,3,2,0,0,0,0,224,3,0,2,0,1,0,0,0,221,1,2,0,0,0,127,4,0,3,0,2,0,0,0,0,1009,0,11,0,0,0,0,0,1382,6,13,2,0,1,0,0,0,1766,0,0,0,0,0,0,4519,1,0,0,0,0,0,205741,1563,7273,11122,2141,4376,241,205,133,22,46,9,5,1,1,1,2,0,0,0,0,4487,2624,5989,9678,3039,5819,2275,5,0,0,0,0,13964,13,4,0,0,0,1199,3,24,0,3,390,2,0,1,0,222413,0,1,0,0,427,81,1,7,5,0,0,0,0,0,2,0,462,0,0,0,0,0,0,5,0,2223,0,1,3283,5,0,0,0,0,0,0,0,0,27903,0,0,0,24,0,0,0,0,0,521,5,7,1,0,12,0,0,2319,53,0,2,0,0,0,1085,3,4,0,0,0,0,0,0,0,1316,18,0,2,5,0,0,0,9296,1,4,5,2,1,0,0,0,491,1,0,3,0,1,0,0,168,4,34,0,1,1,0,0,0,2752,137,5,0,0,1,0,0,161661,7,88,2,0,0,0,0,0,1486,5,2,0,0,641,1,1,0,214,0,0,1309,381,402,3247,0,0,0,0,0,391,3425,0,553,1,0,0,1,0,0,0,0,327,0,39,0,1,0,0,0,0,575,0,0,0,0,0,164838,0,1,0,0,0,0,0,0,0,0,0,0,0,1,19,1233,186,10378,13960,12765,11688,11702,12488,11201,10745,12625,10244,10902,9576,8277,8488,5791,5492,2893,1859,1554,2282,449,211,239,61,35,20,4,6,1,0,1,0,4174,10343,782,193,3,1,0,1,0,0,256,5,0,0,0,0,0,143,0,0,354,0,950,235088,592,233859,43,1
W,0,8,0,10,7,6,0,30,314,10,10,1746,0,0,20,0,7,0,0,0,8,0,0,0,294,131,7,77,0,0,132,1,2,1,594,0,0,0,15,45,20,118,651,131,3876,510,1173,2274,4321,569,534,435,16,5,0,16,0,0,0,0,0,0,0,0,0,0,0,0,245284,0,0,0,0,0,0,0,0,0,0,0,860,0,0,0,0,28,0,0,0,10,316,0,0,0,0,0,0,0,4,0,1,0,0,0,0,25,3,0,0,0,0,0,0,0,623,2,1,1,0,0,33,1,0,0,1,0,0,0,0,0,122,18,2,0,0,0,0,0,52,9,1,0,0,0,0,0,0,53,0,0,0,0,0,0,45781,0,0,0,0,0,0,13,68,3016,111,997,15082,95,39,95,12,3,16,0,2,1,0,0,0,0,0,0,1736,262,333,558,114,5108,371,1,0,0,0,0,72,0,0,0,0,0,44,1,0,0,0,95,0,0,0,0,140,0,0,0,0,118,0,3,68,0,0,0,0,0,0,0,0,8,0,0,0,0,0,0,45,0,22,0,0,3,0,0,0,0,0,0,0,0,0,6,1,0,0,0,0,0,0,0,0,124,0,0,0,0,0,0,0,187,0,0,0,0,0,0,3,0,0,0,0,0,0,0,0,0,7,0,1,0,0,0,0,0,56,1,0,0,0,0,0,0,0,109,0,0,0,0,0,0,0,4,0,0,0,0,0,0,0,0,131,0,0,0,0,0,0,0,501,1,0,0,0,0,0,0,0,2116,0,0,0,0,81,0,0,0,43,0,0,22,7,82,76,0,0,0,0,0,3,18,0,68,0,0,0,0,0,0,1,0,0,0,2,0,0,0,0,0,0,3,0,0,0,0,0,70,0,0,8,0,0,0,0,0,1,1,0,0,0,0,46,617,4286,146,216,2251,6949,8545,8917,9087,9060,9525,8724,7188,5213,5525,3539,2795,2074,2753,1304,3236,376,341,158,78,23,56,5,3,2,0,0,0,0,1448,1455,215089,107,1,1,0,2,0,0,48,0,0,0,0,0,1,166,0,0,2,0,18,0,0,2,1,7
Y,0,0,0,0,0,3,0,109,0,0,3,542,0,0,0,0,34,0,0,0,64,0,0,0,1,23,119,0,0,0,9,6,138,0,212,0,0,0,3575,1315,602,260,17017,4264,13126,4707,52481,141835,13918,2130,4211,398,265,136,73,37,9,2,2,1,0,1,0,0,1,0,0,0,299,0,0,0,0,0,0,0,0,0,0,0,27769,2,0,0,0,51,0,0,0,0,31,0,0,0,0,0,0,0,328,0,0,0,0,1,0,3,0,0,0,0,0,0,0,0,8,1,1,0,0,0,66,1,0,0,0,0,0,0,0,0,106,1,0,0,0,0,0,1,331,1,0,0,3,0,0,0,0,17,0,1,0,0,0,0,722,1,0,0,0,0,0,14,134,3053,381,11542,1977,144,90,54,21,22,72,17,5,0,1,0,0,0,0,0,4105,2283,2549,5479,291,72633,223829,15,0,1,0,0,149,1,1,0,0,0,804,0,0,0,0,907,0,0,0,0,65,7,0,0,0,17,0,0,0,0,0,2,0,0,0,0,0,48,0,0,0,0,0,0,7,0,625,0,0,106,0,0,0,0,0,0,0,0,0,35,0,0,0,0,0,0,0,0,0,1749,0,0,0,0,0,0,0,198,0,1,0,0,0,0,399,2,0,0,0,0,0,0,0,0,2809,5,0,1,0,0,0,0,417,0,0,0,1,0,0,0,0,164,1,2,0,5,0,0,0,674,0,3,9,1,3,1,1,0,77,2,15,0,0,0,0,0,80,130,0,0,0,0,0,0,0,204714,0,9,1,0,3,4,1,0,949,0,0,0,924,489,4,0,0,0,0,0,653,309,0,47,0,0,0,0,0,0,0,0,362,0,12,0,0,0,0,0,0,47,0,0,0,0,0,61,2,2,0,0,0,0,0,0,1,0,0,0,0,0,244566,206651,773,1389,800,3713,9560,14394,20810,20077,18516,15627,13927,16820,18288,17797,14832,17510,25480,18489,15693,9581,4958,3828,3084,988,3291,594,195,47,77,22,28,2,2,3518,133147,1657,19,3,1,2,2,0,52,11,22,0,7,0,0,0,1,0,0,5,0,18,1,15,1,312,5